season,round,race_date,circuit_id,driver_code,constructor_id,is_sprint_weekend,quali_position,track_n,grid,team,sprint,driver_form,track,champ,teammate,finish_position,status,classified,label,p_a1
2015,1,2015-03-15,albert_park,HAM,mercedes,0,1,3,1.0,0.0,0.0,1.0,0.36069706,0.0,0.5,1,Finished,1,1,0.36937998
2015,1,2015-03-15,albert_park,ROS,mercedes,0,2,3,0.77880078,0.0,0.0,1.0,0.58594109,0.0,0.5,2,Finished,1,0,0.20587522
2015,1,2015-03-15,albert_park,MAS,williams,0,3,3,0.60653066,0.0,0.0,1.0,0.21328365,0.0,0.5,4,Finished,1,0,0.08481977
2015,1,2015-03-15,albert_park,VET,ferrari,0,4,3,0.47236655,0.0,0.0,1.0,0.48777797,0.0,0.5,3,Finished,1,0,0.06632223
2015,1,2015-03-15,albert_park,RAI,ferrari,0,5,3,0.36787944,0.0,0.0,1.0,0.63945504,0.0,0.5,12,Wheel,0,0,0.05214603
2015,1,2015-03-15,albert_park,BOT,williams,0,6,2,0.2865048,0.0,0.0,1.0,0.40912014,0.0,0.5,18,Withdrew,0,0,0.03286567
2015,1,2015-03-15,albert_park,RIC,red_bull,0,7,3,0.22313016,0.0,0.0,1.0,0.05604476,0.0,0.5,6,+1 Lap,1,0,0.02000889
2015,1,2015-03-15,albert_park,SAI,toro_rosso,0,8,0,0.17377394,0.0,0.0,1.0,0.5,0.0,0.5,9,+1 Lap,1,0,0.02394341
2015,1,2015-03-15,albert_park,GRO,lotus_f1,0,9,3,0.13533528,0.0,0.0,1.0,0.0642398,0.0,0.5,14,Power loss,0,0,0.0148832
2015,1,2015-03-15,albert_park,MAL,lotus_f1,0,10,3,0.10539922,0.0,0.0,1.0,0.0,0.0,0.5,15,Accident,0,0,0.01276297
2015,1,2015-03-15,albert_park,NAS,sauber,0,11,0,0.082085,0.0,0.0,1.0,0.5,0.0,0.5,5,Finished,1,0,0.01745952
2015,1,2015-03-15,albert_park,VER,toro_rosso,0,12,0,0.06392786,0.0,0.0,1.0,0.5,0.0,0.5,13,Engine,0,0,0.01640106
2015,1,2015-03-15,albert_park,KVY,red_bull,0,13,1,0.04978707,0.0,0.0,1.0,0.39863879,0.0,0.5,16,Withdrew,0,0,0.01442324
2015,1,2015-03-15,albert_park,HUL,force_india,0,14,3,0.03877421,0.0,0.0,1.0,0.20424044,0.0,0.5,7,+1 Lap,1,0,0.01191577
2015,1,2015-03-15,albert_park,PER,force_india,0,15,3,0.03019738,0.0,0.0,1.0,0.21281948,0.0,0.5,10,+1 Lap,1,0,0.01164732
2015,1,2015-03-15,albert_park,ERI,sauber,0,16,1,0.02351775,0.0,0.0,1.0,0.3,0.0,0.5,8,+1 Lap,1,0,0.01219107
2015,1,2015-03-15,albert_park,BUT,mclaren,0,17,3,0.01831564,0.0,0.0,1.0,0.72820455,0.0,0.5,11,+2 Laps,1,0,0.01677521
2015,1,2015-03-15,albert_park,MAG,mclaren,0,18,1,0.01426423,0.0,0.0,1.0,0.7,0.0,0.5,17,Withdrew,0,0,0.01617947
2015,2,2015-03-29,sepang,HAM,mercedes,0,1,3,1.0,1.0,0.0,1.0,1.0,1.0,0.5,2,Finished,1,0,0.80204269
2015,2,2015-03-29,sepang,VET,ferrari,0,2,3,0.77880078,0.34883721,0.0,0.67032005,0.79694103,0.6,0.5,1,Finished,1,1,0.06232796
2015,2,2015-03-29,sepang,ROS,mercedes,0,3,3,0.60653066,1.0,0.0,0.81873075,0.69179168,0.72,0.5,3,Finished,1,0,0.10697674
2015,2,2015-03-29,sepang,RIC,red_bull,0,4,3,0.47236655,0.18604651,0.0,0.36787944,0.03070387,0.32,0.5,10,+1 Lap,1,0,0.00539553
2015,2,2015-03-29,sepang,KVY,red_bull,0,5,1,0.36787944,0.18604651,0.0,0.0,0.38061644,0.0,0.5,9,+1 Lap,1,0,0.00258829
2015,2,2015-03-29,sepang,VER,toro_rosso,0,6,0,0.2865048,0.04651163,0.0,0.0,0.5,0.0,0.5,7,Finished,1,0,0.00174845
2015,2,2015-03-29,sepang,MAS,williams,0,7,3,0.22313016,0.27906977,0.0,0.54881164,0.35808869,0.48,0.5,6,Finished,1,0,0.00468328
2015,2,2015-03-29,sepang,GRO,lotus_f1,0,8,3,0.17377394,0.0,0.0,0.0,0.21772022,0.0,0.5,11,+1 Lap,1,0,0.00088653
2015,2,2015-03-29,sepang,BOT,williams,0,9,2,0.13533528,0.27906977,0.0,0.0,0.33412364,0.0,0.5,5,Finished,1,0,0.00128499
2015,2,2015-03-29,sepang,ERI,sauber,0,10,1,0.10539922,0.3255814,0.0,0.24659696,0.3362233,0.16,0.5,19,Spun off,0,0,0.00184201
2015,2,2015-03-29,sepang,RAI,ferrari,0,11,3,0.082085,0.34883721,0.0,0.0,0.30276458,0.0,0.5,4,Finished,1,0,0.00115678
2015,2,2015-03-29,sepang,MAL,lotus_f1,0,12,3,0.06392786,0.0,0.0,0.0,0.0,0.0,0.5,16,Retired,0,0,0.00051161
2015,2,2015-03-29,sepang,HUL,force_india,0,13,3,0.04978707,0.1627907,0.0,0.30119421,0.40063261,0.24,0.5,14,+1 Lap,1,0,0.00142163
2015,2,2015-03-29,sepang,PER,force_india,0,14,3,0.03877421,0.1627907,0.0,0.16529889,0.30519719,0.04,0.5,13,+1 Lap,1,0,0.00093629
2015,2,2015-03-29,sepang,SAI,toro_rosso,0,15,0,0.03019738,0.04651163,0.0,0.20189652,0.5,0.08,0.5,8,+1 Lap,1,0,0.00095835
2015,2,2015-03-29,sepang,NAS,sauber,0,16,0,0.02351775,0.3255814,0.0,0.44932896,0.5,0.4,0.5,12,+1 Lap,1,0,0.0023778
2015,2,2015-03-29,sepang,BUT,mclaren,0,17,3,0.01831564,0.0,0.0,0.13533528,0.22446232,0.0,0.5,17,Turbo,0,0,0.00060406
2015,2,2015-03-29,sepang,ALO,mclaren,0,18,3,0.01426423,0.0,0.0,0.5,0.58125743,0.0,0.5,18,ERS,0,0,0.00117071
2015,2,2015-03-29,sepang,MER,manor,0,19,0,0.011109,0.0,0.0,0.5,0.5,0.0,0.5,15,+3 Laps,1,0,0.00108629
2015,3,2015-04-12,shanghai,HAM,mercedes,0,1,3,1.0,1.0,0.0,1.0,1.0,1.0,0.5,1,Finished,1,1,0.70994453
2015,3,2015-04-12,shanghai,ROS,mercedes,0,2,3,0.77880078,1.0,0.0,0.81873075,0.73084815,0.76744186,0.5,2,Finished,1,0,0.18347739
2015,3,2015-04-12,shanghai,VET,ferrari,0,3,3,0.60653066,0.68421053,0.0,0.91839875,0.58643923,0.93023256,0.5,3,Finished,1,0,0.07187628
2015,3,2015-04-12,shanghai,MAS,williams,0,4,3,0.47236655,0.39473684,0.0,0.50402792,0.20155612,0.46511628,0.5,5,Finished,1,0,0.00965803
2015,3,2015-04-12,shanghai,BOT,williams,0,5,2,0.36787944,0.39473684,0.0,0.24705634,0.34501611,0.23255814,0.5,6,Finished,1,0,0.00475683
2015,3,2015-04-12,shanghai,RAI,ferrari,0,6,3,0.2865048,0.68421053,0.0,0.3017553,0.47486857,0.27906977,0.5,4,Finished,1,0,0.00671716
2015,3,2015-04-12,shanghai,RIC,red_bull,0,7,3,0.22313016,0.14473684,0.0,0.29315957,0.43229638,0.20930233,0.5,9,Finished,1,0,0.00220845
2015,3,2015-04-12,shanghai,GRO,lotus_f1,0,8,3,0.17377394,0.0,0.0,0.07441194,0.180265,0.0,0.5,7,Finished,1,0,0.00082584
2015,3,2015-04-12,shanghai,NAS,sauber,0,9,0,0.13533528,0.18421053,0.0,0.30797968,0.5,0.23255814,0.5,8,Finished,1,0,0.00188857
2015,3,2015-04-12,shanghai,ERI,sauber,0,10,1,0.10539922,0.18421053,0.0,0.13558739,0.31091025,0.09302326,0.5,10,+1 Lap,1,0,0.00109131
2015,3,2015-04-12,shanghai,MAL,lotus_f1,0,11,3,0.082085,0.0,0.0,0.0,0.13830956,0.0,0.5,18,Brakes,0,0,0.00053754
2015,3,2015-04-12,shanghai,KVY,red_bull,0,12,1,0.06392786,0.14473684,0.0,0.11100957,0.38061644,0.04651163,0.5,19,Power Unit,0,0,0.00088508
2015,3,2015-04-12,shanghai,VER,toro_rosso,0,13,0,0.04978707,0.15789474,0.0,0.16560682,0.5,0.13953488,0.5,17,Transmission,0,0,0.00107784
2015,3,2015-04-12,shanghai,SAI,toro_rosso,0,14,0,0.03877421,0.15789474,0.0,0.24659696,0.5,0.13953488,0.5,13,+1 Lap,1,0,0.00113281
2015,3,2015-04-12,shanghai,PER,force_india,0,15,3,0.03019738,0.09210526,0.0,0.14076676,0.20189652,0.02325581,0.5,11,+1 Lap,1,0,0.00064227
2015,3,2015-04-12,shanghai,HUL,force_india,0,16,3,0.02351775,0.09210526,0.0,0.20644496,0.28485826,0.13953488,0.5,20,Gearbox,0,0,0.00078836
2015,3,2015-04-12,shanghai,BUT,mclaren,0,17,3,0.01831564,0.0,0.0,0.07441194,0.47619072,0.0,0.5,14,+1 Lap,1,0,0.00061029
2015,3,2015-04-12,shanghai,ALO,mclaren,0,18,3,0.01426423,0.0,0.0,0.0,0.81538534,0.0,0.5,12,+1 Lap,1,0,0.00072521
2015,3,2015-04-12,shanghai,STE,manor,0,19,0,0.011109,0.0,0.0,0.0,0.5,0.0,0.5,15,+2 Laps,1,0,0.00055964
2015,3,2015-04-12,shanghai,MER,manor,0,20,0,0.0086517,0.0,0.0,0.06687088,0.5,0.0,0.5,16,+2 Laps,1,0,0.00059658
2015,4,2015-04-19,bahrain,HAM,mercedes,0,1,3,1.0,1.0,0.0,1.0,0.91705314,1.0,1.0,1,Finished,1,1,0.76263142
2015,4,2015-04-19,bahrain,VET,ferrari,0,2,3,0.77880078,0.66386555,0.0,0.83038796,1.0,0.80882353,0.5,5,Finished,1,0,0.12952438
2015,4,2015-04-19,bahrain,ROS,mercedes,0,3,3,0.60653066,1.0,0.0,0.81873075,0.75562111,0.75,0.0,3,Finished,1,0,0.07147502
2015,4,2015-04-19,bahrain,RAI,ferrari,0,4,3,0.47236655,0.66386555,0.0,0.38940338,0.73205615,0.35294118,0.5,2,Finished,1,0,0.01581857
2015,4,2015-04-19,bahrain,BOT,williams,0,5,2,0.36787944,0.40336134,0.0,0.2899207,0.33519446,0.26470588,0.5,4,Finished,1,0,0.00460507
2015,4,2015-04-19,bahrain,MAS,williams,0,6,3,0.2865048,0.40336134,0.0,0.48462239,0.28363757,0.44117647,0.5,10,+1 Lap,1,0,0.00473974
2015,4,2015-04-19,bahrain,RIC,red_bull,0,7,3,0.22313016,0.1092437,0.0,0.26078221,0.39165487,0.16176471,0.5,6,Finished,1,0,0.00169265
2015,4,2015-04-19,bahrain,HUL,force_india,0,8,3,0.17377394,0.05882353,0.0,0.13320456,0.37138873,0.08823529,0.5,13,+1 Lap,1,0,0.00107242
2015,4,2015-04-19,bahrain,SAI,toro_rosso,0,9,0,0.13533528,0.10084034,0.0,0.19129583,0.5,0.08823529,0.5,19,Engine,0,0,0.00117784
2015,4,2015-04-19,bahrain,GRO,lotus_f1,0,10,3,0.10539922,0.05042017,0.0,0.1548674,0.58371019,0.08823529,0.5,7,Finished,1,0,0.0010127
2015,4,2015-04-19,bahrain,PER,force_india,0,11,3,0.082085,0.05882353,0.0,0.13883984,0.63493612,0.01470588,0.5,8,+1 Lap,1,0,0.00091376
2015,4,2015-04-19,bahrain,NAS,sauber,0,12,0,0.06392786,0.15966387,0.0,0.28620296,0.5,0.20588235,0.5,12,+1 Lap,1,0,0.00122131
2015,4,2015-04-19,bahrain,ERI,sauber,0,13,1,0.04978707,0.15966387,0.0,0.14612813,0.3,0.07352941,0.5,14,+1 Lap,1,0,0.00076946
2015,4,2015-04-19,bahrain,ALO,mclaren,0,14,3,0.03877421,0.0,0.0,0.05896439,0.33491829,0.0,0.5,11,+1 Lap,1,0,0.00051662
2015,4,2015-04-19,bahrain,VER,toro_rosso,0,15,0,0.03019738,0.10084034,0.0,0.10685455,0.5,0.08823529,0.5,18,Electrical,0,0,0.00074837
2015,4,2015-04-19,bahrain,MAL,lotus_f1,0,16,3,0.02351775,0.05042017,0.0,0.0,0.10779418,0.0,0.5,15,+1 Lap,1,0,0.00041429
2015,4,2015-04-19,bahrain,KVY,red_bull,0,17,1,0.01831564,0.1092437,0.0,0.07162675,0.37595932,0.02941176,0.5,9,+1 Lap,1,0,0.00060624
2015,4,2015-04-19,bahrain,STE,manor,0,18,0,0.01426423,0.0,0.0,0.03236034,0.5,0.0,0.5,16,+2 Laps,1,0,0.00052535
2015,4,2015-04-19,bahrain,MER,manor,0,19,0,0.011109,0.0,0.0,0.05885475,0.5,0.0,0.5,17,+3 Laps,1,0,0.00053479
2015,5,2015-05-10,catalunya,ROS,mercedes,0,1,3,1.0,1.0,0.0,0.77986687,0.83049435,0.70967742,0.0,1,Finished,1,1,0.39749841
2015,5,2015-05-10,catalunya,HAM,mercedes,0,2,3,0.77880078,1.0,0.0,1.0,0.81290567,1.0,1.0,2,Finished,1,0,0.47740593
2015,5,2015-05-10,catalunya,VET,ferrari,0,3,3,0.60653066,0.67295597,0.0,0.73060114,0.75608287,0.69892473,0.66666667,3,Finished,1,0,0.07785424
2015,5,2015-05-10,catalunya,BOT,williams,0,4,2,0.47236655,0.3836478,0.0,0.35771573,0.45070295,0.32258065,0.66666667,4,Finished,1,0,0.01249481
2015,5,2015-05-10,catalunya,SAI,toro_rosso,0,5,0,0.36787944,0.0754717,0.0,0.14120174,0.5,0.06451613,0.5,9,+1 Lap,1,0,0.00342044
2015,5,2015-05-10,catalunya,VER,toro_rosso,0,6,0,0.2865048,0.0754717,0.0,0.07887286,0.5,0.06451613,0.5,11,+1 Lap,1,0,0.00241576
2015,5,2015-05-10,catalunya,RAI,ferrari,0,7,3,0.22313016,0.67295597,0.0,0.5018301,0.81873075,0.4516129,0.33333333,5,Finished,1,0,0.01190827
2015,5,2015-05-10,catalunya,KVY,red_bull,0,8,1,0.17377394,0.14465409,0.0,0.10574012,0.34424504,0.04301075,0.5,10,+1 Lap,1,0,0.0016248
2015,5,2015-05-10,catalunya,MAS,williams,0,9,3,0.13533528,0.3836478,0.0,0.40100207,0.39962707,0.33333333,0.33333333,6,Finished,1,0,0.00337218
2015,5,2015-05-10,catalunya,RIC,red_bull,0,10,3,0.10539922,0.14465409,0.0,0.28882746,0.56279652,0.20430108,0.5,7,+1 Lap,1,0,0.0021109
2015,5,2015-05-10,catalunya,GRO,lotus_f1,0,11,3,0.082085,0.0754717,0.0,0.19318558,0.35268547,0.12903226,0.5,8,+1 Lap,1,0,0.00126679
2015,5,2015-05-10,catalunya,MAL,lotus_f1,0,12,3,0.06392786,0.0754717,0.0,0.01592416,0.41482736,0.0,0.5,19,Accident,0,0,0.00093183
2015,5,2015-05-10,catalunya,ALO,mclaren,0,13,3,0.04978707,0.0,0.0,0.08594075,1.0,0.0,0.5,20,Brakes,0,0,0.00135767
2015,5,2015-05-10,catalunya,BUT,mclaren,0,14,3,0.03877421,0.0,0.0,0.05488967,0.27680003,0.0,0.5,16,+1 Lap,1,0,0.00071524
2015,5,2015-05-10,catalunya,NAS,sauber,0,15,0,0.03019738,0.11949686,0.0,0.24027152,0.5,0.15053763,1.0,12,+1 Lap,1,0,0.00173786
2015,5,2015-05-10,catalunya,ERI,sauber,0,16,1,0.02351775,0.11949686,0.0,0.12731179,0.31332635,0.05376344,0.0,14,+1 Lap,1,0,0.00073504
2015,5,2015-05-10,catalunya,HUL,force_india,0,17,3,0.01831564,0.06918239,0.0,0.12207872,0.19666028,0.06451613,0.33333333,15,+1 Lap,1,0,0.00072249
2015,5,2015-05-10,catalunya,PER,force_india,0,18,3,0.01426423,0.06918239,0.0,0.16705789,0.23234069,0.05376344,0.66666667,13,+1 Lap,1,0,0.00089882
2015,5,2015-05-10,catalunya,STE,manor,0,19,0,0.011109,0.0,0.0,0.03861567,0.5,0.0,0.5,17,+3 Laps,1,0,0.00076161
2015,5,2015-05-10,catalunya,MER,manor,0,20,0,0.0086517,0.0,0.0,0.05284804,0.5,0.0,0.5,18,+4 Laps,1,0,0.00076692
2015,6,2015-05-24,monaco,HAM,mercedes,0,1,3,1.0,1.0,0.0,1.0,0.67677388,1.0,0.8,3,Finished,1,0,0.7050755
2015,6,2015-05-24,monaco,ROS,mercedes,0,2,3,0.77880078,1.0,0.0,0.85781879,1.0,0.81981982,0.2,1,Finished,1,1,0.21853161
2015,6,2015-05-24,monaco,VET,ferrari,0,3,3,0.60653066,0.65346535,0.0,0.74616018,0.40178783,0.72072072,0.75,2,Finished,1,0,0.04869102
2015,6,2015-05-24,monaco,RIC,red_bull,0,4,3,0.47236655,0.14851485,0.0,0.30278386,0.3177828,0.22522523,0.66666667,5,Finished,1,0,0.00602461
2015,6,2015-05-24,monaco,KVY,red_bull,0,5,1,0.36787944,0.14851485,0.0,0.12271626,0.3,0.04504505,0.33333333,4,Finished,1,0,0.00250765
2015,6,2015-05-24,monaco,RAI,ferrari,0,6,3,0.2865048,0.65346535,0.0,0.51012456,0.15524131,0.46846847,0.25,6,Finished,1,0,0.00617675
2015,6,2015-05-24,monaco,PER,force_india,0,7,3,0.22313016,0.05445545,0.0,0.15712627,0.03207962,0.04504505,0.75,7,Finished,1,0,0.00129071
2015,6,2015-05-24,monaco,SAI,toro_rosso,0,8,0,0.17377394,0.06930693,0.0,0.15980897,0.5,0.07207207,0.5,10,Finished,1,0,0.00138647
2015,6,2015-05-24,monaco,MAL,lotus_f1,0,9,3,0.13533528,0.07920792,0.0,0.01311279,0.0,0.0,0.5,20,Brakes,0,0,0.0006951
2015,6,2015-05-24,monaco,VER,toro_rosso,0,10,0,0.10539922,0.06930693,0.0,0.09413113,0.5,0.05405405,0.5,18,Accident,0,0,0.00098187
2015,6,2015-05-24,monaco,GRO,lotus_f1,0,11,3,0.082085,0.07920792,0.0,0.2122542,0.11690576,0.14414414,0.5,12,Finished,1,0,0.00082725
2015,6,2015-05-24,monaco,BUT,mclaren,0,12,3,0.06392786,0.0,0.0,0.0559349,0.29648493,0.0,0.5,8,Finished,1,0,0.00060941
2015,6,2015-05-24,monaco,HUL,force_india,0,13,3,0.04978707,0.05445545,0.0,0.11363885,0.31638053,0.05405405,0.25,11,Finished,1,0,0.00061896
2015,6,2015-05-24,monaco,MAS,williams,0,14,3,0.03877421,0.4009901,0.0,0.40953405,0.22999047,0.35135135,0.25,15,+1 Lap,1,0,0.00146746
2015,6,2015-05-24,monaco,ALO,mclaren,0,15,3,0.03019738,0.0,0.0,0.06634514,0.51902227,0.0,0.5,19,Gearbox,0,0,0.0006326
2015,6,2015-05-24,monaco,NAS,sauber,0,16,0,0.02351775,0.09405941,0.0,0.22174532,0.5,0.12612613,1.0,9,Finished,1,0,0.00109953
2015,6,2015-05-24,monaco,BOT,williams,0,17,2,0.01831564,0.4009901,0.0,0.41290514,0.2059304,0.37837838,0.75,14,Finished,1,0,0.00170294
2015,6,2015-05-24,monaco,ERI,sauber,0,18,1,0.01426423,0.09405941,0.0,0.12085125,0.35646013,0.04504505,0.0,13,Finished,1,0,0.00052306
2015,6,2015-05-24,monaco,STE,manor,0,19,0,0.011109,0.0,0.0,0.040798,0.5,0.0,1.0,17,+2 Laps,1,0,0.00070618
2015,6,2015-05-24,monaco,MER,manor,0,20,0,0.0086517,0.0,0.0,0.04979357,0.5,0.0,0.0,16,+2 Laps,1,0,0.00045132
2015,7,2015-06-07,villeneuve,HAM,mercedes,0,1,3,1.0,1.0,0.0,1.0,0.58929214,1.0,0.66666667,1,Finished,1,1,0.64854682
2015,7,2015-06-07,villeneuve,ROS,mercedes,0,2,3,0.77880078,1.0,0.0,0.96554823,0.8008634,0.92063492,0.33333333,2,Finished,1,0,0.27468405
2015,7,2015-06-07,villeneuve,RAI,ferrari,0,3,3,0.60653066,0.71859296,0.0,0.63456385,0.2613961,0.47619048,0.2,4,Finished,1,0,0.03021553
2015,7,2015-06-07,villeneuve,BOT,williams,0,4,2,0.47236655,0.34673367,0.0,0.46174701,0.35563285,0.33333333,0.8,3,Finished,1,0,0.01178947
2015,7,2015-06-07,villeneuve,GRO,lotus_f1,0,5,3,0.36787944,0.08040201,0.0,0.25421991,0.28750563,0.12698413,0.5,10,+1 Lap,1,0,0.00308274
2015,7,2015-06-07,villeneuve,MAL,lotus_f1,0,6,3,0.2865048,0.08040201,0.0,0.01411633,0.04876796,0.0,0.5,7,Finished,1,0,0.00134676
2015,7,2015-06-07,villeneuve,HUL,force_india,0,7,3,0.22313016,0.05025126,0.0,0.08383361,0.30687822,0.04761905,0.2,8,+1 Lap,1,0,0.00122563
2015,7,2015-06-07,villeneuve,KVY,red_bull,0,8,1,0.17377394,0.22110553,0.0,0.25950795,0.3,0.13492063,0.5,9,+1 Lap,1,0,0.00198727
2015,7,2015-06-07,villeneuve,RIC,red_bull,0,9,3,0.13533528,0.22110553,0.0,0.34486383,0.65646431,0.27777778,0.5,13,+1 Lap,1,0,0.00282885
2015,7,2015-06-07,villeneuve,PER,force_india,0,10,3,0.10539922,0.05025126,0.0,0.20069782,0.26137774,0.08730159,0.8,11,+1 Lap,1,0,0.00124
2015,7,2015-06-07,villeneuve,SAI,toro_rosso,0,11,0,0.082085,0.06532663,0.0,0.16354365,0.5,0.07142857,0.5,12,+1 Lap,1,0,0.00115557
2015,7,2015-06-07,villeneuve,VER,toro_rosso,0,12,0,0.06392786,0.06532663,0.0,0.1013351,0.5,0.04761905,0.5,15,+1 Lap,1,0,0.00099597
2015,7,2015-06-07,villeneuve,ERI,sauber,0,13,1,0.04978707,0.03517588,0.0,0.0939147,0.3,0.03968254,0.0,14,+1 Lap,1,0,0.0005975
2015,7,2015-06-07,villeneuve,ALO,mclaren,0,14,3,0.03877421,0.0201005,0.0,0.0571381,0.70872324,0.0,0.5,20,Engine,0,0,0.00092456
2015,7,2015-06-07,villeneuve,NAS,sauber,0,15,0,0.03019738,0.03517588,0.0,0.18127729,0.5,0.12698413,1.0,16,+2 Laps,1,0,0.00125901
2015,7,2015-06-07,villeneuve,VET,ferrari,0,16,3,0.02351775,0.71859296,0.0,0.83771653,1.0,0.77777778,0.8,5,Finished,1,0,0.01539933
2015,7,2015-06-07,villeneuve,MAS,williams,0,17,3,0.01831564,0.34673367,0.0,0.32759247,0.15520357,0.30952381,0.2,6,Finished,1,0,0.00133151
2015,7,2015-06-07,villeneuve,MER,manor,0,18,0,0.01426423,0.0,0.0,0.05444094,0.5,0.0,0.25,18,Retired,0,0,0.00061706
2015,7,2015-06-07,villeneuve,STE,manor,0,19,0,0.011109,0.0,0.0,0.04459872,0.5,0.0,0.75,17,+4 Laps,1,0,0.00077237
2015,9,2015-07-05,silverstone,HAM,mercedes,0,1,3,1.0,1.0,0.0,0.95961969,1.0,1.0,0.625,1,Finished,1,1,0.73584217
2015,9,2015-07-05,silverstone,ROS,mercedes,0,2,3,0.77880078,1.0,0.0,1.0,0.48452484,0.9408284,0.375,2,Finished,1,0,0.2018296
2015,9,2015-07-05,silverstone,MAS,williams,0,3,3,0.60653066,0.38755981,0.0,0.3635931,0.35285785,0.36686391,0.28571429,4,Finished,1,0,0.012449
2015,9,2015-07-05,silverstone,BOT,williams,0,4,2,0.47236655,0.38755981,0.0,0.51047448,0.67513747,0.3964497,0.71428571,5,Finished,1,0,0.01497568
2015,9,2015-07-05,silverstone,RAI,ferrari,0,5,3,0.36787944,0.54066986,0.0,0.48668436,0.35768272,0.4260355,0.33333333,8,+1 Lap,1,0,0.00843777
2015,9,2015-07-05,silverstone,VET,ferrari,0,6,3,0.2865048,0.54066986,0.0,0.65415173,0.52040223,0.71005917,0.66666667,3,Finished,1,0,0.01280004
2015,9,2015-07-05,silverstone,KVY,red_bull,0,7,1,0.22313016,0.20095694,0.0,0.27371192,0.41785928,0.11242604,0.5,6,Finished,1,0,0.00219159
2015,9,2015-07-05,silverstone,SAI,toro_rosso,0,8,0,0.17377394,0.03349282,0.0,0.10648099,0.5,0.05325444,0.66666667,14,Electrical,0,0,0.00133175
2015,9,2015-07-05,silverstone,HUL,force_india,0,9,3,0.13533528,0.11483254,0.0,0.20078626,0.27709255,0.10650888,0.42857143,7,Finished,1,0,0.00113375
2015,9,2015-07-05,silverstone,RIC,red_bull,0,10,3,0.10539922,0.20095694,0.0,0.30617151,0.58926472,0.21301775,0.5,15,Electrical,0,0,0.00187461
2015,9,2015-07-05,silverstone,PER,force_india,0,11,3,0.082085,0.11483254,0.0,0.21736019,0.08977664,0.07692308,0.57142857,9,+1 Lap,1,0,0.000869
2015,9,2015-07-05,silverstone,GRO,lotus_f1,0,12,3,0.06392786,0.11004785,0.0,0.18353395,0.19552199,0.10059172,0.5,17,Collision,0,0,0.00083536
2015,9,2015-07-05,silverstone,VER,toro_rosso,0,13,0,0.04978707,0.03349282,0.0,0.09862716,0.5,0.0591716,0.33333333,16,Spun off,0,0,0.00073461
2015,9,2015-07-05,silverstone,MAL,lotus_f1,0,14,3,0.03877421,0.11004785,0.0,0.14773691,0.10639734,0.07100592,0.5,18,Collision,0,0,0.00067117
2015,9,2015-07-05,silverstone,ERI,sauber,0,15,1,0.03019738,0.00956938,0.0,0.09005392,0.3,0.0295858,0.14285714,11,+1 Lap,1,0,0.00049909
2015,9,2015-07-05,silverstone,NAS,sauber,0,16,0,0.02351775,0.00956938,0.0,0.13557993,0.5,0.09467456,0.85714286,20,Gearbox,0,0,0.00089716
2015,9,2015-07-05,silverstone,ALO,mclaren,0,17,3,0.01831564,0.01913876,0.0,0.03014786,0.82686331,0.0,0.5,10,+1 Lap,1,0,0.00080301
2015,9,2015-07-05,silverstone,BUT,mclaren,0,18,3,0.01426423,0.01913876,0.0,0.06602376,0.46101428,0.02366864,0.5,19,Collision,0,0,0.00062883
2015,9,2015-07-05,silverstone,STE,manor,0,19,0,0.011109,0.0,0.0,0.03833186,0.5,0.0,0.75,13,+3 Laps,1,0,0.00067172
2015,9,2015-07-05,silverstone,MER,manor,0,20,0,0.0086517,0.0,0.0,0.04415101,0.5,0.0,0.25,12,+3 Laps,1,0,0.00052408
2015,10,2015-07-26,hungaroring,HAM,mercedes,0,1,3,1.0,1.0,0.0,0.92890939,1.0,1.0,0.66666667,6,Finished,1,0,0.75645765
2015,10,2015-07-26,hungaroring,ROS,mercedes,0,2,3,0.77880078,1.0,0.0,1.0,0.33762194,0.91237113,0.33333333,8,Finished,1,0,0.17201009
2015,10,2015-07-26,hungaroring,VET,ferrari,0,3,3,0.60653066,0.49056604,0.0,0.68087065,0.55863384,0.69587629,0.71428571,1,Finished,1,1,0.03847563
2015,10,2015-07-26,hungaroring,RIC,red_bull,0,4,3,0.47236655,0.18867925,0.0,0.21704547,0.58487723,0.18556701,0.5,3,Finished,1,0,0.00618576
2015,10,2015-07-26,hungaroring,RAI,ferrari,0,5,3,0.36787944,0.49056604,0.0,0.34773701,0.72199213,0.39175258,0.28571429,18,Power Unit,0,0,0.0081358
2015,10,2015-07-26,hungaroring,BOT,williams,0,6,2,0.2865048,0.4245283,0.0,0.47268601,0.28590699,0.39690722,0.625,13,Finished,1,0,0.00523619
2015,10,2015-07-26,hungaroring,KVY,red_bull,0,7,1,0.22313016,0.18867925,0.0,0.3007442,0.33494629,0.13917526,0.5,2,Finished,1,0,0.0020487
2015,10,2015-07-26,hungaroring,MAS,williams,0,8,3,0.17377394,0.4245283,0.0,0.43465603,0.38650877,0.3814433,0.375,12,Finished,1,0,0.00308377
2015,10,2015-07-26,hungaroring,VER,toro_rosso,0,9,0,0.13533528,0.03301887,0.0,0.09547083,0.5,0.05154639,0.33333333,4,Finished,1,0,0.00094549
2015,10,2015-07-26,hungaroring,GRO,lotus_f1,0,10,3,0.10539922,0.08018868,0.0,0.11271231,0.31688461,0.08762887,0.5,7,Finished,1,0,0.00088367
2015,10,2015-07-26,hungaroring,HUL,force_india,0,11,3,0.082085,0.13207547,0.0,0.23974667,0.08683131,0.12371134,0.5,20,Front wing,0,0,0.00085287
2015,10,2015-07-26,hungaroring,SAI,toro_rosso,0,12,0,0.06392786,0.03301887,0.0,0.10307332,0.5,0.04639175,0.66666667,17,Electrical,0,0,0.00083297
2015,10,2015-07-26,hungaroring,PER,force_india,0,13,3,0.04978707,0.13207547,0.0,0.20076511,0.09541915,0.07731959,0.5,19,Suspension,0,0,0.00070404
2015,10,2015-07-26,hungaroring,MAL,lotus_f1,0,14,3,0.03877421,0.08018868,0.0,0.12989616,0.13462196,0.06185567,0.5,14,Finished,1,0,0.00059673
2015,10,2015-07-26,hungaroring,ALO,mclaren,0,15,3,0.03019738,0.02358491,0.0,0.03564426,0.72603911,0.00515464,0.5,5,Finished,1,0,0.00071458
2015,10,2015-07-26,hungaroring,BUT,mclaren,0,16,3,0.02351775,0.02358491,0.0,0.06391083,0.29945386,0.02061856,0.5,9,Finished,1,0,0.00053345
2015,10,2015-07-26,hungaroring,ERI,sauber,0,17,1,0.01831564,0.00943396,0.0,0.10033902,0.3,0.0257732,0.14285714,10,Finished,1,0,0.00045501
2015,10,2015-07-26,hungaroring,NAS,sauber,0,18,0,0.01426423,0.00943396,0.0,0.10734796,0.5,0.08247423,0.85714286,11,Finished,1,0,0.00074556
2015,10,2015-07-26,hungaroring,MER,manor,0,19,0,0.011109,0.0,0.0,0.05784136,0.5,0.0,0.4,15,+2 Laps,1,0,0.00053229
2015,10,2015-07-26,hungaroring,STE,manor,0,20,0,0.0086517,0.0,0.0,0.04593128,0.5,0.0,0.6,16,+4 Laps,1,0,0.00056977
2015,11,2015-08-23,spa,HAM,mercedes,0,1,3,1.0,1.0,0.0,0.99301549,0.30103659,1.0,0.7,1,Finished,1,1,0.56529336
2015,11,2015-08-23,spa,ROS,mercedes,0,2,3,0.77880078,1.0,0.0,1.0,0.81514798,0.8960396,0.3,2,Finished,1,0,0.33969017
2015,11,2015-08-23,spa,BOT,williams,0,3,2,0.60653066,0.38674033,0.0,0.44643239,0.5597219,0.38118812,0.55555556,9,Power Unit,0,0,0.02323802
2015,11,2015-08-23,spa,GRO,lotus_f1,0,4,3,0.47236655,0.10497238,0.0,0.14863223,0.11074517,0.11386139,0.66666667,3,Finished,1,0,0.00398846
2015,11,2015-08-23,spa,PER,force_india,0,5,3,0.36787944,0.15469613,0.0,0.21635167,0.21898563,0.07425743,0.5,5,Finished,1,0,0.00333227
2015,11,2015-08-23,spa,RIC,red_bull,0,6,3,0.2865048,0.36464088,0.0,0.35418258,0.78056194,0.25247525,0.42857143,18,Power Unit,0,0,0.00787321
2015,11,2015-08-23,spa,MAS,williams,0,7,3,0.22313016,0.38674033,0.0,0.45278009,0.33760204,0.36633663,0.44444444,6,Finished,1,0,0.00577312
2015,11,2015-08-23,spa,MAL,lotus_f1,0,8,3,0.17377394,0.10497238,0.0,0.17421519,0.01830605,0.05940594,0.33333333,19,Engine,0,0,0.00124969
2015,11,2015-08-23,spa,VET,ferrari,0,9,3,0.13533528,0.57458564,0.0,0.89782155,1.0,0.79207921,0.71428571,12,Tyre,0,0,0.03013955
2015,11,2015-08-23,spa,SAI,toro_rosso,0,10,0,0.10539922,0.09392265,0.0,0.07108597,0.5,0.04455446,0.66666667,17,Power Unit,0,0,0.00158692
2015,11,2015-08-23,spa,HUL,force_india,0,11,3,0.082085,0.15469613,0.0,0.27059477,0.32283897,0.11881188,0.5,20,Power loss,0,0,0.00173112
2015,11,2015-08-23,spa,KVY,red_bull,0,12,1,0.06392786,0.36464088,0.0,0.5273148,0.41398575,0.22277228,0.57142857,4,Finished,1,0,0.00383626
2015,11,2015-08-23,spa,ERI,sauber,0,13,1,0.04978707,0.01657459,0.0,0.14323771,0.32301333,0.02970297,0.25,10,Finished,1,0,0.00087636
2015,11,2015-08-23,spa,RAI,ferrari,0,14,3,0.03877421,0.57458564,0.0,0.29950323,0.56712316,0.37623762,0.28571429,7,Finished,1,0,0.00426087
2015,11,2015-08-23,spa,VER,toro_rosso,0,15,0,0.03019738,0.09392265,0.0,0.22044433,0.5,0.10891089,0.33333333,8,Finished,1,0,0.00133885
2015,11,2015-08-23,spa,NAS,sauber,0,16,0,0.02351775,0.01657459,0.0,0.13448669,0.5,0.07920792,0.75,11,Finished,1,0,0.00127637
2015,11,2015-08-23,spa,BUT,mclaren,0,17,3,0.01831564,0.09392265,0.0,0.11547032,0.72201138,0.02970297,0.5,14,+1 Lap,1,0,0.00141198
2015,11,2015-08-23,spa,ALO,mclaren,0,18,3,0.01426423,0.09392265,0.0,0.15824372,0.56092187,0.05445545,0.5,13,+1 Lap,1,0,0.00130502
2015,11,2015-08-23,spa,STE,manor,0,19,0,0.011109,0.0,0.0,0.05716429,0.5,0.0,0.5,16,+1 Lap,1,0,0.00089237
2015,11,2015-08-23,spa,MER,manor,0,20,0,0.0086517,0.0,0.0,0.07612498,0.5,0.0,0.5,15,+1 Lap,1,0,0.00090601
2015,12,2015-09-06,monza,HAM,mercedes,0,1,3,1.0,1.0,0.0,1.0,1.0,1.0,0.72727273,1,Finished,1,1,0.82100007
2015,12,2015-09-06,monza,RAI,ferrari,0,2,3,0.77880078,0.45652174,0.0,0.26193096,0.31760613,0.36123348,0.28571429,5,Finished,1,0,0.01868598
2015,12,2015-09-06,monza,VET,ferrari,0,3,3,0.60653066,0.45652174,0.0,0.63737977,0.65061933,0.70484581,0.71428571,2,Finished,1,0,0.03946139
2015,12,2015-09-06,monza,ROS,mercedes,0,4,3,0.47236655,1.0,0.0,0.88443611,0.74747022,0.87665198,0.27272727,17,+3 Laps,1,0,0.08491463
2015,12,2015-09-06,monza,MAS,williams,0,5,3,0.36787944,0.43478261,0.0,0.49340484,0.80964583,0.36123348,0.44444444,3,Finished,1,0,0.01168442
2015,12,2015-09-06,monza,BOT,williams,0,6,2,0.2865048,0.43478261,0.0,0.39642953,0.47808017,0.34801762,0.55555556,4,Finished,1,0,0.00645677
2015,12,2015-09-06,monza,PER,force_india,0,7,3,0.22313016,0.17391304,0.0,0.23609967,0.48017338,0.11013216,0.5,6,Finished,1,0,0.00230067
2015,12,2015-09-06,monza,GRO,lotus_f1,0,8,2,0.17377394,0.18478261,0.0,0.27153547,0.288982,0.16740088,0.66666667,19,Collision damage,0,0,0.00205613
2015,12,2015-09-06,monza,HUL,force_india,0,9,3,0.13533528,0.17391304,0.0,0.21871408,0.25913988,0.10572687,0.5,7,+1 Lap,1,0,0.00143086
2015,12,2015-09-06,monza,ERI,sauber,0,10,1,0.10539922,0.01086957,0.0,0.15070058,0.31199412,0.030837,0.33333333,9,+1 Lap,1,0,0.00083279
2015,12,2015-09-06,monza,MAL,lotus_f1,0,11,3,0.082085,0.18478261,0.0,0.16162527,0.11815602,0.05286344,0.33333333,20,Collision damage,0,0,0.0008992
2015,12,2015-09-06,monza,NAS,sauber,0,12,0,0.06392786,0.01086957,0.0,0.1088692,0.5,0.07048458,0.66666667,13,+1 Lap,1,0,0.0010203
2015,12,2015-09-06,monza,SAI,toro_rosso,0,13,0,0.04978707,0.10869565,0.0,0.02646608,0.5,0.03964758,0.66666667,11,+1 Lap,1,0,0.00101209
2015,12,2015-09-06,monza,KVY,red_bull,0,14,1,0.03877421,0.30434783,0.0,0.4892076,0.3725602,0.25110132,0.57142857,10,+1 Lap,1,0,0.00237363
2015,12,2015-09-06,monza,RIC,red_bull,0,15,3,0.03019738,0.30434783,0.0,0.2212618,0.43596812,0.2246696,0.42857143,8,+1 Lap,1,0,0.00161066
2015,12,2015-09-06,monza,BUT,mclaren,0,16,3,0.02351775,0.07065217,0.0,0.06596508,0.22073972,0.02643172,0.0,14,+1 Lap,1,0,0.00050095
2015,12,2015-09-06,monza,ALO,mclaren,0,17,3,0.01831564,0.07065217,0.0,0.16847659,0.55337616,0.04845815,1.0,18,+6 Laps,1,0,0.00129496
2015,12,2015-09-06,monza,STE,manor,0,18,0,0.01426423,0.0,0.0,0.05518887,0.5,0.0,0.42857143,15,+2 Laps,1,0,0.00067228
2015,12,2015-09-06,monza,MER,manor,0,19,0,0.011109,0.0,0.0,0.07325661,0.5,0.0,0.57142857,16,+2 Laps,1,0,0.00073482
2015,12,2015-09-06,monza,VER,toro_rosso,0,20,0,0.0086517,0.10869565,0.0,0.26341493,0.5,0.11453744,0.33333333,12,+1 Lap,1,0,0.00105738
2015,13,2015-09-20,marina_bay,VET,ferrari,0,1,3,1.0,0.54216867,0.0,0.72561387,1.0,0.70634921,0.75,1,Finished,1,1,0.67270478
2015,13,2015-09-20,marina_bay,RIC,red_bull,0,2,3,0.77880078,0.35542169,0.0,0.25849455,0.38205605,0.21825397,0.5,2,Finished,1,0,0.05644807
2015,13,2015-09-20,marina_bay,RAI,ferrari,0,3,3,0.60653066,0.54216867,0.0,0.23816885,0.44570615,0.36507937,0.25,3,Finished,1,0,0.0376475
2015,13,2015-09-20,marina_bay,KVY,red_bull,0,4,1,0.47236655,0.35542169,0.0,0.48046601,0.33237715,0.23015873,0.5,6,Finished,1,0,0.02059906
2015,13,2015-09-20,marina_bay,HAM,mercedes,0,5,3,0.36787944,1.0,0.0,1.0,0.65116672,1.0,0.75,18,Throttle,0,0,0.13182725
2015,13,2015-09-20,marina_bay,ROS,mercedes,0,6,3,0.2865048,1.0,0.0,0.69861309,0.30159179,0.78968254,0.25,4,Finished,1,0,0.03820145
2015,13,2015-09-20,marina_bay,BOT,williams,0,7,2,0.22313016,0.5060241,0.0,0.36740643,0.25785291,0.36111111,0.5,5,Finished,1,0,0.00885429
2015,13,2015-09-20,marina_bay,VER,toro_rosso,0,8,0,0.17377394,0.12048193,0.0,0.27535612,0.5,0.1031746,0.25,8,Finished,1,0,0.00351592
2015,13,2015-09-20,marina_bay,MAS,williams,0,9,3,0.13533528,0.5060241,0.0,0.56564481,0.41122029,0.38492063,0.5,19,Gearbox,0,0,0.00866157
2015,13,2015-09-20,marina_bay,GRO,lotus_f1,0,10,3,0.10539922,0.1626506,0.0,0.23205271,0.11953801,0.15079365,0.66666667,13,Tyre,0,0,0.00259055
2015,13,2015-09-20,marina_bay,HUL,force_india,0,11,3,0.082085,0.25301205,0.0,0.231755,0.18841585,0.11904762,0.44444444,20,Collision,0,0,0.00248114
2015,13,2015-09-20,marina_bay,ALO,mclaren,0,12,3,0.06392786,0.07831325,0.0,0.17644802,0.72178183,0.04365079,0.75,17,Gearbox,0,0,0.00275409
2015,13,2015-09-20,marina_bay,PER,force_india,0,13,3,0.04978707,0.25301205,0.0,0.29164441,0.27564921,0.13095238,0.55555556,7,Finished,1,0,0.00261625
2015,13,2015-09-20,marina_bay,SAI,toro_rosso,0,14,0,0.03877421,0.12048193,0.0,0.03232574,0.5,0.03571429,0.75,9,Finished,1,0,0.0019449
2015,13,2015-09-20,marina_bay,BUT,mclaren,0,15,3,0.03019738,0.07831325,0.0,0.08370583,0.3072234,0.02380952,0.25,16,Gearbox,0,0,0.00129151
2015,13,2015-09-20,marina_bay,NAS,sauber,0,16,0,0.02351775,0.02409639,0.0,0.11864582,0.5,0.06349206,0.6,10,Finished,1,0,0.00167192
2015,13,2015-09-20,marina_bay,ERI,sauber,0,17,1,0.01831564,0.02409639,0.0,0.18118418,0.32650817,0.03571429,0.4,11,Finished,1,0,0.00137961
2015,13,2015-09-20,marina_bay,MAL,lotus_f1,0,18,3,0.01426423,0.1626506,0.0,0.08968301,0.10181539,0.04761905,0.33333333,12,Finished,1,0,0.00124582
2015,13,2015-09-20,marina_bay,STE,manor,0,19,0,0.011109,0.0,0.0,0.05997744,0.5,0.0,0.5,15,+2 Laps,1,0,0.00133019
2015,13,2015-09-20,marina_bay,RSS,manor,0,20,0,0.0086517,0.0,0.0,0.59714181,0.5,0.0,0.5,14,+2 Laps,1,0,0.00223413
2015,14,2015-09-27,suzuka,ROS,mercedes,0,1,3,1.0,1.0,0.0,0.70896999,0.53004224,0.83730159,0.25,2,Finished,1,0,0.39448661
2015,14,2015-09-27,suzuka,HAM,mercedes,0,2,3,0.77880078,1.0,0.0,0.96527097,0.65478873,1.0,0.75,1,Finished,1,1,0.38973644
2015,14,2015-09-27,suzuka,BOT,williams,0,3,2,0.60653066,0.51111111,0.0,0.44086131,0.35328675,0.40079365,0.5,5,Finished,1,0,0.02580701
2015,14,2015-09-27,suzuka,VET,ferrari,0,4,3,0.47236655,0.87407407,0.0,1.0,1.0,0.80555556,0.77777778,3,Finished,1,0,0.13349713
2015,14,2015-09-27,suzuka,MAS,williams,0,5,3,0.36787944,0.51111111,0.0,0.48661208,0.44177937,0.38492063,0.5,17,+2 Laps,1,0,0.01262082
2015,14,2015-09-27,suzuka,RAI,ferrari,0,6,3,0.2865048,0.87407407,0.0,0.47790654,0.32575877,0.42460317,0.22222222,4,Finished,1,0,0.01325863
2015,14,2015-09-27,suzuka,RIC,red_bull,0,7,3,0.22313016,0.62222222,0.0,0.49745557,0.37157472,0.28968254,0.55555556,15,+1 Lap,1,0,0.00824513
2015,14,2015-09-27,suzuka,GRO,lotus_f1,0,8,3,0.17377394,0.15555556,0.0,0.27844658,0.29069675,0.15079365,0.66666667,7,Finished,1,0,0.00244815
2015,14,2015-09-27,suzuka,PER,force_india,0,9,3,0.13533528,0.28148148,0.0,0.37841213,0.11113923,0.1547619,0.55555556,12,+1 Lap,1,0,0.00237293
2015,14,2015-09-27,suzuka,KVY,red_bull,0,10,1,0.10539922,0.62222222,0.0,0.65020554,0.36367629,0.26190476,0.44444444,13,+1 Lap,1,0,0.00596979
2015,14,2015-09-27,suzuka,HUL,force_india,0,11,3,0.082085,0.28148148,0.0,0.17265109,0.35005222,0.11904762,0.44444444,6,Finished,1,0,0.00175642
2015,14,2015-09-27,suzuka,SAI,toro_rosso,0,12,0,0.06392786,0.16296296,0.0,0.09665431,0.5,0.04365079,0.6,10,+1 Lap,1,0,0.00146046
2015,14,2015-09-27,suzuka,MAL,lotus_f1,0,13,3,0.04978707,0.15555556,0.0,0.05304501,0.11117696,0.04761905,0.33333333,8,Finished,1,0,0.00085019
2015,14,2015-09-27,suzuka,ALO,mclaren,0,14,3,0.03877421,0.0962963,0.0,0.21172494,0.20540236,0.04365079,0.75,11,+1 Lap,1,0,0.00117368
2015,14,2015-09-27,suzuka,VER,toro_rosso,0,15,0,0.03019738,0.16296296,0.0,0.33040755,0.5,0.11904762,0.4,9,Finished,1,0,0.00161053
2015,14,2015-09-27,suzuka,BUT,mclaren,0,16,3,0.02351775,0.0962963,0.0,0.10044098,0.46252102,0.02380952,0.25,16,+1 Lap,1,0,0.00093045
2015,14,2015-09-27,suzuka,ERI,sauber,0,17,1,0.01831564,0.03703704,0.0,0.23019581,0.31917893,0.03571429,0.36363636,14,+1 Lap,1,0,0.00091889
2015,14,2015-09-27,suzuka,NAS,sauber,0,18,0,0.01426423,0.03703704,0.0,0.15095435,0.5,0.06746032,0.63636364,20,Retired,0,0,0.00112437
2015,14,2015-09-27,suzuka,STE,manor,0,19,0,0.011109,0.0,0.0,0.08939744,0.5,0.0,0.44444444,19,+3 Laps,1,0,0.00085002
2015,14,2015-09-27,suzuka,RSS,manor,0,20,0,0.0086517,0.0,0.0,0.10643809,0.5,0.0,0.5,18,+2 Laps,1,0,0.00088234
2015,15,2015-10-11,sochi,ROS,mercedes,0,1,1,1.0,1.0,0.0,0.70896999,0.6274923,0.8267148,0.23076923,18,Throttle,0,0,0.41895129
2015,15,2015-10-11,sochi,HAM,mercedes,0,2,1,0.77880078,1.0,0.0,0.96527097,0.7,1.0,0.76923077,1,Finished,1,1,0.4082066
2015,15,2015-10-11,sochi,BOT,williams,0,3,1,0.60653066,0.42222222,0.0,0.44086131,0.56812802,0.40072202,0.54545455,12,Collision,0,0,0.02744349
2015,15,2015-10-11,sochi,VET,ferrari,0,4,1,0.47236655,0.93333333,0.0,1.0,0.39863879,0.78700361,0.8,2,Finished,1,0,0.090531
2015,15,2015-10-11,sochi,RAI,ferrari,0,5,1,0.36787944,0.93333333,0.0,0.56452456,0.38075861,0.42960289,0.2,8,Finished,1,0,0.02183947
2015,15,2015-10-11,sochi,HUL,force_india,0,6,1,0.2865048,0.28148148,0.0,0.1917638,0.34432126,0.13718412,0.5,19,Collision,0,0,0.00376748
2015,15,2015-10-11,sochi,PER,force_india,0,7,1,0.22313016,0.28148148,0.0,0.35230378,0.36611956,0.14079422,0.5,3,Finished,1,0,0.00367632
2015,15,2015-10-11,sochi,GRO,lotus_f1,0,8,1,0.17377394,0.22962963,0.0,0.36477212,0.31630488,0.15884477,0.75,17,Accident,0,0,0.00321193
2015,15,2015-10-11,sochi,VER,toro_rosso,0,9,0,0.13533528,0.18518519,0.0,0.38827329,0.5,0.11552347,0.5,10,Finished,1,0,0.00266929
2015,15,2015-10-11,sochi,RIC,red_bull,0,10,1,0.10539922,0.56296296,0.0,0.5148844,0.42047768,0.26353791,0.5,15,Suspension,0,0,0.0050903
2015,15,2015-10-11,sochi,KVY,red_bull,0,11,1,0.082085,0.56296296,0.0,0.57076804,0.32970943,0.23826715,0.5,5,Finished,1,0,0.00455477
2015,15,2015-10-11,sochi,NAS,sauber,0,12,0,0.06392786,0.03703704,0.0,0.15095435,0.5,0.06137184,0.63636364,6,Finished,1,0,0.00132941
2015,15,2015-10-11,sochi,BUT,mclaren,0,13,1,0.04978707,0.08888889,0.0,0.11471049,0.51952465,0.02166065,0.2,9,Finished,1,0,0.00104366
2015,15,2015-10-11,sochi,MAL,lotus_f1,0,14,1,0.03877421,0.22962963,0.0,0.12372239,0.31334931,0.05776173,0.25,7,Finished,1,0,0.00111965
2015,15,2015-10-11,sochi,MAS,williams,0,15,1,0.03019738,0.42222222,0.0,0.34099958,0.35413411,0.35018051,0.45454545,4,Finished,1,0,0.00262727
2015,15,2015-10-11,sochi,ALO,mclaren,0,16,1,0.02351775,0.08888889,0.0,0.20313705,0.44715178,0.03971119,0.8,11,Finished,1,0,0.00135045
2015,15,2015-10-11,sochi,ERI,sauber,0,17,1,0.01831564,0.03703704,0.0,0.21269486,0.31092949,0.03249097,0.36363636,20,Collision,0,0,0.00089466
2015,15,2015-10-11,sochi,STE,manor,0,18,0,0.01426423,0.0,0.0,0.07122796,0.5,0.0,0.4,14,+2 Laps,1,0,0.00082538
2015,15,2015-10-11,sochi,MER,manor,0,19,0,0.011109,0.0,0.0,0.08187862,0.5,0.0,0.5,13,+1 Lap,1,0,0.00086758
2015,16,2015-10-25,americas,ROS,mercedes,0,1,3,1.0,1.0,0.0,0.55675884,0.53361336,0.75827815,0.23076923,2,Finished,1,0,0.32117566
2015,16,2015-10-25,americas,HAM,mercedes,0,2,3,0.77880078,1.0,0.0,1.0,1.0,1.0,0.76923077,1,Finished,1,1,0.55133449
2015,16,2015-10-25,americas,RIC,red_bull,0,3,3,0.60653066,0.35810811,0.0,0.28153444,0.43544751,0.24172185,0.5,10,Finished,1,0,0.01677359
2015,16,2015-10-25,americas,KVY,red_bull,0,4,1,0.47236655,0.35810811,0.0,0.40550922,0.32840132,0.25165563,0.5,13,Accident,0,0,0.01119479
2015,16,2015-10-25,americas,VET,ferrari,0,5,3,0.36787944,0.83108108,0.0,0.82694539,0.74863785,0.78145695,0.81818182,3,Finished,1,0,0.0612184
2015,16,2015-10-25,americas,PER,force_india,0,6,3,0.2865048,0.35810811,0.0,0.47488146,0.14781249,0.17880795,0.5,5,Finished,1,0,0.0052114
2015,16,2015-10-25,americas,HUL,force_india,0,7,3,0.22313016,0.35810811,0.0,0.16726841,0.20211258,0.12582781,0.5,14,Accident,0,0,0.003006
2015,16,2015-10-25,americas,RAI,ferrari,0,8,2,0.17377394,0.83108108,0.0,0.55406296,0.33046695,0.40728477,0.18181818,16,Brake duct,0,0,0.00914832
2015,16,2015-10-25,americas,MAS,williams,0,9,3,0.13533528,0.46621622,0.0,0.40694333,0.47061618,0.36092715,0.45454545,17,Retired,0,0,0.00491041
2015,16,2015-10-25,americas,VER,toro_rosso,0,10,0,0.10539922,0.09459459,0.0,0.24279812,0.5,0.10927152,0.5,4,Finished,1,0,0.00183927
2015,16,2015-10-25,americas,ALO,mclaren,0,11,3,0.082085,0.01351351,0.0,0.09869045,0.54006313,0.03642384,0.66666667,11,Finished,1,0,0.00136285
2015,16,2015-10-25,americas,BOT,williams,0,12,2,0.06392786,0.46621622,0.0,0.36186739,0.45266473,0.36754967,0.54545455,19,Retired,0,0,0.00379022
2015,16,2015-10-25,americas,GRO,lotus_f1,0,13,3,0.04978707,0.20945946,0.0,0.24287856,0.45592742,0.14569536,0.75,18,Retired,0,0,0.00202275
2015,16,2015-10-25,americas,BUT,mclaren,0,14,3,0.03877421,0.01351351,0.0,0.10005769,0.23945679,0.02649007,0.33333333,6,Finished,1,0,0.00078144
2015,16,2015-10-25,americas,MAL,lotus_f1,0,15,3,0.03019738,0.20945946,0.0,0.16464858,0.17587513,0.07284768,0.25,8,Finished,1,0,0.00102885
2015,16,2015-10-25,americas,ERI,sauber,0,16,0,0.02351775,0.08108108,0.0,0.14420107,0.5,0.02980132,0.36363636,15,Retired,0,0,0.00107358
2015,16,2015-10-25,americas,NAS,sauber,0,17,0,0.01831564,0.08108108,0.0,0.18980789,0.5,0.08278146,0.63636364,9,Finished,1,0,0.00132095
2015,16,2015-10-25,americas,RSS,manor,0,18,0,0.01426423,0.0,0.0,0.06727928,0.5,0.0,0.5,12,Finished,1,0,0.00088675
2015,16,2015-10-25,americas,STE,manor,0,19,0,0.011109,0.0,0.0,0.06825112,0.5,0.0,0.36363636,20,Retired,0,0,0.0008211
2015,16,2015-10-25,americas,SAI,toro_rosso,0,20,0,0.0086517,0.09459459,0.0,0.12563267,0.5,0.0397351,0.5,7,Finished,1,0,0.00109917
2015,17,2015-11-01,rodriguez,ROS,mercedes,0,1,0,1.0,1.0,0.0,0.55675884,0.5,0.75535168,0.21428571,1,Finished,1,1,0.34778974
2015,17,2015-11-01,rodriguez,HAM,mercedes,0,2,0,0.77880078,1.0,0.0,1.0,0.5,1.0,0.78571429,2,Finished,1,0,0.42128145
2015,17,2015-11-01,rodriguez,VET,ferrari,0,3,0,0.60653066,0.89189189,0.0,0.9945254,0.5,0.7675841,0.81818182,18,Accident,0,0,0.16690663
2015,17,2015-11-01,rodriguez,KVY,red_bull,0,4,0,0.47236655,0.28378378,0.0,0.26830631,0.5,0.2324159,0.5,4,Finished,1,0,0.01095338
2015,17,2015-11-01,rodriguez,RIC,red_bull,0,5,0,0.36787944,0.28378378,0.0,0.32285917,0.5,0.22629969,0.5,5,Finished,1,0,0.00806874
2015,17,2015-11-01,rodriguez,BOT,williams,0,6,0,0.2865048,0.39864865,0.0,0.36186739,0.5,0.33944954,0.54545455,3,Finished,1,0,0.00842283
2015,17,2015-11-01,rodriguez,MAS,williams,0,7,0,0.22313016,0.39864865,0.0,0.31497347,0.5,0.33333333,0.45454545,6,Finished,1,0,0.00612484
2015,17,2015-11-01,rodriguez,VER,toro_rosso,0,8,0,0.17377394,0.18918919,0.0,0.31835179,0.5,0.13761468,0.57142857,9,Finished,1,0,0.00345646
2015,17,2015-11-01,rodriguez,PER,force_india,0,9,0,0.13533528,0.35810811,0.0,0.47488146,0.5,0.19571865,0.5,8,Finished,1,0,0.00465173
2015,17,2015-11-01,rodriguez,HUL,force_india,0,10,0,0.10539922,0.35810811,0.0,0.16726841,0.5,0.11620795,0.5,7,Finished,1,0,0.00282509
2015,17,2015-11-01,rodriguez,SAI,toro_rosso,0,11,0,0.082085,0.18918919,0.0,0.20093123,0.5,0.05504587,0.42857143,13,Finished,1,0,0.00193873
2015,17,2015-11-01,rodriguez,GRO,lotus_f1,0,12,0,0.06392786,0.13513514,0.0,0.07529855,0.5,0.13455657,0.75,10,Finished,1,0,0.00183026
2015,17,2015-11-01,rodriguez,MAL,lotus_f1,0,13,0,0.04978707,0.13513514,0.0,0.22629782,0.5,0.0795107,0.25,11,Finished,1,0,0.00153702
2015,17,2015-11-01,rodriguez,ERI,sauber,0,14,0,0.03877421,0.08783784,0.0,0.10287634,0.5,0.02752294,0.36363636,12,Finished,1,0,0.00122566
2015,17,2015-11-01,rodriguez,RAI,ferrari,0,15,0,0.03019738,0.89189189,0.0,0.4787644,0.5,0.37614679,0.18181818,19,Collision,0,0,0.00704798
2015,17,2015-11-01,rodriguez,ALO,mclaren,0,16,0,0.02351775,0.06756757,0.0,0.10984478,0.5,0.03363914,0.57142857,20,Retired,0,0,0.00126568
2015,17,2015-11-01,rodriguez,NAS,sauber,0,17,0,0.01831564,0.08783784,0.0,0.2064482,0.5,0.08256881,0.63636364,17,Brakes,0,0,0.00152602
2015,17,2015-11-01,rodriguez,RSS,manor,0,18,0,0.01426423,0.0,0.0,0.09102084,0.5,0.0,0.5,15,+2 Laps,1,0,0.00102224
2015,17,2015-11-01,rodriguez,STE,manor,0,19,0,0.011109,0.0,0.0,0.05580436,0.5,0.0,0.36363636,16,+2 Laps,1,0,0.0009102
2015,17,2015-11-01,rodriguez,BUT,mclaren,0,20,0,0.0086517,0.06756757,0.0,0.17345915,0.5,0.04892966,0.42857143,14,Finished,1,0,0.00121533
2015,18,2015-11-15,interlagos,ROS,mercedes,0,1,3,1.0,1.0,0.0,0.83438015,0.93855847,0.7884058,0.26666667,1,Finished,1,1,0.47796054
2015,18,2015-11-15,interlagos,HAM,mercedes,0,2,3,0.77880078,1.0,0.0,1.0,0.66997339,1.0,0.73333333,2,Finished,1,0,0.36954171
2015,18,2015-11-15,interlagos,VET,ferrari,0,3,3,0.60653066,0.62650602,0.0,0.82733532,0.93041695,0.72753623,0.81818182,3,Finished,1,0,0.10245799
2015,18,2015-11-15,interlagos,BOT,williams,0,4,2,0.47236655,0.3313253,0.0,0.41086373,0.27203245,0.36521739,0.58333333,5,+1 Lap,1,0,0.00954943
2015,18,2015-11-15,interlagos,RAI,ferrari,0,5,2,0.36787944,0.62650602,0.0,0.38382613,0.41972736,0.35652174,0.18181818,4,Finished,1,0,0.00992523
2015,18,2015-11-15,interlagos,HUL,force_india,0,6,3,0.2865048,0.29518072,0.0,0.17520839,0.44932896,0.12753623,0.54545455,6,+1 Lap,1,0,0.00365411
2015,18,2015-11-15,interlagos,KVY,red_bull,0,7,1,0.22313016,0.35542169,0.0,0.38147177,0.38311007,0.25507246,0.54545455,7,+1 Lap,1,0,0.00449246
2015,18,2015-11-15,interlagos,MAS,williams,0,8,3,0.17377394,0.3313253,0.0,0.25072553,0.84880194,0.33913043,0.41666667,20,Excluded,0,0,0.00479005
2015,18,2015-11-15,interlagos,RIC,red_bull,0,9,3,0.13533528,0.35542169,0.0,0.39127364,0.11240089,0.24347826,0.45454545,11,+1 Lap,1,0,0.0026163
2015,18,2015-11-15,interlagos,VER,toro_rosso,0,10,0,0.10539922,0.18072289,0.0,0.35731781,0.5,0.13623188,0.625,9,+1 Lap,1,0,0.00242039
2015,18,2015-11-15,interlagos,NAS,sauber,0,11,0,0.082085,0.06626506,0.0,0.19249193,0.5,0.07826087,0.63636364,13,+1 Lap,1,0,0.00147846
2015,18,2015-11-15,interlagos,SAI,toro_rosso,0,12,0,0.06392786,0.18072289,0.0,0.19878531,0.5,0.05217391,0.375,19,Retired,0,0,0.00144242
2015,18,2015-11-15,interlagos,PER,force_india,0,13,3,0.04978707,0.29518072,0.0,0.46566345,0.22214247,0.19710145,0.45454545,12,+1 Lap,1,0,0.0021247
2015,18,2015-11-15,interlagos,ERI,sauber,0,14,0,0.03877421,0.06626506,0.0,0.08390537,0.5,0.02608696,0.36363636,16,+2 Laps,1,0,0.00094395
2015,18,2015-11-15,interlagos,GRO,lotus_f1,0,15,3,0.03019738,0.12650602,0.0,0.1221592,0.02844576,0.13043478,0.8,8,+1 Lap,1,0,0.00097835
2015,18,2015-11-15,interlagos,MAL,lotus_f1,0,16,3,0.02351775,0.12650602,0.0,0.27247969,0.10164422,0.07536232,0.2,10,+1 Lap,1,0,0.0008428
2015,18,2015-11-15,interlagos,BUT,mclaren,0,17,3,0.01831564,0.06024096,0.0,0.18169299,1.0,0.04637681,0.42857143,14,+1 Lap,1,0,0.00160132
2015,18,2015-11-15,interlagos,RSS,manor,0,18,0,0.01426423,0.0,0.0,0.09141129,0.5,0.0,1.0,18,+4 Laps,1,0,0.00109597
2015,18,2015-11-15,interlagos,STE,manor,0,19,0,0.011109,0.0,0.0,0.05556674,0.5,0.0,0.33333333,17,+4 Laps,1,0,0.00072687
2015,18,2015-11-15,interlagos,ALO,mclaren,0,20,3,0.0086517,0.06024096,0.0,0.10631958,0.86984399,0.03188406,0.57142857,15,+1 Lap,1,0,0.00135696
2015,8,2015-06-21,red_bull_ring,HAM,mercedes,0,1,1,1.0,1.0,0.0,1.0,0.6274923,1.0,0.71428571,2,Finished,1,0,0.68249512
2015,8,2015-06-21,red_bull_ring,ROS,mercedes,0,2,1,0.77880078,1.0,0.0,0.95961969,0.7,0.88741722,0.28571429,1,Finished,1,1,0.2393029
2015,8,2015-06-21,red_bull_ring,VET,ferrari,0,3,1,0.60653066,0.61244019,0.0,0.68121946,0.3,0.71523179,0.66666667,4,Finished,1,0,0.04243132
2015,8,2015-06-21,red_bull_ring,MAS,williams,0,4,2,0.47236655,0.35406699,0.0,0.31436419,0.38483974,0.31125828,0.16666667,3,Finished,1,0,0.00746324
2015,8,2015-06-21,red_bull_ring,HUL,force_india,0,5,1,0.36787944,0.06698565,0.0,0.11883587,0.38075861,0.06622517,0.33333333,6,Finished,1,0,0.00246096
2015,8,2015-06-21,red_bull_ring,BOT,williams,0,6,1,0.2865048,0.35406699,0.0,0.49233044,0.56812802,0.37748344,0.83333333,5,Finished,1,0,0.00806019
2015,8,2015-06-21,red_bull_ring,VER,toro_rosso,0,7,0,0.22313016,0.01435407,0.0,0.04369417,0.5,0.0397351,0.33333333,8,+1 Lap,1,0,0.00137159
2015,8,2015-06-21,red_bull_ring,KVY,red_bull,0,8,1,0.17377394,0.20574163,0.0,0.24902894,0.3,0.12582781,0.6,12,+1 Lap,1,0,0.00199831
2015,8,2015-06-21,red_bull_ring,NAS,sauber,0,9,0,0.13533528,0.03349282,0.0,0.16036505,0.5,0.10596026,0.83333333,11,+1 Lap,1,0,0.00159407
2015,8,2015-06-21,red_bull_ring,GRO,lotus_f1,0,10,1,0.10539922,0.11004785,0.0,0.25062925,0.32970943,0.11258278,0.5,15,Gearbox,0,0,0.00132449
2015,8,2015-06-21,red_bull_ring,MAL,lotus_f1,0,11,1,0.082085,0.11004785,0.0,0.08064161,0.34432126,0.0397351,0.5,7,+1 Lap,1,0,0.00097129
2015,8,2015-06-21,red_bull_ring,ERI,sauber,0,12,1,0.06392786,0.03349282,0.0,0.10666789,0.31334931,0.03311258,0.16666667,13,+2 Laps,1,0,0.00069065
2015,8,2015-06-21,red_bull_ring,SAI,toro_rosso,0,13,0,0.04978707,0.01435407,0.0,0.1266897,0.5,0.05960265,0.66666667,16,Power loss,0,0,0.00098849
2015,8,2015-06-21,red_bull_ring,RIC,red_bull,0,14,1,0.03877421,0.20574163,0.0,0.31432415,0.39863879,0.23178808,0.4,10,+1 Lap,1,0,0.00143429
2015,8,2015-06-21,red_bull_ring,ALO,mclaren,0,15,2,0.03019738,0.01913876,0.0,0.05483084,0.34680225,0.0,0.5,20,Collision,0,0,0.00067078
2015,8,2015-06-21,red_bull_ring,PER,force_india,0,16,1,0.02351775,0.06698565,0.0,0.20253273,0.44715178,0.07284768,0.66666667,9,+1 Lap,1,0,0.00102691
2015,8,2015-06-21,red_bull_ring,BUT,mclaren,0,17,3,0.01831564,0.01913876,0.0,0.08256926,0.30459115,0.02649007,0.5,17,Retired,0,0,0.00065535
2015,8,2015-06-21,red_bull_ring,RAI,ferrari,0,18,3,0.01426423,0.61244019,0.0,0.60893996,0.3356411,0.47682119,0.33333333,19,Collision,0,0,0.00369147
2015,8,2015-06-21,red_bull_ring,MER,manor,0,19,0,0.011109,0.0,0.0,0.03869629,0.5,0.0,0.25,14,+3 Laps,1,0,0.00059859
2015,8,2015-06-21,red_bull_ring,STE,manor,0,20,0,0.0086517,0.0,0.0,0.05187817,0.5,0.0,0.75,18,Oil leak,0,0,0.00077001
2015,19,2015-11-29,yas_marina,ROS,mercedes,0,1,3,1.0,1.0,0.0,0.78436479,0.42402547,0.81818182,0.3125,1,Finished,1,1,0.41460253
2015,19,2015-11-29,yas_marina,HAM,mercedes,0,2,3,0.77880078,1.0,0.0,1.0,0.94466889,1.0,0.6875,2,Finished,1,0,0.51102174
2015,19,2015-11-29,yas_marina,RAI,ferrari,0,3,3,0.60653066,0.46192893,0.0,0.28986122,0.51905228,0.37190083,0.16666667,3,Finished,1,0,0.01996962
2015,19,2015-11-29,yas_marina,PER,force_india,0,4,3,0.47236655,0.25888325,0.0,0.34239687,0.36896761,0.18732782,0.41666667,5,Finished,1,0,0.00857451
2015,19,2015-11-29,yas_marina,RIC,red_bull,0,5,3,0.36787944,0.19796954,0.0,0.17483125,0.51984271,0.23140496,0.41666667,6,Finished,1,0,0.0053179
2015,19,2015-11-29,yas_marina,BOT,williams,0,6,2,0.2865048,0.27918782,0.0,0.3383269,0.64284519,0.37465565,0.58333333,13,+1 Lap,1,0,0.00723764
2015,19,2015-11-29,yas_marina,HUL,force_india,0,7,3,0.22313016,0.25888325,0.0,0.2236036,0.32757453,0.14325069,0.58333333,7,Finished,1,0,0.00324289
2015,19,2015-11-29,yas_marina,MAS,williams,0,8,3,0.17377394,0.27918782,0.0,0.20646064,0.89092218,0.32231405,0.41666667,8,Finished,1,0,0.00457385
2015,19,2015-11-29,yas_marina,KVY,red_bull,0,9,1,0.13533528,0.19796954,0.0,0.29974432,0.3,0.25895317,0.58333333,10,Finished,1,0,0.00254965
2015,19,2015-11-29,yas_marina,SAI,toro_rosso,0,10,0,0.10539922,0.1319797,0.0,0.12015432,0.5,0.04958678,0.375,11,Finished,1,0,0.00153902
2015,19,2015-11-29,yas_marina,VER,toro_rosso,0,11,0,0.082085,0.1319797,0.0,0.28459537,0.5,0.13498623,0.625,16,+1 Lap,1,0,0.00205257
2015,19,2015-11-29,yas_marina,BUT,mclaren,0,12,3,0.06392786,0.05076142,0.0,0.1656316,0.62515516,0.04407713,0.5,12,+1 Lap,1,0,0.00145258
2015,19,2015-11-29,yas_marina,MAL,lotus_f1,0,13,3,0.04978707,0.1319797,0.0,0.23612537,0.24918856,0.07438017,0.16666667,20,Collision,0,0,0.00108838
2015,19,2015-11-29,yas_marina,NAS,sauber,0,14,0,0.03877421,0.05076142,0.0,0.14242575,0.5,0.07438017,0.66666667,15,+1 Lap,1,0,0.00130855
2015,19,2015-11-29,yas_marina,GRO,lotus_f1,0,15,3,0.03019738,0.1319797,0.0,0.15376733,0.3704962,0.13498623,0.83333333,9,Finished,1,0,0.00149079
2015,19,2015-11-29,yas_marina,VET,ferrari,0,16,3,0.02351775,0.46192893,0.0,0.610181,1.0,0.73278237,0.83333333,4,Finished,1,0,0.0102129
2015,19,2015-11-29,yas_marina,ALO,mclaren,0,17,3,0.01831564,0.05076142,0.0,0.10066195,0.72228369,0.03030303,0.5,17,+2 Laps,1,0,0.00123557
2015,19,2015-11-29,yas_marina,ERI,sauber,0,18,0,0.01426423,0.05076142,0.0,0.05064491,0.5,0.02479339,0.33333333,14,+1 Lap,1,0,0.00088877
2015,19,2015-11-29,yas_marina,STE,manor,0,19,1,0.011109,0.0,0.0,0.04143357,0.3279856,0.0,0.38461538,18,+2 Laps,1,0,0.00070936
2015,19,2015-11-29,yas_marina,MER,manor,0,20,0,0.0086517,0.0,0.0,0.09780993,0.5,0.0,0.55555556,19,+3 Laps,1,0,0.00093119
2014,1,2014-03-16,albert_park,HAM,mercedes,0,1,3,1.0,0.0,0.0,1.0,0.76166934,0.0,0.5,19,Engine,0,0,0.44182244
2014,1,2014-03-16,albert_park,RIC,red_bull,0,2,2,0.77880078,0.0,0.0,1.0,0.24318818,0.0,0.5,22,Disqualified,0,0,0.13711696
2014,1,2014-03-16,albert_park,ROS,mercedes,0,3,3,0.60653066,0.0,0.0,1.0,0.04448824,0.0,0.5,1,Finished,1,1,0.06478315
2014,1,2014-03-16,albert_park,MAG,mclaren,0,4,0,0.47236655,0.0,0.0,1.0,0.5,0.0,0.5,2,Finished,1,0,0.05841385
2014,1,2014-03-16,albert_park,ALO,ferrari,0,5,3,0.36787944,0.0,0.0,1.0,0.80741158,0.0,0.5,4,Finished,1,0,0.05191886
2014,1,2014-03-16,albert_park,VER,toro_rosso,0,6,2,0.2865048,0.0,0.0,1.0,0.27416857,0.0,0.5,8,Finished,1,0,0.02577977
2014,1,2014-03-16,albert_park,HUL,force_india,0,7,2,0.22313016,0.0,0.0,1.0,0.175,0.0,0.5,6,Finished,1,0,0.01916782
2014,1,2014-03-16,albert_park,KVY,toro_rosso,0,8,0,0.17377394,0.0,0.0,1.0,0.5,0.0,0.5,9,Finished,1,0,0.02088641
2014,1,2014-03-16,albert_park,MAS,williams,0,9,3,0.13533528,0.0,0.0,1.0,0.40116788,0.0,0.5,20,Collision,0,0,0.01692674
2014,1,2014-03-16,albert_park,BOT,williams,0,10,1,0.10539922,0.0,0.0,1.0,0.33748971,0.0,0.5,5,Finished,1,0,0.01452182
2014,1,2014-03-16,albert_park,BUT,mclaren,0,11,3,0.082085,0.0,0.0,1.0,0.62281552,0.0,0.5,3,Finished,1,0,0.01677653
2014,1,2014-03-16,albert_park,RAI,ferrari,0,12,2,0.06392786,0.0,0.0,1.0,0.75920802,0.0,0.5,7,Finished,1,0,0.0175459
2014,1,2014-03-16,albert_park,VET,red_bull,0,13,3,0.04978707,0.0,0.0,1.0,1.0,0.0,0.5,18,Engine,0,0,0.02020004
2014,1,2014-03-16,albert_park,SUT,sauber,0,14,2,0.03877421,0.0,0.0,1.0,0.38850933,0.0,0.5,11,+1 Lap,1,0,0.01201721
2014,1,2014-03-16,albert_park,KOB,caterham,0,15,2,0.03019738,0.0,0.0,1.0,0.35249566,0.0,0.5,21,Collision,0,0,0.01134124
2014,1,2014-03-16,albert_park,PER,force_india,0,16,3,0.02351775,0.0,0.0,1.0,0.17663622,0.0,0.5,10,Finished,1,0,0.00965029
2014,1,2014-03-16,albert_park,CHI,marussia,0,17,1,0.01831564,0.0,0.0,1.0,0.32057479,0.0,0.5,13,+2 Laps,1,0,0.01061629
2014,1,2014-03-16,albert_park,BIA,marussia,0,18,1,0.01426423,0.0,0.0,1.0,0.33069398,0.0,0.5,14,+8 Laps,1,0,0.01055292
2014,1,2014-03-16,albert_park,GUT,sauber,0,19,1,0.011109,0.0,0.0,1.0,0.34579004,0.0,0.5,12,+1 Lap,1,0,0.01056365
2014,1,2014-03-16,albert_park,ERI,caterham,0,20,0,0.0086517,0.0,0.0,1.0,0.5,0.0,0.5,17,Oil pressure,0,0,0.01182672
2014,1,2014-03-16,albert_park,GRO,lotus_f1,0,21,2,0.00673795,0.0,0.0,1.0,0.25475394,0.0,0.5,15,ERS,0,0,0.00968611
2014,1,2014-03-16,albert_park,MAL,lotus_f1,0,22,3,0.00524752,0.0,0.0,1.0,0.0,0.0,0.5,16,ERS,0,0,0.00788528
2014,2,2014-03-30,sepang,HAM,mercedes,0,1,3,1.0,0.75757576,0.0,0.0,0.79188254,0.0,0.5,1,Finished,1,1,0.29093909
2014,2,2014-03-30,sepang,VET,red_bull,0,2,3,0.77880078,0.0,0.0,0.0,1.0,0.0,0.5,3,Finished,1,0,0.05228884
2014,2,2014-03-30,sepang,ROS,mercedes,0,3,3,0.60653066,0.75757576,0.0,1.0,0.41870023,1.0,0.5,2,Finished,1,0,0.36280234
2014,2,2014-03-30,sepang,ALO,ferrari,0,4,3,0.47236655,0.54545455,0.0,0.54881164,0.55428638,0.48,0.5,4,Finished,1,0,0.07576033
2014,2,2014-03-30,sepang,RIC,red_bull,0,5,2,0.36787944,0.0,0.0,0.0,0.21591182,0.0,0.5,16,Technical,0,0,0.00684922
2014,2,2014-03-30,sepang,RAI,ferrari,0,6,2,0.2865048,0.54545455,0.0,0.30119421,0.49977687,0.24,0.5,12,+1 Lap,1,0,0.02422768
2014,2,2014-03-30,sepang,HUL,force_india,0,7,2,0.22313016,0.27272727,0.0,0.36787944,0.37961898,0.32,0.5,5,Finished,1,0,0.01356101
2014,2,2014-03-30,sepang,MAG,mclaren,0,8,0,0.17377394,1.0,0.0,0.81873075,0.5,0.72,0.5,9,+1 Lap,1,0,0.08214559
2014,2,2014-03-30,sepang,VER,toro_rosso,0,9,2,0.13533528,0.18181818,0.0,0.24659696,0.35324133,0.16,0.5,19,Power Unit,0,0,0.00663652
2014,2,2014-03-30,sepang,BUT,mclaren,0,10,3,0.10539922,1.0,0.0,0.67032005,0.28930008,0.6,0.5,6,Finished,1,0,0.04260532
2014,2,2014-03-30,sepang,KVY,toro_rosso,0,11,0,0.082085,0.18181818,0.0,0.20189652,0.5,0.08,0.5,10,+1 Lap,1,0,0.00554749
2014,2,2014-03-30,sepang,GUT,sauber,0,12,1,0.06392786,0.0,0.0,0.11080316,0.36114295,0.0,0.5,17,Gearbox,0,0,0.00303893
2014,2,2014-03-30,sepang,MAS,williams,0,13,3,0.04978707,0.3030303,0.0,0.0,0.44932896,0.0,0.5,7,Finished,1,0,0.00430423
2014,2,2014-03-30,sepang,PER,force_india,0,14,3,0.03877421,0.27272727,0.0,0.16529889,0.4859793,0.04,0.5,22,Withdrew,0,0,0.00503401
2014,2,2014-03-30,sepang,BOT,williams,0,15,1,0.03019738,0.3030303,0.0,0.44932896,0.37468016,0.4,0.5,8,Finished,1,0,0.00845424
2014,2,2014-03-30,sepang,GRO,lotus_f1,0,16,2,0.02351775,0.0,0.0,0.0,0.36904577,0.0,0.5,11,+1 Lap,1,0,0.00235984
2014,2,2014-03-30,sepang,MAL,lotus_f1,0,17,3,0.01831564,0.0,0.0,0.0,0.0,0.0,0.5,21,Engine,0,0,0.00173349
2014,2,2014-03-30,sepang,SUT,sauber,0,18,2,0.01426423,0.0,0.0,0.13533528,0.22496982,0.0,0.5,18,Electrical,0,0,0.00236268
2014,2,2014-03-30,sepang,BIA,marussia,0,19,1,0.011109,0.0,0.0,0.07427358,0.35005961,0.0,0.5,20,Brakes,0,0,0.00241406
2014,2,2014-03-30,sepang,KOB,caterham,0,20,2,0.0086517,0.0,0.0,0.0,0.28620987,0.0,0.5,13,+1 Lap,1,0,0.0021005
2014,2,2014-03-30,sepang,CHI,marussia,0,21,1,0.00673795,0.0,0.0,0.09071795,0.3274733,0.0,0.5,15,+2 Laps,1,0,0.00237803
2014,2,2014-03-30,sepang,ERI,caterham,0,22,0,0.00524752,0.0,0.0,0.0,0.5,0.0,0.5,14,+2 Laps,1,0,0.00245657
2014,3,2014-04-06,bahrain,ROS,mercedes,0,1,3,1.0,1.0,0.0,1.0,0.37534901,1.0,0.5,2,Finished,1,0,0.74793965
2014,3,2014-04-06,bahrain,HAM,mercedes,0,2,3,0.77880078,1.0,0.0,0.549834,0.48475691,0.58139535,0.5,1,Finished,1,1,0.16812466
2014,3,2014-04-06,bahrain,RIC,red_bull,0,3,2,0.60653066,0.22058824,0.0,0.0,0.21434657,0.0,0.5,4,Finished,1,0,0.00828973
2014,3,2014-04-06,bahrain,BOT,williams,0,4,1,0.47236655,0.29411765,0.0,0.38264373,0.33310401,0.3255814,0.5,8,Finished,1,0,0.01249693
2014,3,2014-04-06,bahrain,PER,force_india,0,5,2,0.36787944,0.27941176,0.0,0.09088695,0.37209227,0.02325581,0.5,3,Finished,1,0,0.00505682
2014,3,2014-04-06,bahrain,RAI,ferrari,0,6,2,0.2865048,0.44117647,0.0,0.22653016,0.76798092,0.13953488,0.5,10,Finished,1,0,0.00840895
2014,3,2014-04-06,bahrain,BUT,mclaren,0,7,3,0.22313016,0.63235294,0.0,0.57083737,0.15999547,0.53488372,0.5,17,Clutch,0,0,0.01100696
2014,3,2014-04-06,bahrain,MAS,williams,0,8,3,0.17377394,0.29411765,0.0,0.16560682,0.30971495,0.13953488,0.5,7,Finished,1,0,0.00299577
2014,3,2014-04-06,bahrain,MAG,mclaren,0,9,0,0.13533528,0.63235294,0.0,0.56117557,0.5,0.46511628,0.5,18,Clutch,0,0,0.00995849
2014,3,2014-04-06,bahrain,ALO,ferrari,0,10,3,0.10539922,0.44117647,0.0,0.60351059,0.48492205,0.55813953,0.5,9,Finished,1,0,0.00754062
2014,3,2014-04-06,bahrain,VET,red_bull,0,11,3,0.082085,0.22058824,0.0,0.36856475,1.0,0.34883721,0.5,6,Finished,1,0,0.0049569
2014,3,2014-04-06,bahrain,HUL,force_india,0,12,3,0.06392786,0.27941176,0.0,0.44932896,0.11421267,0.41860465,0.5,5,Finished,1,0,0.00291558
2014,3,2014-04-06,bahrain,KVY,toro_rosso,0,13,0,0.04978707,0.10294118,0.0,0.20189652,0.5,0.06976744,0.5,11,Finished,1,0,0.00168558
2014,3,2014-04-06,bahrain,VER,toro_rosso,0,14,2,0.03877421,0.10294118,0.0,0.13558739,0.19715048,0.09302326,0.5,21,Retired,0,0,0.00121201
2014,3,2014-04-06,bahrain,GUT,sauber,0,15,1,0.03019738,0.0,0.0,0.06092334,0.31487459,0.0,0.5,19,Collision,0,0,0.00095066
2014,3,2014-04-06,bahrain,GRO,lotus_f1,0,16,2,0.02351775,0.0,0.0,0.07441194,0.66049171,0.0,0.5,12,Finished,1,0,0.0012375
2014,3,2014-04-06,bahrain,MAL,lotus_f1,0,17,2,0.01831564,0.0,0.0,0.0,0.23265829,0.0,0.5,14,Finished,1,0,0.00080076
2014,3,2014-04-06,bahrain,SUT,sauber,0,18,2,0.01426423,0.0,0.0,0.07441194,0.24669413,0.0,0.5,22,Collision,0,0,0.00086541
2014,3,2014-04-06,bahrain,KOB,caterham,0,19,2,0.011109,0.0,0.0,0.04987981,0.21364951,0.0,0.5,15,Finished,1,0,0.00081221
2014,3,2014-04-06,bahrain,BIA,marussia,0,20,1,0.0086517,0.0,0.0,0.04083814,0.31217828,0.0,0.5,16,+1 Lap,1,0,0.00086185
2014,3,2014-04-06,bahrain,ERI,caterham,0,21,0,0.00673795,0.0,0.0,0.04083814,0.5,0.0,0.5,20,Retired,0,0,0.00099263
2014,3,2014-04-06,bahrain,CHI,marussia,0,22,1,0.00524752,0.0,0.0,0.08331525,0.30997074,0.0,0.5,13,Finished,1,0,0.00089034
2014,4,2014-04-20,shanghai,HAM,mercedes,0,1,3,1.0,1.0,0.0,0.75830491,1.0,0.81967213,0.5,1,Finished,1,1,0.75900562
2014,4,2014-04-20,shanghai,RIC,red_bull,0,2,2,0.77880078,0.31531532,0.0,0.20808328,0.34416851,0.19672131,0.5,4,Finished,1,0,0.02597292
2014,4,2014-04-20,shanghai,VET,red_bull,0,3,3,0.60653066,0.31531532,0.0,0.39363588,0.77625683,0.37704918,0.5,5,Finished,1,0,0.02840886
2014,4,2014-04-20,shanghai,ROS,mercedes,0,4,3,0.47236655,1.0,0.0,1.0,0.56397659,1.0,0.5,2,Finished,1,0,0.13097332
2014,4,2014-04-20,shanghai,ALO,ferrari,0,5,3,0.36787944,0.2972973,0.0,0.49271612,0.787978,0.42622951,1.0,3,Finished,1,0,0.01816204
2014,4,2014-04-20,shanghai,MAS,williams,0,6,3,0.2865048,0.27027027,0.0,0.22839705,0.37530051,0.19672131,0.5,15,+1 Lap,1,0,0.00467125
2014,4,2014-04-20,shanghai,BOT,williams,0,7,1,0.22313016,0.27027027,0.0,0.35735987,0.34869146,0.29508197,0.5,7,Finished,1,0,0.00456872
2014,4,2014-04-20,shanghai,HUL,force_india,0,8,2,0.17377394,0.3963964,0.0,0.48021075,0.28164668,0.45901639,0.5,6,Finished,1,0,0.00572408
2014,4,2014-04-20,shanghai,VER,toro_rosso,0,9,2,0.13533528,0.06306306,0.0,0.09349784,0.24972858,0.06557377,0.5,12,+1 Lap,1,0,0.00144302
2014,4,2014-04-20,shanghai,GRO,lotus_f1,0,10,2,0.10539922,0.0,0.0,0.09332399,0.41070374,0.0,0.5,21,Gearbox,0,0,0.00127821
2014,4,2014-04-20,shanghai,RAI,ferrari,0,11,2,0.082085,0.2972973,0.0,0.21888329,0.62172851,0.1147541,0.0,8,Finished,1,0,0.00211781
2014,4,2014-04-20,shanghai,BUT,mclaren,0,12,3,0.06392786,0.38738739,0.0,0.39363588,0.79097984,0.37704918,0.5,11,+1 Lap,1,0,0.00493214
2014,4,2014-04-20,shanghai,KVY,toro_rosso,0,13,0,0.04978707,0.06306306,0.0,0.19053574,0.5,0.04918033,0.5,10,+1 Lap,1,0,0.00143513
2014,4,2014-04-20,shanghai,SUT,sauber,0,14,2,0.03877421,0.0,0.0,0.0513127,0.19683924,0.0,0.5,22,Engine,0,0,0.00082048
2014,4,2014-04-20,shanghai,MAG,mclaren,0,15,0,0.03019738,0.38738739,0.0,0.38697333,0.5,0.32786885,0.5,13,+1 Lap,1,0,0.00333536
2014,4,2014-04-20,shanghai,PER,force_india,0,16,3,0.02351775,0.3963964,0.0,0.31682697,0.15275654,0.26229508,0.5,9,Finished,1,0,0.00221209
2014,4,2014-04-20,shanghai,GUT,sauber,0,17,1,0.01831564,0.0,0.0,0.04201129,0.3,0.0,0.5,16,+1 Lap,1,0,0.00082104
2014,4,2014-04-20,shanghai,KOB,caterham,0,18,2,0.01426423,0.0,0.0,0.05745222,0.31917265,0.0,0.5,18,+1 Lap,1,0,0.00083583
2014,4,2014-04-20,shanghai,BIA,marussia,0,19,1,0.011109,0.0,0.0,0.0470379,0.33263886,0.0,0.5,17,+1 Lap,1,0,0.00082624
2014,4,2014-04-20,shanghai,ERI,caterham,0,20,0,0.0086517,0.0,0.0,0.02816101,0.5,0.0,0.5,20,+2 Laps,1,0,0.00091575
2014,4,2014-04-20,shanghai,CHI,marussia,0,21,1,0.00673795,0.0,0.0,0.09184815,0.32187848,0.0,0.5,19,+2 Laps,1,0,0.00084714
2014,4,2014-04-20,shanghai,MAL,lotus_f1,0,22,3,0.00524752,0.0,0.0,0.02816101,0.16076304,0.0,0.5,14,+1 Lap,1,0,0.00069294
2014,5,2014-05-11,catalunya,HAM,mercedes,0,1,3,1.0,1.0,0.0,0.86800727,0.38535747,0.94936709,1.0,1,Finished,1,1,0.68611639
2014,5,2014-05-11,catalunya,ROS,mercedes,0,2,3,0.77880078,1.0,0.0,1.0,0.40567484,1.0,0.0,2,Finished,1,0,0.2388544
2014,5,2014-05-11,catalunya,RIC,red_bull,0,3,2,0.60653066,0.37012987,0.0,0.31758166,0.28205583,0.30379747,0.5,3,Finished,1,0,0.01668637
2014,5,2014-05-11,catalunya,BOT,williams,0,4,1,0.47236655,0.23376623,0.0,0.35985183,0.32437046,0.30379747,0.33333333,5,Finished,1,0,0.0085699
2014,5,2014-05-11,catalunya,GRO,lotus_f1,0,5,2,0.36787944,0.0,0.0,0.07121665,0.35475165,0.0,0.5,8,+1 Lap,1,0,0.00271176
2014,5,2014-05-11,catalunya,RAI,ferrari,0,6,2,0.2865048,0.33766234,0.0,0.23838177,0.77763195,0.13924051,0.0,7,+1 Lap,1,0,0.00491963
2014,5,2014-05-11,catalunya,ALO,ferrari,0,7,3,0.22313016,0.33766234,0.0,0.5699451,1.0,0.51898734,1.0,6,Finished,1,0,0.01487897
2014,5,2014-05-11,catalunya,BUT,mclaren,0,8,3,0.17377394,0.27922078,0.0,0.33954557,0.40221059,0.29113924,0.66666667,11,+1 Lap,1,0,0.00397589
2014,5,2014-05-11,catalunya,MAS,williams,0,9,3,0.13533528,0.23376623,0.0,0.19188704,0.39653833,0.15189873,0.66666667,13,+1 Lap,1,0,0.00247646
2014,5,2014-05-11,catalunya,VET,red_bull,0,10,3,0.10539922,0.37012987,0.0,0.43039517,0.72663515,0.41772152,0.5,4,Finished,1,0,0.00520877
2014,5,2014-05-11,catalunya,HUL,force_india,0,11,2,0.082085,0.35064935,0.0,0.47289522,0.25759309,0.4556962,0.66666667,10,+1 Lap,1,0,0.00378078
2014,5,2014-05-11,catalunya,PER,force_india,0,12,3,0.06392786,0.35064935,0.0,0.30019032,0.16845523,0.2278481,0.33333333,9,+1 Lap,1,0,0.00194812
2014,5,2014-05-11,catalunya,KVY,toro_rosso,0,13,0,0.04978707,0.05194805,0.0,0.19322698,0.5,0.05063291,0.5,14,+1 Lap,1,0,0.00130337
2014,5,2014-05-11,catalunya,GUT,sauber,0,14,1,0.03877421,0.0,0.0,0.04646449,0.36624577,0.0,0.5,16,+1 Lap,1,0,0.00085753
2014,5,2014-05-11,catalunya,MAG,mclaren,0,15,0,0.03019738,0.27922078,0.0,0.32155191,0.5,0.25316456,0.33333333,12,+1 Lap,1,0,0.00211556
2014,5,2014-05-11,catalunya,VER,toro_rosso,0,16,2,0.02351775,0.05194805,0.0,0.10340863,0.21129123,0.05063291,0.5,22,Exhaust,0,0,0.00086066
2014,5,2014-05-11,catalunya,SUT,sauber,0,17,2,0.01831564,0.0,0.0,0.03915734,0.24715953,0.0,0.5,17,+1 Lap,1,0,0.00072193
2014,5,2014-05-11,catalunya,CHI,marussia,0,18,1,0.01426423,0.0,0.0,0.07799615,0.31337479,0.0,0.66666667,19,+2 Laps,1,0,0.00084908
2014,5,2014-05-11,catalunya,BIA,marussia,0,19,1,0.011109,0.0,0.0,0.04768914,0.316336,0.0,0.33333333,18,+2 Laps,1,0,0.00069145
2014,5,2014-05-11,catalunya,ERI,caterham,0,20,0,0.0086517,0.0,0.0,0.02796267,0.5,0.0,0.5,20,+2 Laps,1,0,0.00084183
2014,5,2014-05-11,catalunya,KOB,caterham,0,21,2,0.00673795,0.0,0.0,0.05349855,0.43938045,0.0,0.5,21,Brakes,0,0,0.00081967
2014,5,2014-05-11,catalunya,MAL,lotus_f1,0,22,3,0.00524752,0.0,0.0,0.04298,0.4475967,0.0,0.5,15,+1 Lap,1,0,0.00081148
2014,6,2014-05-25,monaco,ROS,mercedes,0,1,3,1.0,1.0,0.0,1.0,0.96352119,0.97,0.0,1,Finished,1,1,0.6250455
2014,6,2014-05-25,monaco,HAM,mercedes,0,2,3,0.77880078,1.0,0.0,0.93568937,0.6149993,1.0,1.0,2,Finished,1,0,0.30736142
2014,6,2014-05-25,monaco,RIC,red_bull,0,3,2,0.60653066,0.42639594,0.0,0.41356144,0.175,0.39,1.0,3,Finished,1,0,0.02050311
2014,6,2014-05-25,monaco,VET,red_bull,0,4,3,0.47236655,0.42639594,0.0,0.47634544,1.0,0.45,0.0,20,Turbo,0,0,0.01553564
2014,6,2014-05-25,monaco,ALO,ferrari,0,5,3,0.36787944,0.33502538,0.0,0.54684477,0.69280896,0.49,1.0,4,Finished,1,0,0.01263999
2014,6,2014-05-25,monaco,RAI,ferrari,0,6,2,0.2865048,0.33502538,0.0,0.26318309,0.32646346,0.17,0.0,12,+1 Lap,1,0,0.00272317
2014,6,2014-05-25,monaco,VER,toro_rosso,0,7,2,0.22313016,0.04060914,0.0,0.08360387,0.33512405,0.04,0.5,17,Engine,0,0,0.00137597
2014,6,2014-05-25,monaco,MAG,mclaren,0,8,0,0.17377394,0.21827411,0.0,0.28588781,0.5,0.2,0.25,10,+1 Lap,1,0,0.00198111
2014,6,2014-05-25,monaco,KVY,toro_rosso,0,9,0,0.13533528,0.04060914,0.0,0.17359451,0.5,0.04,0.5,19,Mechanical,0,0,0.00119952
2014,6,2014-05-25,monaco,PER,force_india,0,10,3,0.10539922,0.2893401,0.0,0.28992615,0.05563143,0.2,0.5,21,Collision,0,0,0.00136245
2014,6,2014-05-25,monaco,HUL,force_india,0,11,2,0.082085,0.2893401,0.0,0.42099371,0.32711881,0.37,0.5,5,+1 Lap,1,0,0.00193982
2014,6,2014-05-25,monaco,BUT,mclaren,0,12,3,0.06392786,0.21827411,0.0,0.30617395,0.41284862,0.23,0.75,6,+1 Lap,1,0,0.00157819
2014,6,2014-05-25,monaco,BOT,williams,0,13,1,0.04978707,0.23350254,0.0,0.3960413,0.35725929,0.34,0.5,16,Engine,0,0,0.00154789
2014,6,2014-05-25,monaco,GRO,lotus_f1,0,14,2,0.03877421,0.02030457,0.0,0.11526182,0.175,0.04,0.5,8,+1 Lap,1,0,0.00059872
2014,6,2014-05-25,monaco,MAL,lotus_f1,0,15,3,0.03019738,0.02030457,0.0,0.04897333,0.0,0.0,0.5,22,Withdrew,0,0,0.00046513
2014,6,2014-05-25,monaco,MAS,williams,0,16,3,0.02351775,0.23350254,0.0,0.1763579,0.1512219,0.12,0.5,7,+1 Lap,1,0,0.00082981
2014,6,2014-05-25,monaco,GUT,sauber,0,17,1,0.01831564,0.0,0.0,0.04921195,0.34687994,0.0,0.5,15,Accident,0,0,0.00055383
2014,6,2014-05-25,monaco,SUT,sauber,0,18,2,0.01426423,0.0,0.0,0.04119314,0.50109992,0.0,0.5,18,Accident,0,0,0.00060389
2014,6,2014-05-25,monaco,BIA,marussia,0,19,1,0.011109,0.0,0.0,0.0463625,0.3,0.0,0.5,9,+1 Lap,1,0,0.00051922
2014,6,2014-05-25,monaco,CHI,marussia,0,20,1,0.0086517,0.0,0.0,0.06945,0.33838205,0.0,0.5,14,+3 Laps,1,0,0.0005407
2014,6,2014-05-25,monaco,KOB,caterham,0,21,2,0.00673795,0.0,0.0,0.04325254,0.33036769,0.0,0.5,13,+2 Laps,1,0,0.00052003
2014,6,2014-05-25,monaco,ERI,caterham,0,22,0,0.00524752,0.0,0.0,0.0278403,0.5,0.0,0.5,11,+1 Lap,1,0,0.0005749
2014,7,2014-06-08,villeneuve,ROS,mercedes,0,1,3,1.0,1.0,0.0,0.8871471,0.43183593,1.0,0.2,2,Finished,1,0,0.48610163
2014,7,2014-06-08,villeneuve,HAM,mercedes,0,2,3,0.77880078,1.0,0.0,1.0,0.7640337,0.96721311,0.8,17,Brakes,0,0,0.43600126
2014,7,2014-06-08,villeneuve,VET,red_bull,0,3,3,0.60653066,0.46046512,0.0,0.42258848,1.0,0.36885246,0.0,3,Finished,1,0,0.02948438
2014,7,2014-06-08,villeneuve,BOT,williams,0,4,1,0.47236655,0.19534884,0.0,0.25810056,0.33644245,0.27868852,0.5,7,Finished,1,0,0.00742595
2014,7,2014-06-08,villeneuve,MAS,williams,0,5,3,0.36787944,0.19534884,0.0,0.21896028,0.30456409,0.14754098,0.5,12,Collision,0,0,0.00436831
2014,7,2014-06-08,villeneuve,RIC,red_bull,0,6,2,0.2865048,0.46046512,0.0,0.50599701,0.22790452,0.44262295,1.0,1,Finished,1,1,0.01011628
2014,7,2014-06-08,villeneuve,ALO,ferrari,0,7,3,0.22313016,0.27906977,0.0,0.48513175,0.63185941,0.5,1.0,6,Finished,1,0,0.00874696
2014,7,2014-06-08,villeneuve,VER,toro_rosso,0,8,2,0.17377394,0.00930233,0.0,0.02299426,0.36750152,0.03278689,0.5,8,Finished,1,0,0.00132082
2014,7,2014-06-08,villeneuve,BUT,mclaren,0,9,3,0.13533528,0.08837209,0.0,0.20885779,0.35998999,0.25409836,0.8,4,Finished,1,0,0.00218083
2014,7,2014-06-08,villeneuve,RAI,ferrari,0,10,2,0.10539922,0.27906977,0.0,0.19397149,0.35064918,0.13934426,0.0,10,Finished,1,0,0.00156932
2014,7,2014-06-08,villeneuve,HUL,force_india,0,11,2,0.082085,0.26976744,0.0,0.39038604,0.21137708,0.3852459,0.5,5,Finished,1,0,0.00245764
2014,7,2014-06-08,villeneuve,MAG,mclaren,0,12,0,0.06392786,0.08837209,0.0,0.11802206,0.5,0.17213115,0.2,9,Finished,1,0,0.00120429
2014,7,2014-06-08,villeneuve,PER,force_india,0,13,2,0.04978707,0.26976744,0.0,0.22290373,0.45854144,0.16393443,0.5,11,Collision,0,0,0.001872
2014,7,2014-06-08,villeneuve,GRO,lotus_f1,0,14,2,0.03877421,0.0372093,0.0,0.15342886,0.48633945,0.06557377,0.5,15,Rear wing,0,0,0.0011219
2014,7,2014-06-08,villeneuve,KVY,toro_rosso,0,15,0,0.03019738,0.00930233,0.0,0.11210559,0.5,0.03278689,0.5,16,Drivetrain,0,0,0.00098462
2014,7,2014-06-08,villeneuve,SUT,sauber,0,16,2,0.02351775,0.0,0.0,0.00845912,0.25252603,0.0,0.5,13,+1 Lap,1,0,0.0006804
2014,7,2014-06-08,villeneuve,MAL,lotus_f1,0,17,3,0.01831564,0.0372093,0.0,0.04344655,0.06316561,0.0,0.5,19,Power Unit,0,0,0.00063174
2014,7,2014-06-08,villeneuve,CHI,marussia,0,18,1,0.01426423,0.00930233,0.0,0.05819977,0.31340643,0.0,0.4,21,Collision,0,0,0.00070423
2014,7,2014-06-08,villeneuve,BIA,marussia,0,19,1,0.011109,0.00930233,0.0,0.06761512,0.32000004,0.01639344,0.6,22,Collision,0,0,0.00079071
2014,7,2014-06-08,villeneuve,KOB,caterham,0,20,2,0.0086517,0.0,0.0,0.05719748,0.36857366,0.0,0.66666667,18,Suspension,0,0,0.00081046
2014,7,2014-06-08,villeneuve,ERI,caterham,0,21,0,0.00673795,0.0,0.0,0.05278369,0.5,0.0,0.33333333,20,Turbo,0,0,0.00075422
2014,7,2014-06-08,villeneuve,GUT,sauber,0,22,1,0.00524752,0.0,0.0,0.02066398,0.3,0.0,0.5,14,ERS,0,0,0.00067205
2014,8,2014-06-22,red_bull_ring,MAS,williams,0,1,1,1.0,0.2,0.0,0.1763579,0.3,0.12857143,0.5,4,Finished,1,0,0.11344965
2014,8,2014-06-22,red_bull_ring,BOT,williams,0,2,0,0.77880078,0.2,0.0,0.30370473,0.5,0.28571429,0.5,3,Finished,1,0,0.08051941
2014,8,2014-06-22,red_bull_ring,ROS,mercedes,0,3,0,0.60653066,1.0,0.0,1.0,0.5,1.0,0.2,1,Finished,1,1,0.46615992
2014,8,2014-06-22,red_bull_ring,ALO,ferrari,0,4,2,0.47236655,0.3,0.0,0.50452068,0.175,0.49285714,1.0,5,Finished,1,0,0.04705287
2014,8,2014-06-22,red_bull_ring,RIC,red_bull,0,5,0,0.36787944,0.65263158,0.0,0.80428662,0.5,0.56428571,1.0,8,Finished,1,0,0.10442993
2014,8,2014-06-22,red_bull_ring,MAG,mclaren,0,6,0,0.2865048,0.12105263,0.0,0.1330355,0.5,0.16428571,0.16666667,7,Finished,1,0,0.00843139
2014,8,2014-06-22,red_bull_ring,KVY,toro_rosso,0,7,0,0.22313016,0.02631579,0.0,0.0876993,0.5,0.02857143,0.5,22,Suspension,0,0,0.00594129
2014,8,2014-06-22,red_bull_ring,RAI,ferrari,0,8,3,0.17377394,0.3,0.0,0.23139413,1.0,0.12857143,0.0,10,Finished,1,0,0.01099915
2014,8,2014-06-22,red_bull_ring,HAM,mercedes,0,9,0,0.13533528,1.0,0.0,0.89328644,0.5,0.84285714,0.8,2,Finished,1,0,0.09727751
2014,8,2014-06-22,red_bull_ring,HUL,force_india,0,10,0,0.10539922,0.30526316,0.0,0.44004657,0.5,0.40714286,0.5,9,Finished,1,0,0.01179467
2014,8,2014-06-22,red_bull_ring,PER,force_india,0,11,0,0.082085,0.30526316,0.0,0.25125905,0.5,0.14285714,0.5,6,Finished,1,0,0.00720601
2014,8,2014-06-22,red_bull_ring,BUT,mclaren,0,12,3,0.06392786,0.12105263,0.0,0.27775042,0.69492468,0.30714286,0.83333333,11,Finished,1,0,0.00829743
2014,8,2014-06-22,red_bull_ring,VET,red_bull,0,13,0,0.04978707,0.65263158,0.0,0.47634544,0.5,0.42857143,0.0,21,Electrical,0,0,0.01345037
2014,8,2014-06-22,red_bull_ring,MAL,lotus_f1,0,14,0,0.03877421,0.04210526,0.0,0.04897333,0.5,0.0,0.5,12,+1 Lap,1,0,0.00302175
2014,8,2014-06-22,red_bull_ring,VER,toro_rosso,0,15,0,0.03019738,0.02631579,0.0,0.08360387,0.5,0.05714286,0.5,20,Brakes,0,0,0.00311261
2014,8,2014-06-22,red_bull_ring,GRO,lotus_f1,0,16,0,0.02351775,0.04210526,0.0,0.14128841,0.5,0.05714286,0.5,14,+1 Lap,1,0,0.00331416
2014,8,2014-06-22,red_bull_ring,SUT,sauber,0,17,0,0.01831564,0.0,0.0,0.03075615,0.5,0.0,0.5,13,+1 Lap,1,0,0.00259476
2014,8,2014-06-22,red_bull_ring,GUT,sauber,0,18,0,0.01426423,0.0,0.0,0.02329262,0.5,0.0,0.5,19,+2 Laps,1,0,0.00253822
2014,8,2014-06-22,red_bull_ring,BIA,marussia,0,19,0,0.011109,0.01052632,0.0,0.07621636,0.5,0.01428571,0.6,15,+2 Laps,1,0,0.00286874
2014,8,2014-06-22,red_bull_ring,KOB,caterham,0,20,0,0.0086517,0.0,0.0,0.04325254,0.5,0.0,0.66666667,16,+2 Laps,1,0,0.00276142
2014,8,2014-06-22,red_bull_ring,CHI,marussia,0,21,0,0.00673795,0.01052632,0.0,0.05137846,0.5,0.0,0.4,17,+2 Laps,1,0,0.0024652
2014,8,2014-06-22,red_bull_ring,ERI,caterham,0,22,0,0.00524752,0.0,0.0,0.04212399,0.5,0.0,0.33333333,18,+2 Laps,1,0,0.00231355
2014,9,2014-07-06,silverstone,ROS,mercedes,0,1,3,1.0,1.0,0.0,1.0,0.70350152,1.0,0.33333333,18,Gearbox,0,0,0.83446268
2014,9,2014-07-06,silverstone,VET,red_bull,0,2,3,0.77880078,0.56842105,0.0,0.37441397,0.50394258,0.36363636,0.0,5,Finished,1,0,0.04599392
2014,9,2014-07-06,silverstone,BUT,mclaren,0,3,3,0.60653066,0.15263158,0.0,0.29682223,0.1184028,0.26060606,0.71428571,4,Finished,1,0,0.01223396
2014,9,2014-07-06,silverstone,HUL,force_india,0,4,2,0.47236655,0.22631579,0.0,0.3666208,0.2921764,0.35757576,0.4,8,Finished,1,0,0.00982511
2014,9,2014-07-06,silverstone,MAG,mclaren,0,5,0,0.36787944,0.15263158,0.0,0.19521391,0.5,0.17575758,0.28571429,7,Finished,1,0,0.0049282
2014,9,2014-07-06,silverstone,HAM,mercedes,0,6,3,0.2865048,1.0,0.0,0.81627122,0.57119267,0.82424242,0.66666667,1,Finished,1,1,0.05415569
2014,9,2014-07-06,silverstone,PER,force_india,0,7,3,0.22313016,0.22631579,0.0,0.17316858,0.08637971,0.16969697,0.6,11,+1 Lap,1,0,0.00273341
2014,9,2014-07-06,silverstone,RIC,red_bull,0,8,3,0.17377394,0.56842105,0.0,0.70375076,0.18570353,0.5030303,1.0,3,Finished,1,0,0.01161559
2014,9,2014-07-06,silverstone,KVY,toro_rosso,0,9,0,0.13533528,0.02631579,0.0,0.0537617,0.5,0.02424242,0.5,9,Finished,1,0,0.00155361
2014,9,2014-07-06,silverstone,VER,toro_rosso,0,10,2,0.10539922,0.02631579,0.0,0.08020303,0.20008503,0.04848485,0.5,10,+1 Lap,1,0,0.00116075
2014,9,2014-07-06,silverstone,GRO,lotus_f1,0,11,2,0.082085,0.04210526,0.0,0.12734359,0.29924696,0.04848485,0.66666667,12,+1 Lap,1,0,0.00135416
2014,9,2014-07-06,silverstone,BIA,marussia,0,12,1,0.06392786,0.01052632,0.0,0.07558966,0.32513011,0.01212121,0.66666667,14,+1 Lap,1,0,0.00113854
2014,9,2014-07-06,silverstone,CHI,marussia,0,13,1,0.04978707,0.01052632,0.0,0.03807808,0.32057479,0.0,0.33333333,16,+2 Laps,1,0,0.00087222
2014,9,2014-07-06,silverstone,GUT,sauber,0,14,1,0.03877421,0.0,0.0,0.02847675,0.33748971,0.0,0.33333333,20,Collision,0,0,0.00082923
2014,9,2014-07-06,silverstone,MAL,lotus_f1,0,15,3,0.03019738,0.04210526,0.0,0.05517868,0.11891664,0.0,0.33333333,17,+3 Laps,1,0,0.00074244
2014,9,2014-07-06,silverstone,SUT,sauber,0,16,2,0.02351775,0.0,0.0,0.04986277,0.36602905,0.0,0.66666667,13,+1 Lap,1,0,0.00097028
2014,9,2014-07-06,silverstone,BOT,williams,0,17,1,0.01831564,0.28947368,0.0,0.38643697,0.35592808,0.33333333,0.6,2,Finished,1,0,0.0026254
2014,9,2014-07-06,silverstone,MAS,williams,0,18,3,0.01426423,0.28947368,0.0,0.22475104,0.56022392,0.18181818,0.4,21,Collision,0,0,0.00205319
2014,9,2014-07-06,silverstone,ALO,ferrari,0,19,3,0.011109,0.34210526,0.0,0.53952329,1.0,0.47878788,1.0,6,Finished,1,0,0.00740544
2014,9,2014-07-06,silverstone,RAI,ferrari,0,20,2,0.0086517,0.34210526,0.0,0.22198147,0.54354926,0.11515152,0.0,22,Collision,0,0,0.00166917
2014,9,2014-07-06,silverstone,ERI,caterham,0,21,0,0.00673795,0.0,0.0,0.04789966,0.5,0.0,0.25,19,Suspension,0,0,0.00082726
2014,9,2014-07-06,silverstone,KOB,caterham,0,22,2,0.00524752,0.0,0.0,0.03901948,0.240297,0.0,0.75,15,+2 Laps,1,0,0.00084975
2014,10,2014-07-20,hockenheimring,ROS,mercedes,0,1,3,1.0,1.0,0.0,1.0,0.23792154,1.0,0.33333333,1,Finished,1,1,0.73203108
2014,10,2014-07-20,hockenheimring,BOT,williams,0,2,0,0.77880078,0.38953488,0.0,0.61569696,0.5,0.44242424,0.6,2,Finished,1,0,0.08271214
2014,10,2014-07-20,hockenheimring,MAS,williams,0,3,3,0.60653066,0.38953488,0.0,0.25862096,0.5765081,0.18181818,0.4,22,Collision,0,0,0.02434013
2014,10,2014-07-20,hockenheimring,MAG,mclaren,0,4,0,0.47236655,0.27325581,0.0,0.29701675,0.5,0.21212121,0.25,9,+1 Lap,1,0,0.01205832
2014,10,2014-07-20,hockenheimring,RIC,red_bull,0,5,1,0.36787944,0.64534884,0.0,0.89555782,0.34516222,0.59393939,1.0,6,Finished,1,0,0.04817245
2014,10,2014-07-20,hockenheimring,VET,red_bull,0,6,3,0.2865048,0.64534884,0.0,0.45868819,0.58939331,0.42424242,0.0,4,Finished,1,0,0.0147055
2014,10,2014-07-20,hockenheimring,ALO,ferrari,0,7,3,0.22313016,0.31395349,0.0,0.57781475,1.0,0.52727273,1.0,5,Finished,1,0,0.02020901
2014,10,2014-07-20,hockenheimring,KVY,toro_rosso,0,8,0,0.17377394,0.04069767,0.0,0.07592385,0.5,0.03636364,0.66666667,20,Oil leak,0,0,0.00257365
2014,10,2014-07-20,hockenheimring,HUL,force_india,0,9,2,0.13533528,0.21511628,0.0,0.4157983,0.30129493,0.38181818,0.5,7,Finished,1,0,0.00435724
2014,10,2014-07-20,hockenheimring,PER,force_india,0,10,1,0.10539922,0.21511628,0.0,0.19384707,0.48314184,0.16969697,0.5,10,+1 Lap,1,0,0.00301811
2014,10,2014-07-20,hockenheimring,BUT,mclaren,0,11,3,0.082085,0.27325581,0.0,0.47730355,0.6526352,0.33333333,0.75,8,Finished,1,0,0.00606341
2014,10,2014-07-20,hockenheimring,RAI,ferrari,0,12,2,0.06392786,0.31395349,0.0,0.20415203,0.6165273,0.11515152,0.0,11,+1 Lap,1,0,0.00254693
2014,10,2014-07-20,hockenheimring,VER,toro_rosso,0,13,1,0.04978707,0.04069767,0.0,0.11323717,0.3369757,0.05454545,0.33333333,13,+1 Lap,1,0,0.00132395
2014,10,2014-07-20,hockenheimring,GUT,sauber,0,14,0,0.03877421,0.0,0.0,0.02119907,0.5,0.0,0.33333333,14,+1 Lap,1,0,0.00118339
2014,10,2014-07-20,hockenheimring,GRO,lotus_f1,0,15,1,0.03019738,0.04651163,0.0,0.18646814,0.31661425,0.04848485,0.75,21,Water leak,0,0,0.00162453
2014,10,2014-07-20,hockenheimring,HAM,mercedes,0,16,3,0.02351775,1.0,0.0,1.0,0.50018913,0.97575758,0.66666667,3,Finished,1,0,0.03601353
2014,10,2014-07-20,hockenheimring,SUT,sauber,0,17,2,0.01831564,0.0,0.0,0.08602595,0.21465372,0.0,0.66666667,19,Brakes,0,0,0.00111345
2014,10,2014-07-20,hockenheimring,BIA,marussia,0,18,0,0.01426423,0.01162791,0.0,0.10181645,0.5,0.01212121,0.71428571,15,+1 Lap,1,0,0.00147018
2014,10,2014-07-20,hockenheimring,MAL,lotus_f1,0,19,1,0.011109,0.04651163,0.0,0.05838561,0.33027314,0.0,0.25,12,+1 Lap,1,0,0.00100741
2014,10,2014-07-20,hockenheimring,KOB,caterham,0,20,2,0.0086517,0.0,0.0,0.05534494,0.48124311,0.0,0.75,16,+2 Laps,1,0,0.0013389
2014,10,2014-07-20,hockenheimring,CHI,marussia,0,21,0,0.00673795,0.01162791,0.0,0.05282436,0.5,0.0,0.28571429,17,+2 Laps,1,0,0.00108981
2014,10,2014-07-20,hockenheimring,ERI,caterham,0,22,0,0.00524752,0.0,0.0,0.05253095,0.5,0.0,0.25,18,+2 Laps,1,0,0.00104688
2014,11,2014-07-27,hungaroring,ROS,mercedes,0,1,3,1.0,1.0,0.0,1.0,0.109733,1.0,0.42857143,4,Finished,1,0,0.73512106
2014,11,2014-07-27,hungaroring,VET,red_bull,0,2,3,0.77880078,0.61538462,0.0,0.43691497,0.74141474,0.43157895,0.16666667,7,Finished,1,0,0.0988106
2014,11,2014-07-27,hungaroring,BOT,williams,0,3,1,0.60653066,0.44378698,0.0,0.68320495,0.3,0.47894737,0.6,8,Finished,1,0,0.04666358
2014,11,2014-07-27,hungaroring,RIC,red_bull,0,4,3,0.47236655,0.61538462,0.0,0.77384783,0.07595786,0.55789474,0.83333333,1,Finished,1,1,0.03800032
2014,11,2014-07-27,hungaroring,ALO,ferrari,0,5,3,0.36787944,0.29585799,0.0,0.57171573,0.55663291,0.51052632,1.0,2,Finished,1,0,0.01980321
2014,11,2014-07-27,hungaroring,MAS,williams,0,6,3,0.2865048,0.44378698,0.0,0.22258858,0.28963866,0.15789474,0.4,5,Finished,1,0,0.00611788
2014,11,2014-07-27,hungaroring,BUT,mclaren,0,7,3,0.22313016,0.31360947,0.0,0.48378246,0.53621693,0.31052632,0.77777778,10,Finished,1,0,0.00816413
2014,11,2014-07-27,hungaroring,VER,toro_rosso,0,8,2,0.17377394,0.04142012,0.0,0.13161803,0.23705452,0.04736842,0.33333333,9,Finished,1,0,0.00181244
2014,11,2014-07-27,hungaroring,HUL,force_india,0,9,2,0.13533528,0.24260355,0.0,0.43164751,0.27301909,0.36315789,0.57142857,20,Accident,0,0,0.00392315
2014,11,2014-07-27,hungaroring,MAG,mclaren,0,10,0,0.10539922,0.31360947,0.0,0.30677218,0.5,0.19473684,0.22222222,12,Finished,1,0,0.00302819
2014,11,2014-07-27,hungaroring,KVY,toro_rosso,0,11,0,0.082085,0.04142012,0.0,0.05287006,0.5,0.03157895,0.66666667,14,+1 Lap,1,0,0.00162272
2014,11,2014-07-27,hungaroring,SUT,sauber,0,12,2,0.06392786,0.0,0.0,0.07126815,0.19715048,0.0,0.66666667,11,Finished,1,0,0.00114621
2014,11,2014-07-27,hungaroring,PER,force_india,0,13,3,0.04978707,0.24260355,0.0,0.17506173,0.14398917,0.15263158,0.42857143,19,Accident,0,0,0.00160505
2014,11,2014-07-27,hungaroring,GUT,sauber,0,14,1,0.03877421,0.0,0.0,0.02660499,0.3,0.0,0.33333333,17,Retired,0,0,0.00092189
2014,11,2014-07-27,hungaroring,GRO,lotus_f1,0,15,2,0.03019738,0.02366864,0.0,0.11304115,0.53163982,0.04210526,0.75,21,Accident,0,0,0.00146783
2014,11,2014-07-27,hungaroring,BIA,marussia,0,16,1,0.02351775,0.01183432,0.0,0.10416818,0.32219028,0.01052632,0.75,15,+1 Lap,1,0,0.00117433
2014,11,2014-07-27,hungaroring,RAI,ferrari,0,17,2,0.01831564,0.29585799,0.0,0.15102825,0.76798092,0.1,0.0,6,Finished,1,0,0.00184924
2014,11,2014-07-27,hungaroring,KOB,caterham,0,18,2,0.01426423,0.0,0.0,0.0657554,0.22957916,0.0,0.8,18,Retired,0,0,0.00101964
2014,11,2014-07-27,hungaroring,CHI,marussia,0,19,1,0.011109,0.01183432,0.0,0.05383596,0.31816787,0.0,0.25,16,+1 Lap,1,0,0.00084264
2014,11,2014-07-27,hungaroring,ERI,caterham,0,20,0,0.0086517,0.0,0.0,0.05291858,0.5,0.0,0.2,22,Accident,0,0,0.000914
2014,11,2014-07-27,hungaroring,HAM,mercedes,0,21,3,0.00673795,1.0,0.0,0.86619921,1.0,0.92631579,0.57142857,3,Finished,1,0,0.02525052
2014,11,2014-07-27,hungaroring,MAL,lotus_f1,0,22,3,0.00524752,0.02366864,0.0,0.06870569,0.12849182,0.0,0.25,13,Finished,1,0,0.00074134
2014,12,2014-08-24,spa,ROS,mercedes,0,1,3,1.0,1.0,0.0,1.0,0.39915173,1.0,0.375,2,Finished,1,0,0.54085159
2014,12,2014-08-24,spa,HAM,mercedes,0,2,3,0.77880078,1.0,0.0,0.93818295,0.32334008,0.94554455,0.625,19,Retired,0,0,0.26688115
2014,12,2014-08-24,spa,VET,red_bull,0,3,3,0.60653066,0.78431373,0.0,0.58489386,1.0,0.43564356,0.14285714,5,Finished,1,0,0.06626753
2014,12,2014-08-24,spa,ALO,ferrari,0,4,3,0.47236655,0.41830065,0.0,0.72846821,0.5272927,0.56930693,1.0,7,Finished,1,0,0.03462098
2014,12,2014-08-24,spa,RIC,red_bull,0,5,3,0.36787944,0.78431373,0.0,0.97542839,0.14790639,0.64851485,0.85714286,1,Finished,1,1,0.04394356
2014,12,2014-08-24,spa,BOT,williams,0,6,1,0.2865048,0.54248366,0.0,0.84796935,0.32581282,0.47029703,0.5,3,Finished,1,0,0.01657307
2014,12,2014-08-24,spa,MAG,mclaren,0,7,0,0.22313016,0.29411765,0.0,0.33169133,0.5,0.18316832,0.2,12,Finished,1,0,0.00385258
2014,12,2014-08-24,spa,RAI,ferrari,0,8,2,0.17377394,0.41830065,0.0,0.24760267,0.36539025,0.13366337,0.0,4,Finished,1,0,0.00282133
2014,12,2014-08-24,spa,MAS,williams,0,9,3,0.13533528,0.54248366,0.0,0.29640031,0.35648008,0.1980198,0.5,13,Finished,1,0,0.00447506
2014,12,2014-08-24,spa,BUT,mclaren,0,10,3,0.10539922,0.29411765,0.0,0.48844356,0.67677954,0.2970297,0.8,6,Finished,1,0,0.00580531
2014,12,2014-08-24,spa,KVY,toro_rosso,0,11,0,0.082085,0.05882353,0.0,0.08200939,0.5,0.02970297,0.5,9,Finished,1,0,0.001329
2014,12,2014-08-24,spa,VER,toro_rosso,0,12,2,0.06392786,0.05882353,0.0,0.20920607,0.28999965,0.05445545,0.5,11,Finished,1,0,0.0012482
2014,12,2014-08-24,spa,PER,force_india,0,13,3,0.04978707,0.20261438,0.0,0.19851676,0.06528124,0.14356436,0.42857143,8,Finished,1,0,0.00127647
2014,12,2014-08-24,spa,SUT,sauber,0,14,2,0.03877421,0.0,0.0,0.1210049,0.34246848,0.0,0.66666667,14,Finished,1,0,0.00103637
2014,12,2014-08-24,spa,GRO,lotus_f1,0,15,2,0.03019738,0.0,0.0,0.05495899,0.27505808,0.03960396,0.75,20,Retired,0,0,0.00095409
2014,12,2014-08-24,spa,BIA,marussia,0,16,1,0.02351775,0.0,0.0,0.07622882,0.31416638,0.00990099,0.77777778,18,Gearbox,0,0,0.00098162
2014,12,2014-08-24,spa,MAL,lotus_f1,0,17,3,0.01831564,0.0,0.0,0.1048499,0.05952967,0.0,0.25,21,Mechanical,0,0,0.00059929
2014,12,2014-08-24,spa,HUL,force_india,0,18,2,0.01426423,0.20261438,0.0,0.35605095,0.36768766,0.34158416,0.57142857,10,Finished,1,0,0.00230085
2014,12,2014-08-24,spa,CHI,marussia,0,19,1,0.011109,0.0,0.0,0.05377766,0.31159845,0.0,0.22222222,16,+1 Lap,1,0,0.00067591
2014,12,2014-08-24,spa,GUT,sauber,0,20,1,0.0086517,0.0,0.0,0.03016957,0.33152785,0.0,0.33333333,15,Finished,1,0,0.00070471
2014,12,2014-08-24,spa,LOT,caterham,0,21,0,0.00673795,0.0,0.0,0.74238115,0.5,0.0,0.5,22,Power Unit,0,0,0.00205978
2014,12,2014-08-24,spa,ERI,caterham,0,22,0,0.00524752,0.0,0.0,0.01982055,0.5,0.0,0.2,17,+1 Lap,1,0,0.00074157
2014,13,2014-09-07,monza,HAM,mercedes,0,1,3,1.0,1.0,0.0,0.93818295,0.72471912,0.86818182,0.625,1,Finished,1,1,0.60794925
2014,13,2014-09-07,monza,ROS,mercedes,0,2,3,0.77880078,1.0,0.0,1.0,0.35654618,1.0,0.375,2,Finished,1,0,0.2421721
2014,13,2014-09-07,monza,BOT,williams,0,3,1,0.60653066,0.60130719,0.0,0.95758217,0.33296924,0.5,0.57142857,4,Finished,1,0,0.05141174
2014,13,2014-09-07,monza,MAS,williams,0,4,3,0.47236655,0.60130719,0.0,0.32333923,0.68813339,0.18181818,0.42857143,3,Finished,1,0,0.01558236
2014,13,2014-09-07,monza,MAG,mclaren,0,5,0,0.36787944,0.25490196,0.0,0.30464093,0.5,0.16818182,0.18181818,10,Finished,1,0,0.00470373
2014,13,2014-09-07,monza,BUT,mclaren,0,6,3,0.2865048,0.25490196,0.0,0.4347153,0.35405029,0.30909091,0.81818182,8,Finished,1,0,0.00604632
2014,13,2014-09-07,monza,ALO,ferrari,0,7,3,0.22313016,0.47712418,0.0,0.70866586,1.0,0.55,0.90909091,21,Engine,0,0,0.02236893
2014,13,2014-09-07,monza,VET,red_bull,0,8,3,0.17377394,0.75163399,0.0,0.51927001,0.92414904,0.44545455,0.125,6,Finished,1,0,0.01350392
2014,13,2014-09-07,monza,RIC,red_bull,0,9,3,0.13533528,0.75163399,0.0,0.97542839,0.24868848,0.70909091,0.875,5,Finished,1,0,0.02172132
2014,13,2014-09-07,monza,PER,force_india,0,10,3,0.10539922,0.16993464,0.0,0.27174434,0.4213594,0.15,0.5,7,Finished,1,0,0.00197827
2014,13,2014-09-07,monza,KVY,toro_rosso,0,11,0,0.082085,0.04575163,0.0,0.14196306,0.5,0.03636364,0.6,11,Finished,1,0,0.00132656
2014,13,2014-09-07,monza,RAI,ferrari,0,12,2,0.06392786,0.47712418,0.0,0.36148773,0.40814206,0.17727273,0.09090909,9,Finished,1,0,0.00259495
2014,13,2014-09-07,monza,VER,toro_rosso,0,13,2,0.04978707,0.04575163,0.0,0.17616664,0.175,0.05,0.4,13,Finished,1,0,0.00086205
2014,13,2014-09-07,monza,HUL,force_india,0,14,2,0.03877421,0.16993464,0.0,0.27170752,0.40786397,0.31818182,0.5,12,Finished,1,0,0.00185515
2014,13,2014-09-07,monza,SUT,sauber,0,15,2,0.03019738,0.0,0.0,0.11612171,0.20080206,0.0,0.75,15,+1 Lap,1,0,0.000832
2014,13,2014-09-07,monza,GUT,sauber,0,16,1,0.02351775,0.0,0.0,0.04822727,0.34918432,0.0,0.25,19,+2 Laps,1,0,0.00065346
2014,13,2014-09-07,monza,MAL,lotus_f1,0,17,3,0.01831564,0.0,0.0,0.1048499,0.14581588,0.0,0.25,14,+1 Lap,1,0,0.00057754
2014,13,2014-09-07,monza,GRO,lotus_f1,0,18,1,0.01426423,0.0,0.0,0.05495899,0.43369684,0.03636364,0.75,16,+1 Lap,1,0,0.00093084
2014,13,2014-09-07,monza,KOB,caterham,0,19,2,0.011109,0.0,0.0,0.0595331,0.27963252,0.0,0.8,17,+1 Lap,1,0,0.0008084
2014,13,2014-09-07,monza,BIA,marussia,0,20,1,0.0086517,0.0,0.0,0.07622882,0.31481403,0.00909091,0.77777778,18,+1 Lap,1,0,0.00084027
2014,13,2014-09-07,monza,CHI,marussia,0,21,1,0.00673795,0.0,0.0,0.06856205,0.3121287,0.0,0.22222222,22,Accident,0,0,0.00060776
2014,13,2014-09-07,monza,ERI,caterham,0,22,0,0.00524752,0.0,0.0,0.03192499,0.5,0.0,0.2,20,+2 Laps,1,0,0.00067305
2014,14,2014-09-21,marina_bay,HAM,mercedes,0,1,3,1.0,1.0,0.0,0.95788182,0.30636066,0.90756303,0.66666667,1,Finished,1,1,0.58342878
2014,14,2014-09-21,marina_bay,ROS,mercedes,0,2,3,0.77880078,1.0,0.0,0.91361925,0.46088137,1.0,0.33333333,21,Electrical,0,0,0.24160453
2014,14,2014-09-21,marina_bay,RIC,red_bull,0,3,3,0.60653066,0.84313725,0.0,1.0,0.07044974,0.69747899,0.88888889,3,Finished,1,0,0.08481561
2014,14,2014-09-21,marina_bay,VET,red_bull,0,4,3,0.47236655,0.84313725,0.0,0.60688916,1.0,0.44537815,0.11111111,2,Finished,1,0,0.03908361
2014,14,2014-09-21,marina_bay,ALO,ferrari,0,5,3,0.36787944,0.41830065,0.0,0.5554459,0.71016391,0.50840336,0.90909091,4,Finished,1,0,0.01696303
2014,14,2014-09-21,marina_bay,MAS,williams,0,6,3,0.2865048,0.60130719,0.0,0.3470558,0.29156617,0.23109244,0.5,5,Finished,1,0,0.00650509
2014,14,2014-09-21,marina_bay,RAI,ferrari,0,7,2,0.22313016,0.41830065,0.0,0.35954485,0.52976069,0.17226891,0.09090909,8,Finished,1,0,0.00380723
2014,14,2014-09-21,marina_bay,BOT,williams,0,8,1,0.17377394,0.60130719,0.0,0.88979637,0.33628718,0.51260504,0.5,11,Finished,1,0,0.00900956
2014,14,2014-09-21,marina_bay,MAG,mclaren,0,9,0,0.13533528,0.24836601,0.0,0.25519389,0.5,0.15966387,0.16666667,10,Finished,1,0,0.00194725
2014,14,2014-09-21,marina_bay,KVY,toro_rosso,0,10,0,0.10539922,0.04575163,0.0,0.17588441,0.5,0.03361345,0.66666667,14,Finished,1,0,0.00139508
2014,14,2014-09-21,marina_bay,BUT,mclaren,0,11,3,0.082085,0.24836601,0.0,0.45166195,0.58348687,0.30252101,0.83333333,18,Retired,0,0,0.00303731
2014,14,2014-09-21,marina_bay,VER,toro_rosso,0,12,2,0.06392786,0.04575163,0.0,0.19611785,0.20339872,0.04621849,0.33333333,6,Finished,1,0,0.00085086
2014,14,2014-09-21,marina_bay,HUL,force_india,0,13,2,0.04978707,0.14379085,0.0,0.23623986,0.27207483,0.29411765,0.44444444,9,Finished,1,0,0.00125868
2014,14,2014-09-21,marina_bay,GUT,sauber,0,14,1,0.03877421,0.0,0.0,0.04656804,0.34432126,0.0,0.2,20,Electrical,0,0,0.00063115
2014,14,2014-09-21,marina_bay,PER,force_india,0,15,3,0.03019738,0.14379085,0.0,0.2432741,0.20225256,0.16386555,0.55555556,7,Finished,1,0,0.00106919
2014,14,2014-09-21,marina_bay,GRO,lotus_f1,0,16,2,0.02351775,0.0,0.0,0.046047,0.25561374,0.03361345,0.6,13,Finished,1,0,0.00068314
2014,14,2014-09-21,marina_bay,SUT,sauber,0,17,2,0.01831564,0.0,0.0,0.10355095,0.30420347,0.0,0.8,19,Water pressure,0,0,0.00078287
2014,14,2014-09-21,marina_bay,MAL,lotus_f1,0,18,3,0.01426423,0.0,0.0,0.09076826,0.09227406,0.0,0.4,12,Finished,1,0,0.00054688
2014,14,2014-09-21,marina_bay,BIA,marussia,0,19,1,0.011109,0.0,0.0,0.0657391,0.31334931,0.00840336,0.77777778,16,Finished,1,0,0.00073524
2014,14,2014-09-21,marina_bay,KOB,caterham,0,20,2,0.0086517,0.0,0.0,0.05425022,0.22956538,0.0,0.83333333,22,Power Unit,0,0,0.00069104
2014,14,2014-09-21,marina_bay,CHI,marussia,0,21,1,0.00673795,0.0,0.0,0.05451523,0.31630488,0.0,0.22222222,17,+1 Lap,1,0,0.00055551
2014,14,2014-09-21,marina_bay,ERI,caterham,0,22,0,0.00524752,0.0,0.0,0.02767182,0.5,0.0,0.16666667,15,Finished,1,0,0.00059835
2014,15,2014-10-05,suzuka,ROS,mercedes,0,1,3,1.0,1.0,0.0,0.91361925,0.16177913,0.98755187,0.33333333,2,Finished,1,0,0.50602111
2014,15,2014-10-05,suzuka,HAM,mercedes,0,2,3,0.77880078,1.0,0.0,0.95788182,0.26493973,1.0,0.66666667,1,Finished,1,1,0.31978217
2014,15,2014-10-05,suzuka,BOT,williams,0,3,1,0.60653066,0.54901961,0.0,0.69384228,0.31762551,0.50622407,0.44444444,6,Finished,1,0,0.04321301
2014,15,2014-10-05,suzuka,MAS,williams,0,4,3,0.47236655,0.54901961,0.0,0.47589459,0.43682438,0.26970954,0.55555556,7,Finished,1,0,0.02070587
2014,15,2014-10-05,suzuka,ALO,ferrari,0,5,3,0.36787944,0.47058824,0.0,0.60732567,0.47081163,0.55186722,0.91666667,22,Electronics,0,0,0.02272816
2014,15,2014-10-05,suzuka,RIC,red_bull,0,6,3,0.2865048,0.89542484,0.0,1.0,0.10511457,0.75103734,0.8,4,Finished,1,0,0.04073174
2014,15,2014-10-05,suzuka,MAG,mclaren,0,7,0,0.22313016,0.1372549,0.0,0.2162278,0.5,0.16182573,0.16666667,14,+1 Lap,1,0,0.00287628
2014,15,2014-10-05,suzuka,BUT,mclaren,0,8,3,0.17377394,0.1372549,0.0,0.29429789,0.53365075,0.29875519,0.83333333,5,Finished,1,0,0.00419266
2014,15,2014-10-05,suzuka,VET,red_bull,0,9,3,0.13533528,0.89542484,0.0,0.71280996,1.0,0.51452282,0.2,3,Finished,1,0,0.02216545
2014,15,2014-10-05,suzuka,RAI,ferrari,0,10,2,0.10539922,0.47058824,0.0,0.43025308,0.46715443,0.18672199,0.08333333,12,+1 Lap,1,0,0.00377146
2014,15,2014-10-05,suzuka,VER,toro_rosso,0,11,2,0.082085,0.07843137,0.0,0.25420499,0.2470444,0.07883817,0.42857143,9,Finished,1,0,0.00147603
2014,15,2014-10-05,suzuka,PER,force_india,0,12,3,0.06392786,0.16993464,0.0,0.29083183,0.09046392,0.18672199,0.6,10,+1 Lap,1,0,0.00172902
2014,15,2014-10-05,suzuka,KVY,toro_rosso,0,13,0,0.04978707,0.07843137,0.0,0.13929032,0.5,0.03319502,0.57142857,11,+1 Lap,1,0,0.00147288
2014,15,2014-10-05,suzuka,HUL,force_india,0,14,2,0.03877421,0.16993464,0.0,0.22342263,0.41419582,0.29875519,0.4,8,Finished,1,0,0.0018825
2014,15,2014-10-05,suzuka,SUT,sauber,0,15,2,0.03019738,0.0,0.0,0.07753884,0.24485484,0.0,0.8,21,Accident,0,0,0.00102285
2014,15,2014-10-05,suzuka,GUT,sauber,0,16,1,0.02351775,0.0,0.0,0.04656804,0.4302359,0.0,0.2,13,+1 Lap,1,0,0.00083258
2014,15,2014-10-05,suzuka,MAL,lotus_f1,0,17,3,0.01831564,0.0,0.0,0.11085153,0.12752891,0.0,0.5,16,+1 Lap,1,0,0.00080071
2014,15,2014-10-05,suzuka,GRO,lotus_f1,0,18,2,0.01426423,0.0,0.0,0.04028785,0.45996349,0.03319502,0.5,15,+1 Lap,1,0,0.00097556
2014,15,2014-10-05,suzuka,ERI,caterham,0,19,0,0.011109,0.0,0.0,0.04510825,0.5,0.0,0.16666667,17,+1 Lap,1,0,0.00082777
2014,15,2014-10-05,suzuka,BIA,marussia,0,20,1,0.0086517,0.0,0.0,0.05871793,0.3,0.00829876,0.8,20,Accident,0,0,0.00097819
2014,15,2014-10-05,suzuka,KOB,caterham,0,21,2,0.00673795,0.0,0.0,0.03245467,0.47830505,0.0,0.83333333,19,+1 Lap,1,0,0.00109765
2014,15,2014-10-05,suzuka,CHI,marussia,0,22,1,0.00524752,0.0,0.0,0.05192747,0.31181473,0.0,0.2,18,+1 Lap,1,0,0.00071635
2014,16,2014-10-12,sochi,HAM,mercedes,0,1,0,1.0,1.0,0.0,1.0,0.5,1.0,0.7,1,Finished,1,1,0.67787858
2014,16,2014-10-12,sochi,ROS,mercedes,0,2,0,0.77880078,1.0,0.0,0.81873075,0.5,0.96240602,0.3,2,Finished,1,0,0.20735691
2014,16,2014-10-12,sochi,BOT,williams,0,3,0,0.60653066,0.51282051,0.0,0.53645005,0.5,0.4887218,0.5,3,Finished,1,0,0.03124486
2014,16,2014-10-12,sochi,BUT,mclaren,0,4,0,0.47236655,0.16025641,0.0,0.33487659,0.5,0.30827068,0.84615385,4,Finished,1,0,0.00967328
2014,16,2014-10-12,sochi,KVY,toro_rosso,0,5,0,0.36787944,0.08974359,0.0,0.16922618,0.5,0.03007519,0.5,14,+1 Lap,1,0,0.00344434
2014,16,2014-10-12,sochi,MAG,mclaren,0,6,0,0.2865048,0.16025641,0.0,0.17068748,0.5,0.14661654,0.15384615,5,Finished,1,0,0.00267392
2014,16,2014-10-12,sochi,RIC,red_bull,0,7,0,0.22313016,0.92307692,0.0,0.9994934,0.5,0.72556391,0.72727273,7,Finished,1,0,0.03400232
2014,16,2014-10-12,sochi,ALO,ferrari,0,8,0,0.17377394,0.3974359,0.0,0.45465697,0.5,0.5,0.91666667,6,Finished,1,0,0.00672833
2014,16,2014-10-12,sochi,RAI,ferrari,0,9,0,0.13533528,0.3974359,0.0,0.40214142,0.5,0.16917293,0.08333333,9,Finished,1,0,0.00284792
2014,16,2014-10-12,sochi,VER,toro_rosso,0,10,0,0.10539922,0.08974359,0.0,0.27183616,0.5,0.07894737,0.5,13,Finished,1,0,0.00161965
2014,16,2014-10-12,sochi,VET,red_bull,0,11,0,0.082085,0.92307692,0.0,0.71041582,0.5,0.52255639,0.27272727,8,Finished,1,0,0.01042505
2014,16,2014-10-12,sochi,HUL,force_india,0,12,0,0.06392786,0.15384615,0.0,0.19742026,0.5,0.28571429,0.45454545,12,Finished,1,0,0.00163862
2014,16,2014-10-12,sochi,PER,force_india,0,13,0,0.04978707,0.15384615,0.0,0.27634764,0.5,0.17293233,0.54545455,10,Finished,1,0,0.00162666
2014,16,2014-10-12,sochi,GUT,sauber,0,14,0,0.03877421,0.0,0.0,0.04872919,0.5,0.0,0.2,15,+1 Lap,1,0,0.00071819
2014,16,2014-10-12,sochi,SUT,sauber,0,15,0,0.03019738,0.0,0.0,0.07367721,0.5,0.0,0.8,16,+1 Lap,1,0,0.0009624
2014,16,2014-10-12,sochi,GRO,lotus_f1,0,16,0,0.02351775,0.0,0.0,0.05484946,0.5,0.03007519,0.57142857,17,+1 Lap,1,0,0.00084324
2014,16,2014-10-12,sochi,ERI,caterham,0,17,0,0.01831564,0.0,0.0,0.0448749,0.5,0.0,0.28571429,19,+2 Laps,1,0,0.00069525
2014,16,2014-10-12,sochi,MAS,williams,0,18,0,0.01426423,0.51282051,0.0,0.5342559,0.5,0.26691729,0.5,11,Finished,1,0,0.0034038
2014,16,2014-10-12,sochi,KOB,caterham,0,19,0,0.011109,0.0,0.0,0.02318801,0.5,0.0,0.71428571,20,Brakes,0,0,0.00081799
2014,16,2014-10-12,sochi,MAL,lotus_f1,0,20,0,0.0086517,0.0,0.0,0.08870664,0.5,0.0,0.42857143,18,+1 Lap,1,0,0.00075652
2014,16,2014-10-12,sochi,CHI,marussia,0,21,0,0.00673795,0.0,0.0,0.04732819,0.5,0.0,0.2,21,Suspension,0,0,0.00064218
2014,17,2014-11-02,americas,ROS,mercedes,0,1,2,1.0,1.0,0.0,0.81873075,0.28466127,0.94158076,0.27272727,2,Finished,1,0,0.43561056
2014,17,2014-11-02,americas,HAM,mercedes,0,2,2,0.77880078,1.0,0.0,1.0,0.69100128,1.0,0.72727273,1,Finished,1,1,0.44614391
2014,17,2014-11-02,americas,BOT,williams,0,3,1,0.60653066,0.47093023,0.0,0.59816661,0.40659507,0.49828179,0.54545455,5,Finished,1,0,0.0359796
2014,17,2014-11-02,americas,MAS,williams,0,4,2,0.47236655,0.47093023,0.0,0.41172411,0.37122001,0.24398625,0.45454545,4,Finished,1,0,0.01410088
2014,17,2014-11-02,americas,RIC,red_bull,0,5,2,0.36787944,0.71511628,0.0,0.74241371,0.26296793,0.6838488,0.75,3,Finished,1,0,0.03030229
2014,17,2014-11-02,americas,ALO,ferrari,0,6,2,0.2865048,0.26744186,0.0,0.30447132,0.55454044,0.48453608,0.92307692,6,Finished,1,0,0.0086178
2014,17,2014-11-02,americas,BUT,mclaren,0,7,2,0.22313016,0.26744186,0.0,0.40315425,0.37326246,0.32302405,0.85714286,12,+1 Lap,1,0,0.00569767
2014,17,2014-11-02,americas,MAG,mclaren,0,8,0,0.17377394,0.26744186,0.0,0.24125087,0.5,0.16838488,0.14285714,8,Finished,1,0,0.00277699
2014,17,2014-11-02,americas,RAI,ferrari,0,9,1,0.13533528,0.26744186,0.0,0.3275012,0.45902116,0.16151203,0.07692308,13,+1 Lap,1,0,0.00248985
2014,17,2014-11-02,americas,SUT,sauber,0,10,1,0.10539922,0.0,0.0,0.04621768,0.3,0.0,0.66666667,18,Collision,0,0,0.00115913
2014,17,2014-11-02,americas,MAL,lotus_f1,0,11,2,0.082085,0.0,0.0,0.06705927,0.25023837,0.0,0.375,9,Finished,1,0,0.00091141
2014,17,2014-11-02,americas,PER,force_india,0,12,2,0.06392786,0.14534884,0.0,0.29489579,0.33859539,0.16151203,0.58333333,17,Collision damage,0,0,0.00183147
2014,17,2014-11-02,americas,HUL,force_india,0,13,2,0.04978707,0.14534884,0.0,0.20884967,0.39833016,0.26116838,0.41666667,16,Engine,0,0,0.00165988
2014,17,2014-11-02,americas,KVY,toro_rosso,0,14,0,0.03877421,0.06976744,0.0,0.15527856,0.5,0.02749141,0.44444444,15,+1 Lap,1,0,0.00123244
2014,17,2014-11-02,americas,VER,toro_rosso,0,15,2,0.03019738,0.06976744,0.0,0.22163679,0.22078318,0.07216495,0.55555556,10,Finished,1,0,0.00112897
2014,17,2014-11-02,americas,GUT,sauber,0,16,1,0.02351775,0.0,0.0,0.05991545,0.33210582,0.0,0.33333333,14,+1 Lap,1,0,0.00077239
2014,17,2014-11-02,americas,VET,red_bull,0,17,2,0.01831564,0.71511628,0.0,0.63821404,0.825,0.49140893,0.25,7,Finished,1,0,0.00849398
2014,17,2014-11-02,americas,GRO,lotus_f1,0,18,2,0.01426423,0.0,0.0,0.06051932,0.60041062,0.02749141,0.625,11,+1 Lap,1,0,0.00109079
2014,18,2014-11-09,interlagos,ROS,mercedes,0,1,3,1.0,1.0,0.0,0.6549846,0.3854463,0.92405063,0.25,1,Finished,1,1,0.46009852
2014,18,2014-11-09,interlagos,HAM,mercedes,0,2,3,0.77880078,1.0,0.0,1.0,0.12112234,1.0,0.75,2,Finished,1,0,0.39997798
2014,18,2014-11-09,interlagos,MAS,williams,0,3,3,0.60653066,0.44670051,0.0,0.42099803,0.59697287,0.26265823,0.5,3,Finished,1,0,0.0345337
2014,18,2014-11-09,interlagos,BOT,williams,0,4,1,0.47236655,0.44670051,0.0,0.43433507,0.3,0.49050633,0.5,10,+1 Lap,1,0,0.02221141
2014,18,2014-11-09,interlagos,BUT,mclaren,0,5,3,0.36787944,0.21319797,0.0,0.27110814,0.9502608,0.29746835,0.8,4,Finished,1,0,0.01605249
2014,18,2014-11-09,interlagos,VET,red_bull,0,6,3,0.2865048,0.55329949,0.0,0.48094428,1.0,0.47151899,0.23076923,5,Finished,1,0,0.02499704
2014,18,2014-11-09,interlagos,MAG,mclaren,0,7,0,0.22313016,0.21319797,0.0,0.22015946,0.5,0.16772152,0.2,9,Finished,1,0,0.00432348
2014,18,2014-11-09,interlagos,ALO,ferrari,0,8,3,0.17377394,0.18274112,0.0,0.2569141,0.91058534,0.47151899,0.92857143,6,Finished,1,0,0.01017149
2014,18,2014-11-09,interlagos,RIC,red_bull,0,9,3,0.13533528,0.55329949,0.0,0.52799498,0.14397359,0.67721519,0.76923077,18,Suspension,0,0,0.01288722
2014,18,2014-11-09,interlagos,RAI,ferrari,0,10,1,0.10539922,0.18274112,0.0,0.17038222,0.38726659,0.14873418,0.07142857,7,Finished,1,0,0.00228048
2014,18,2014-11-09,interlagos,GUT,sauber,0,11,1,0.082085,0.0,0.0,0.05062506,0.35849655,0.0,0.33333333,14,+1 Lap,1,0,0.00135863
2014,18,2014-11-09,interlagos,HUL,force_india,0,12,2,0.06392786,0.10152284,0.0,0.13401996,0.45816781,0.24050633,0.41666667,8,Finished,1,0,0.00234717
2014,18,2014-11-09,interlagos,SUT,sauber,0,13,2,0.04978707,0.0,0.0,0.02211943,0.35073293,0.0,0.66666667,16,+1 Lap,1,0,0.00141871
2014,18,2014-11-09,interlagos,KVY,toro_rosso,0,14,0,0.03877421,0.05583756,0.0,0.09600556,0.5,0.02531646,0.4,11,+1 Lap,1,0,0.00165136
2014,18,2014-11-09,interlagos,GRO,lotus_f1,0,15,2,0.03019738,0.01015228,0.0,0.07548251,0.175,0.02531646,0.55555556,17,+8 Laps,1,0,0.00119953
2014,18,2014-11-09,interlagos,VER,toro_rosso,0,16,2,0.02351775,0.05583756,0.0,0.18330215,0.29279731,0.06962025,0.6,13,+1 Lap,1,0,0.00169406
2014,18,2014-11-09,interlagos,PER,force_india,0,17,3,0.01831564,0.10152284,0.0,0.18659724,0.24791117,0.14873418,0.58333333,15,+1 Lap,1,0,0.00184024
2014,18,2014-11-09,interlagos,MAL,lotus_f1,0,18,3,0.01426423,0.01015228,0.0,0.09402672,0.0298684,0.00632911,0.44444444,12,+1 Lap,1,0,0.00095649
2014,19,2014-11-23,yas_marina,ROS,mercedes,0,1,3,1.0,1.0,0.0,0.71724121,0.596631,0.9491018,0.30769231,14,+1 Lap,1,0,0.5217991
2014,19,2014-11-23,yas_marina,HAM,mercedes,0,2,3,0.77880078,1.0,0.0,1.0,0.55956902,1.0,0.69230769,1,Finished,1,1,0.40408615
2014,19,2014-11-23,yas_marina,BOT,williams,0,3,1,0.60653066,0.39086294,0.0,0.37108581,0.33737438,0.46706587,0.46153846,3,Finished,1,0,0.02265197
2014,19,2014-11-23,yas_marina,MAS,williams,0,4,3,0.47236655,0.39086294,0.0,0.43683498,0.47638958,0.29341317,0.53846154,2,Finished,1,0,0.01548535
2014,19,2014-11-23,yas_marina,KVY,toro_rosso,0,5,0,0.36787944,0.05583756,0.0,0.09961706,0.5,0.0239521,0.45454545,20,Power Unit,0,0,0.00361675
2014,19,2014-11-23,yas_marina,BUT,mclaren,0,6,3,0.2865048,0.25888325,0.0,0.34402325,0.57977925,0.31736527,0.8125,5,Finished,1,0,0.00768697
2014,19,2014-11-23,yas_marina,RAI,ferrari,0,7,2,0.22313016,0.24365482,0.0,0.19739821,0.58624537,0.15868263,0.06666667,10,Finished,1,0,0.00316837
2014,19,2014-11-23,yas_marina,ALO,ferrari,0,8,3,0.17377394,0.24365482,0.0,0.34292224,1.0,0.47005988,0.93333333,9,Finished,1,0,0.00848306
2014,19,2014-11-23,yas_marina,MAG,mclaren,0,9,0,0.13533528,0.25888325,0.0,0.2360362,0.5,0.16467066,0.1875,11,Finished,1,0,0.0024878
2014,19,2014-11-23,yas_marina,VER,toro_rosso,0,10,2,0.10539922,0.05583756,0.0,0.19019754,0.24451481,0.06586826,0.54545455,12,Finished,1,0,0.00142782
2014,19,2014-11-23,yas_marina,PER,force_india,0,11,3,0.082085,0.09137056,0.0,0.14373122,0.21799827,0.14071856,0.53846154,7,Finished,1,0,0.00136699
2014,19,2014-11-23,yas_marina,HUL,force_india,0,12,2,0.06392786,0.09137056,0.0,0.16724188,0.21863524,0.23952096,0.46153846,6,Finished,1,0,0.00137158
2014,19,2014-11-23,yas_marina,SUT,sauber,0,13,2,0.04978707,0.0,0.0,0.02066398,0.37352386,0.0,0.57142857,16,+1 Lap,1,0,0.00096189
2014,19,2014-11-23,yas_marina,GRO,lotus_f1,0,14,2,0.03877421,0.01015228,0.0,0.07644912,0.4974232,0.0239521,0.5,13,+1 Lap,1,0,0.00108312
2014,19,2014-11-23,yas_marina,GUT,sauber,0,15,1,0.03019738,0.0,0.0,0.06227266,0.35575602,0.0,0.42857143,15,+1 Lap,1,0,0.00086453
2014,19,2014-11-23,yas_marina,MAL,lotus_f1,0,16,3,0.02351775,0.01015228,0.0,0.10514453,0.34013155,0.00598802,0.5,19,Power Unit,0,0,0.00092347
2014,19,2014-11-23,yas_marina,KOB,caterham,0,17,2,0.01831564,0.0,0.0,0.00945053,0.45910514,0.0,0.71428571,18,Retired,0,0,0.00097852
2014,19,2014-11-23,yas_marina,STE,caterham,0,18,0,0.01426423,0.0,0.0,0.51880882,0.5,0.0,0.5,17,+1 Lap,1,0,0.00155654
2016,1,2016-03-20,albert_park,HAM,mercedes,0,1,3,1.0,0.0,0.0,1.0,0.80637366,0.0,0.5,2,Finished,1,0,0.39797591
2016,1,2016-03-20,albert_park,ROS,mercedes,0,2,3,0.77880078,0.0,0.0,1.0,1.0,0.0,0.5,1,Finished,1,1,0.21636006
2016,1,2016-03-20,albert_park,VET,ferrari,0,3,3,0.60653066,0.0,0.0,1.0,0.66205288,0.0,0.5,3,Finished,1,0,0.09160895
2016,1,2016-03-20,albert_park,RAI,ferrari,0,4,3,0.47236655,0.0,0.0,1.0,0.46804606,0.0,0.5,18,Engine,0,0,0.04953527
2016,1,2016-03-20,albert_park,VER,toro_rosso,0,5,1,0.36787944,0.0,0.0,1.0,0.3,0.0,0.5,10,Finished,1,0,0.03028029
2016,1,2016-03-20,albert_park,MAS,williams,0,6,3,0.2865048,0.0,0.0,1.0,0.54204305,0.0,0.5,5,Finished,1,0,0.02768166
2016,1,2016-03-20,albert_park,SAI,toro_rosso,0,7,1,0.22313016,0.0,0.0,1.0,0.41698514,0.0,0.5,9,Finished,1,0,0.02016667
2016,1,2016-03-20,albert_park,RIC,red_bull,0,8,3,0.17377394,0.0,0.0,1.0,0.24222822,0.0,0.5,4,Finished,1,0,0.01482699
2016,1,2016-03-20,albert_park,PER,force_india,0,9,3,0.13533528,0.0,0.0,1.0,0.22958365,0.0,0.5,13,Finished,1,0,0.01285971
2016,1,2016-03-20,albert_park,HUL,force_india,0,10,3,0.10539922,0.0,0.0,1.0,0.36787944,0.0,0.5,7,Finished,1,0,0.01293408
2016,1,2016-03-20,albert_park,BOT,williams,0,11,3,0.082085,0.0,0.0,1.0,0.23155326,0.0,0.5,8,Finished,1,0,0.01072135
2016,1,2016-03-20,albert_park,ALO,mclaren,0,12,2,0.06392786,0.0,0.0,1.0,0.79639742,0.0,0.5,21,Collision,0,0,0.01571141
2016,1,2016-03-20,albert_park,BUT,mclaren,0,13,3,0.04978707,0.0,0.0,1.0,0.46453762,0.0,0.5,14,+1 Lap,1,0,0.01152381
2016,1,2016-03-20,albert_park,PAL,renault,0,14,0,0.03877421,0.0,0.0,1.0,0.5,0.0,0.5,11,Finished,1,0,0.011409
2016,1,2016-03-20,albert_park,MAG,renault,0,15,2,0.03019738,0.0,0.0,1.0,0.49242818,0.0,0.5,12,Finished,1,0,0.01101106
2016,1,2016-03-20,albert_park,ERI,sauber,0,16,2,0.02351775,0.0,0.0,1.0,0.31158218,0.0,0.5,17,Engine,0,0,0.00933263
2016,1,2016-03-20,albert_park,NAS,sauber,0,17,1,0.01831564,0.0,0.0,1.0,0.56035523,0.0,0.5,15,+1 Lap,1,0,0.01115014
2016,1,2016-03-20,albert_park,KVY,red_bull,0,18,2,0.01426423,0.0,0.0,1.0,0.25327682,0.0,0.5,22,Retired,0,0,0.0086343
2016,1,2016-03-20,albert_park,GRO,haas,0,19,3,0.011109,0.0,0.0,1.0,0.05442008,0.0,0.5,6,Finished,1,0,0.00730325
2016,1,2016-03-20,albert_park,GUT,haas,0,20,2,0.0086517,0.0,0.0,1.0,0.27154238,0.0,0.5,20,Collision,0,0,0.00859165
2016,1,2016-03-20,albert_park,HAR,manor,0,21,0,0.00673795,0.0,0.0,1.0,0.5,0.0,0.5,19,Mechanical,0,0,0.01021706
2016,1,2016-03-20,albert_park,WEH,manor,0,22,0,0.00524752,0.0,0.0,1.0,0.5,0.0,0.5,16,+1 Lap,1,0,0.01016474
2016,2,2016-04-03,bahrain,HAM,mercedes,0,1,3,1.0,1.0,0.0,0.81873075,1.0,0.72,0.5,3,Finished,1,0,0.594291
2016,2,2016-04-03,bahrain,ROS,mercedes,0,2,3,0.77880078,1.0,0.0,1.0,0.69850088,1.0,0.5,1,Finished,1,1,0.33188327
2016,2,2016-04-03,bahrain,VET,ferrari,0,3,3,0.60653066,0.34883721,0.0,0.67032005,0.62704154,0.6,0.5,21,Engine,0,0,0.03385766
2016,2,2016-04-03,bahrain,RAI,ferrari,0,4,3,0.47236655,0.34883721,0.0,0.0,0.6982024,0.0,0.5,2,Finished,1,0,0.00680794
2016,2,2016-04-03,bahrain,RIC,red_bull,0,5,3,0.36787944,0.27906977,0.0,0.54881164,0.40367614,0.48,0.5,4,Finished,1,0,0.00898292
2016,2,2016-04-03,bahrain,BOT,williams,0,6,3,0.2865048,0.3255814,0.0,0.24659696,0.39412911,0.16,0.5,9,+1 Lap,1,0,0.00404348
2016,2,2016-04-03,bahrain,MAS,williams,0,7,3,0.22313016,0.3255814,0.0,0.44932896,0.21122636,0.4,0.5,8,+1 Lap,1,0,0.00423436
2016,2,2016-04-03,bahrain,HUL,force_india,0,8,3,0.17377394,0.13953488,0.0,0.30119421,0.23934032,0.24,0.5,15,+1 Lap,1,0,0.00208426
2016,2,2016-04-03,bahrain,GRO,haas,0,9,3,0.13533528,0.18604651,0.0,0.36787944,0.37093034,0.32,0.5,5,Finished,1,0,0.00248294
2016,2,2016-04-03,bahrain,VER,toro_rosso,0,10,1,0.10539922,0.06976744,0.0,0.16529889,0.3,0.04,0.5,6,Finished,1,0,0.00114926
2016,2,2016-04-03,bahrain,SAI,toro_rosso,0,11,1,0.082085,0.06976744,0.0,0.20189652,0.3,0.08,0.5,18,Retired,0,0,0.00113874
2016,2,2016-04-03,bahrain,VAN,mclaren,0,12,0,0.06392786,0.0,0.0,0.5,0.5,0.0,0.5,10,+1 Lap,1,0,0.00146458
2016,2,2016-04-03,bahrain,GUT,haas,0,13,2,0.04978707,0.18604651,0.0,0.0,0.18521007,0.0,0.5,19,Retired,0,0,0.00083395
2016,2,2016-04-03,bahrain,BUT,mclaren,0,14,3,0.03877421,0.0,0.0,0.07427358,0.04294226,0.0,0.5,20,Power Unit,0,0,0.00059111
2016,2,2016-04-03,bahrain,KVY,red_bull,0,15,2,0.03019738,0.27906977,0.0,0.0,0.30464296,0.0,0.5,7,+1 Lap,1,0,0.00098244
2016,2,2016-04-03,bahrain,WEH,manor,0,16,0,0.02351775,0.0,0.0,0.04978707,0.5,0.0,0.5,13,+1 Lap,1,0,0.00078272
2016,2,2016-04-03,bahrain,ERI,sauber,0,17,2,0.01831564,0.0,0.0,0.0,0.20746134,0.0,0.5,12,+1 Lap,1,0,0.00057863
2016,2,2016-04-03,bahrain,PER,force_india,0,18,3,0.01426423,0.13953488,0.0,0.09071795,0.46748965,0.0,0.5,16,+1 Lap,1,0,0.00094917
2016,2,2016-04-03,bahrain,MAG,renault,0,19,1,0.011109,0.0,0.0,0.11080316,0.3,0.0,0.5,11,+1 Lap,1,0,0.00068446
2016,2,2016-04-03,bahrain,PAL,renault,0,20,0,0.0086517,0.0,0.0,0.13533528,0.5,0.0,0.5,22,Hydraulics,0,0,0.00081581
2016,2,2016-04-03,bahrain,HAR,manor,0,21,0,0.00673795,0.0,0.0,0.0,0.5,0.0,0.5,17,+1 Lap,1,0,0.0007
2016,2,2016-04-03,bahrain,NAS,sauber,0,22,1,0.00524752,0.0,0.0,0.06081006,0.3506617,0.0,0.5,14,+1 Lap,1,0,0.0006613
2016,3,2016-04-17,shanghai,ROS,mercedes,0,1,3,1.0,1.0,0.0,1.0,0.6838982,1.0,0.5,1,Finished,1,1,0.8592529
2016,3,2016-04-17,shanghai,RIC,red_bull,0,2,3,0.77880078,0.36144578,0.0,0.54881164,0.36196749,0.48,0.5,4,Finished,1,0,0.04941883
2016,3,2016-04-17,shanghai,RAI,ferrari,0,3,3,0.60653066,0.39759036,0.0,0.40936538,0.55562947,0.36,0.5,5,Finished,1,0,0.02624224
2016,3,2016-04-17,shanghai,VET,ferrari,0,4,3,0.47236655,0.39759036,0.0,0.33516002,0.61875043,0.3,0.5,2,Finished,1,0,0.01529296
2016,3,2016-04-17,shanghai,BOT,williams,0,5,3,0.36787944,0.24096386,0.0,0.22424674,0.30664634,0.12,0.5,10,Finished,1,0,0.00509782
2016,3,2016-04-17,shanghai,KVY,red_bull,0,6,2,0.2865048,0.36144578,0.0,0.15059711,0.22282517,0.12,0.5,3,Finished,1,0,0.00397754
2016,3,2016-04-17,shanghai,PER,force_india,0,7,3,0.22313016,0.07228916,0.0,0.07025251,0.16919087,0.0,0.5,11,Finished,1,0,0.00166841
2016,3,2016-04-17,shanghai,SAI,toro_rosso,0,8,1,0.17377394,0.13253012,0.0,0.10094826,0.3392263,0.04,0.5,9,Finished,1,0,0.00187645
2016,3,2016-04-17,shanghai,VER,toro_rosso,0,9,1,0.13533528,0.13253012,0.0,0.26658916,0.3,0.18,0.5,8,Finished,1,0,0.00212895
2016,3,2016-04-17,shanghai,HUL,force_india,0,10,3,0.10539922,0.07228916,0.0,0.18100214,0.16714413,0.12,0.5,15,+1 Lap,1,0,0.00137591
2016,3,2016-04-17,shanghai,MAS,williams,0,11,3,0.082085,0.24096386,0.0,0.34796296,0.3320799,0.28,0.5,6,Finished,1,0,0.00252023
2016,3,2016-04-17,shanghai,ALO,mclaren,0,12,3,0.06392786,0.01204819,0.0,0.0,0.53068416,0.0,0.5,12,Finished,1,0,0.0010867
2016,3,2016-04-17,shanghai,BUT,mclaren,0,13,3,0.04978707,0.01204819,0.0,0.03713679,0.19343578,0.0,0.5,13,Finished,1,0,0.00082624
2016,3,2016-04-17,shanghai,GRO,haas,0,14,3,0.03877421,0.21686747,0.0,0.4086042,0.19759747,0.36,0.5,19,+1 Lap,1,0,0.00214332
2016,3,2016-04-17,shanghai,ERI,sauber,0,15,2,0.03019738,0.0,0.0,0.05540158,0.2497941,0.0,0.5,16,+1 Lap,1,0,0.00080898
2016,3,2016-04-17,shanghai,NAS,sauber,0,16,1,0.02351775,0.0,0.0,0.06754182,0.40662814,0.0,0.5,20,+1 Lap,1,0,0.00090631
2016,3,2016-04-17,shanghai,MAG,renault,0,17,1,0.01831564,0.0,0.0,0.12306922,0.3392263,0.0,0.5,17,+1 Lap,1,0,0.00089651
2016,3,2016-04-17,shanghai,GUT,haas,0,18,2,0.01426423,0.21686747,0.0,0.0,0.19557809,0.0,0.5,14,+1 Lap,1,0,0.00095181
2016,3,2016-04-17,shanghai,PAL,renault,0,19,0,0.011109,0.0,0.0,0.06766764,0.5,0.0,0.5,22,+1 Lap,1,0,0.00093475
2016,3,2016-04-17,shanghai,HAR,manor,0,20,0,0.0086517,0.0,0.0,0.0203811,0.5,0.0,0.5,21,+1 Lap,1,0,0.00088063
2016,3,2016-04-17,shanghai,WEH,manor,0,21,0,0.00673795,0.0,0.0,0.07025251,0.5,0.0,0.5,18,+1 Lap,1,0,0.00092337
2016,3,2016-04-17,shanghai,HAM,mercedes,0,22,3,0.00524752,1.0,0.0,0.7445254,1.0,0.66,0.5,7,Finished,1,0,0.02078914
2016,4,2016-05-01,sochi,ROS,mercedes,0,1,2,1.0,1.0,0.0,1.0,0.39413088,1.0,1.0,1,Finished,1,1,0.85263647
2016,4,2016-05-01,sochi,VET,ferrari,0,2,2,0.77880078,0.53508772,0.0,0.49635027,0.55404506,0.44,0.5,20,Collision,0,0,0.06628495
2016,4,2016-05-01,sochi,BOT,williams,0,3,2,0.60653066,0.25438596,0.0,0.20459746,0.35440919,0.09333333,0.0,4,Finished,1,0,0.0089738
2016,4,2016-05-01,sochi,RAI,ferrari,0,4,2,0.47236655,0.53508772,0.0,0.42268657,0.32332408,0.37333333,0.5,3,Finished,1,0,0.01685473
2016,4,2016-05-01,sochi,MAS,williams,0,5,2,0.36787944,0.25438596,0.0,0.35460179,0.42106183,0.29333333,1.0,5,Finished,1,0,0.00936212
2016,4,2016-05-01,sochi,RIC,red_bull,0,6,2,0.2865048,0.5,0.0,0.54881164,0.25561374,0.48,0.5,11,+1 Lap,1,0,0.00997285
2016,4,2016-05-01,sochi,PER,force_india,0,7,2,0.22313016,0.05263158,0.0,0.09194677,0.4755406,0.0,0.33333333,9,+1 Lap,1,0,0.00189626
2016,4,2016-05-01,sochi,KVY,red_bull,0,8,2,0.17377394,0.5,0.0,0.32383809,0.36668136,0.28,0.5,15,+1 Lap,1,0,0.0049433
2016,4,2016-05-01,sochi,VER,toro_rosso,0,9,1,0.13533528,0.14912281,0.0,0.2599251,0.36611956,0.17333333,0.5,19,Power Unit,0,0,0.00221242
2016,4,2016-05-01,sochi,HAM,mercedes,0,10,2,0.10539922,1.0,0.0,0.59674834,0.825,0.52,0.0,2,Finished,1,0,0.01487637
2016,4,2016-05-01,sochi,SAI,toro_rosso,0,11,1,0.082085,0.14912281,0.0,0.13459768,0.3,0.05333333,0.5,12,+1 Lap,1,0,0.00138885
2016,4,2016-05-01,sochi,BUT,mclaren,0,12,2,0.06392786,0.00877193,0.0,0.05499718,0.39908355,0.0,0.5,10,+1 Lap,1,0,0.00100865
2016,4,2016-05-01,sochi,HUL,force_india,0,13,2,0.04978707,0.05263158,0.0,0.14093811,0.20465614,0.08,0.66666667,21,Collision,0,0,0.00111583
2016,4,2016-05-01,sochi,ALO,mclaren,0,14,2,0.03877421,0.00877193,0.0,0.05540158,0.32520769,0.0,0.5,6,+1 Lap,1,0,0.00087306
2016,4,2016-05-01,sochi,GRO,haas,0,15,2,0.03019738,0.15789474,0.0,0.28151071,0.18590988,0.24,0.5,8,+1 Lap,1,0,0.00146065
2016,4,2016-05-01,sochi,GUT,haas,0,16,1,0.02351775,0.15789474,0.0,0.02475786,0.32432403,0.0,0.5,17,+1 Lap,1,0,0.00099796
2016,4,2016-05-01,sochi,MAG,renault,0,17,1,0.01831564,0.0,0.0,0.09563355,0.47973159,0.0,0.5,7,+1 Lap,1,0,0.00094747
2016,4,2016-05-01,sochi,PAL,renault,0,18,0,0.01426423,0.0,0.0,0.05011029,0.5,0.0,0.5,13,+1 Lap,1,0,0.00090372
2016,4,2016-05-01,sochi,NAS,sauber,0,19,1,0.011109,0.0,0.0,0.0524848,0.44715178,0.0,0.5,16,+1 Lap,1,0,0.00085973
2016,4,2016-05-01,sochi,WEH,manor,0,20,0,0.0086517,0.0,0.0,0.05795943,0.5,0.0,0.5,18,+2 Laps,1,0,0.00089398
2016,4,2016-05-01,sochi,HAR,manor,0,21,0,0.00673795,0.0,0.0,0.01969261,0.5,0.0,0.5,22,Collision,0,0,0.00085207
2016,4,2016-05-01,sochi,ERI,sauber,0,22,2,0.00524752,0.0,0.0,0.05353008,0.18231311,0.0,0.5,14,+1 Lap,1,0,0.00068475
2016,5,2016-05-15,catalunya,HAM,mercedes,0,1,3,1.0,1.0,0.0,0.65224394,0.89589438,0.57,0.0,21,Collision,0,0,0.34319097
2016,5,2016-05-15,catalunya,ROS,mercedes,0,2,3,0.77880078,1.0,0.0,1.0,1.0,1.0,1.0,22,Collision,0,0,0.58137035
2016,5,2016-05-15,catalunya,RIC,red_bull,0,3,3,0.60653066,0.36305732,0.0,0.44544255,0.48551099,0.36,0.66666667,4,Finished,1,0,0.02353714
2016,5,2016-05-15,catalunya,VER,red_bull,0,4,1,0.47236655,0.36305732,0.0,0.19494382,0.3677812,0.13,0.5,1,Finished,1,1,0.00792116
2016,5,2016-05-15,catalunya,RAI,ferrari,0,5,3,0.36787944,0.48407643,0.0,0.48459494,0.60870751,0.43,0.5,2,Finished,1,0,0.01384189
2016,5,2016-05-15,catalunya,VET,ferrari,0,6,3,0.2865048,0.48407643,0.0,0.3722627,0.75632057,0.33,0.5,3,Finished,1,0,0.00961478
2016,5,2016-05-15,catalunya,BOT,williams,0,7,3,0.22313016,0.32484076,0.0,0.290651,0.5055262,0.19,0.25,5,Finished,1,0,0.00363621
2016,5,2016-05-15,catalunya,SAI,toro_rosso,0,8,1,0.17377394,0.10828025,0.0,0.12864905,0.40111767,0.04,0.5,6,Finished,1,0,0.00173087
2016,5,2016-05-15,catalunya,PER,force_india,0,9,3,0.13533528,0.05095541,0.0,0.11943421,0.18951853,0.02,0.33333333,7,Finished,1,0,0.00105896
2016,5,2016-05-15,catalunya,ALO,mclaren,0,10,3,0.10539922,0.06369427,0.0,0.15956087,0.43112892,0.08,0.5,19,Engine,0,0,0.00139917
2016,5,2016-05-15,catalunya,HUL,force_india,0,11,3,0.082085,0.05095541,0.0,0.10570358,0.11776795,0.06,0.66666667,20,Engine,0,0,0.00099804
2016,5,2016-05-15,catalunya,BUT,mclaren,0,12,3,0.06392786,0.06369427,0.0,0.0825726,0.15242597,0.01,0.5,9,+1 Lap,1,0,0.00084804
2016,5,2016-05-15,catalunya,KVY,toro_rosso,0,13,2,0.04978707,0.10828025,0.0,0.25808108,0.27902631,0.21,0.33333333,10,+1 Lap,1,0,0.00124283
2016,5,2016-05-15,catalunya,GRO,haas,0,14,3,0.03877421,0.14012739,0.0,0.27278227,0.23858999,0.22,0.5,18,Engine,0,0,0.00135044
2016,5,2016-05-15,catalunya,MAG,renault,0,15,1,0.03019738,0.03821656,0.0,0.14702371,0.35549456,0.06,0.66666667,14,+1 Lap,1,0,0.00103293
2016,5,2016-05-15,catalunya,GUT,haas,0,16,2,0.02351775,0.14012739,0.0,0.02875895,0.24418882,0.0,0.5,11,+1 Lap,1,0,0.00083105
2016,5,2016-05-15,catalunya,PAL,renault,0,17,0,0.01831564,0.03821656,0.0,0.0602622,0.5,0.0,0.33333333,13,+1 Lap,1,0,0.00081878
2016,5,2016-05-15,catalunya,MAS,williams,0,18,3,0.01426423,0.32484076,0.0,0.37828358,0.43626618,0.32,0.75,8,Finished,1,0,0.00261233
2016,5,2016-05-15,catalunya,ERI,sauber,0,19,2,0.011109,0.0,0.0,0.05871595,0.21805488,0.0,1.0,12,+1 Lap,1,0,0.00083796
2016,5,2016-05-15,catalunya,NAS,sauber,0,20,1,0.0086517,0.0,0.0,0.05181037,0.35549456,0.0,0.0,15,+1 Lap,1,0,0.00056183
2016,5,2016-05-15,catalunya,WEH,manor,0,21,0,0.00673795,0.0,0.0,0.05181289,0.5,0.0,0.5,16,+1 Lap,1,0,0.00079982
2016,5,2016-05-15,catalunya,HAR,manor,0,22,0,0.00524752,0.0,0.0,0.01476946,0.5,0.0,0.5,17,+1 Lap,1,0,0.00076445
2016,6,2016-05-29,monaco,RIC,red_bull,0,1,3,1.0,0.59872611,0.0,0.58264546,0.41752409,0.48,0.5,2,Finished,1,0,0.20994358
2016,6,2016-05-29,monaco,ROS,mercedes,0,2,3,0.77880078,1.0,0.0,1.0,1.0,1.0,1.0,7,Finished,1,0,0.62719673
2016,6,2016-05-29,monaco,HAM,mercedes,0,3,3,0.60653066,1.0,0.0,0.65224394,0.68992609,0.57,0.0,1,Finished,1,1,0.08554234
2016,6,2016-05-29,monaco,VET,ferrari,0,4,3,0.47236655,0.69426752,0.0,0.53984271,0.55822551,0.48,0.5,4,Finished,1,0,0.0320864
2016,6,2016-05-29,monaco,HUL,force_india,0,5,3,0.36787944,0.08917197,0.0,0.10570358,0.23524236,0.06,0.66666667,6,Finished,1,0,0.00391408
2016,6,2016-05-29,monaco,RAI,ferrari,0,6,3,0.2865048,0.69426752,0.0,0.68927763,0.24004141,0.61,0.5,21,Accident,0,0,0.01569556
2016,6,2016-05-29,monaco,SAI,toro_rosso,0,7,1,0.22313016,0.1656051,0.0,0.22061891,0.36611956,0.12,0.66666667,8,+1 Lap,1,0,0.00315825
2016,6,2016-05-29,monaco,PER,force_india,0,8,3,0.17377394,0.08917197,0.0,0.19473276,0.13690646,0.08,0.33333333,3,Finished,1,0,0.00162816
2016,6,2016-05-29,monaco,KVY,toro_rosso,0,9,2,0.13533528,0.1656051,0.0,0.2994058,0.38483974,0.22,0.25,20,Accident,0,0,0.00218705
2016,6,2016-05-29,monaco,ALO,mclaren,0,10,3,0.10539922,0.07643312,0.0,0.14958831,0.24307511,0.08,0.5,5,Finished,1,0,0.00136177
2016,6,2016-05-29,monaco,BOT,williams,0,11,3,0.082085,0.41401274,0.0,0.40298324,0.05894325,0.29,0.4,12,+1 Lap,1,0,0.00244266
2016,6,2016-05-29,monaco,GUT,haas,0,12,2,0.06392786,0.14012739,0.0,0.06259277,0.19928039,0.0,0.5,11,+1 Lap,1,0,0.00105952
2016,6,2016-05-29,monaco,BUT,mclaren,0,13,3,0.04978707,0.07643312,0.0,0.13304673,0.31275104,0.03,0.5,9,+1 Lap,1,0,0.00109301
2016,6,2016-05-29,monaco,MAS,williams,0,14,3,0.03877421,0.41401274,0.0,0.43993282,0.12347546,0.36,0.6,10,+1 Lap,1,0,0.00257407
2016,6,2016-05-29,monaco,GRO,haas,0,15,3,0.03019738,0.14012739,0.0,0.27278227,0.12882774,0.22,0.5,13,+2 Laps,1,0,0.00127048
2016,6,2016-05-29,monaco,MAG,renault,0,16,1,0.02351775,0.03821656,0.0,0.16559211,0.36611956,0.06,0.5,19,Retired,0,0,0.00102685
2016,6,2016-05-29,monaco,ERI,sauber,0,17,2,0.01831564,0.0,0.0,0.08641674,0.24590837,0.0,1.0,16,Collision,0,0,0.00097205
2016,6,2016-05-29,monaco,PAL,renault,0,18,0,0.01426423,0.03821656,0.0,0.08294169,0.5,0.0,0.5,22,Accident,0,0,0.00096257
2016,6,2016-05-29,monaco,HAR,manor,0,19,0,0.011109,0.0,0.0,0.02496001,0.5,0.0,0.0,15,+4 Laps,1,0,0.00068236
2016,6,2016-05-29,monaco,WEH,manor,0,20,0,0.0086517,0.0,0.0,0.06425966,0.5,0.0,1.0,14,+2 Laps,1,0,0.00109827
2016,6,2016-05-29,monaco,VER,red_bull,0,21,1,0.00673795,0.59872611,0.0,0.44494382,0.3,0.38,0.66666667,18,Accident,0,0,0.00346602
2016,6,2016-05-29,monaco,NAS,sauber,0,22,1,0.00524752,0.0,0.0,0.06701289,0.38075861,0.0,0.0,17,Retired,0,0,0.00063823
2016,7,2016-06-12,villeneuve,HAM,mercedes,0,1,3,1.0,1.0,0.0,0.84522292,0.82595387,0.77358491,0.2,1,Finished,1,1,0.42444339
2016,7,2016-06-12,villeneuve,ROS,mercedes,0,2,3,0.77880078,1.0,0.0,1.0,1.0,1.0,0.8,5,Finished,1,0,0.43136039
2016,7,2016-06-12,villeneuve,VET,ferrari,0,3,3,0.60653066,0.73103448,0.0,0.61731068,0.87754226,0.56603774,0.5,2,Finished,1,0,0.05894587
2016,7,2016-06-12,villeneuve,RIC,red_bull,0,4,3,0.47236655,0.68965517,0.0,0.78774552,0.50796137,0.62264151,0.5,7,Finished,1,0,0.03283608
2016,7,2016-06-12,villeneuve,VER,red_bull,0,5,1,0.36787944,0.68965517,0.0,0.48905829,0.33310401,0.35849057,0.66666667,4,Finished,1,0,0.01273934
2016,7,2016-06-12,villeneuve,RAI,ferrari,0,6,3,0.2865048,0.73103448,0.0,0.8351858,0.47353289,0.5754717,0.5,6,Finished,1,0,0.01816602
2016,7,2016-06-12,villeneuve,BOT,williams,0,7,3,0.22313016,0.35862069,0.0,0.44715308,0.56807234,0.27358491,0.33333333,3,Finished,1,0,0.0043329
2016,7,2016-06-12,villeneuve,MAS,williams,0,8,3,0.17377394,0.35862069,0.0,0.44702042,0.30385145,0.3490566,0.66666667,20,Retired,0,0,0.00371178
2016,7,2016-06-12,villeneuve,HUL,force_india,0,9,3,0.13533528,0.2137931,0.0,0.14827954,0.34712335,0.13207547,0.5,8,+1 Lap,1,0,0.0015268
2016,7,2016-06-12,villeneuve,ALO,mclaren,0,10,3,0.10539922,0.16551724,0.0,0.35139237,0.41254451,0.16981132,1.0,11,+1 Lap,1,0,0.00221646
2016,7,2016-06-12,villeneuve,PER,force_india,0,11,3,0.082085,0.2137931,0.0,0.41152778,0.12558124,0.21698113,0.5,10,+1 Lap,1,0,0.00151764
2016,7,2016-06-12,villeneuve,BUT,mclaren,0,12,3,0.06392786,0.16551724,0.0,0.19987006,0.27192569,0.04716981,0.0,22,Power Unit,0,0,0.00081037
2016,7,2016-06-12,villeneuve,KVY,toro_rosso,0,13,2,0.04978707,0.1862069,0.0,0.36278484,0.28006025,0.20754717,0.25,12,+1 Lap,1,0,0.00122582
2016,7,2016-06-12,villeneuve,GUT,haas,0,14,2,0.03877421,0.09655172,0.0,0.11683843,0.175,0.0,0.66666667,13,+2 Laps,1,0,0.00076033
2016,7,2016-06-12,villeneuve,GRO,haas,0,15,3,0.03019738,0.09655172,0.0,0.24656762,0.13031672,0.20754717,0.33333333,14,+2 Laps,1,0,0.00081963
2016,7,2016-06-12,villeneuve,SAI,toro_rosso,0,16,1,0.02351775,0.1862069,0.0,0.28086081,0.36031944,0.1509434,0.66666667,9,+1 Lap,1,0,0.00128157
2016,7,2016-06-12,villeneuve,PAL,renault,0,17,0,0.01831564,0.04137931,0.0,0.05950316,0.5,0.0,0.5,21,Retired,0,0,0.00073044
2016,7,2016-06-12,villeneuve,WEH,manor,0,18,0,0.01426423,0.0,0.0,0.08527979,0.5,0.0,1.0,17,+2 Laps,1,0,0.00089117
2016,7,2016-06-12,villeneuve,ERI,sauber,0,19,2,0.011109,0.0,0.0,0.10470967,0.21364951,0.0,1.0,15,+2 Laps,1,0,0.00071857
2016,7,2016-06-12,villeneuve,NAS,sauber,0,20,1,0.0086517,0.0,0.0,0.06277773,0.32710327,0.0,0.0,18,+2 Laps,1,0,0.00045517
2016,7,2016-06-12,villeneuve,HAR,manor,0,21,0,0.00673795,0.0,0.0,0.04866424,0.5,0.0,0.0,19,+2 Laps,1,0,0.00051026
2016,8,2016-06-19,baku,ROS,mercedes,0,1,0,1.0,1.0,0.0,0.88159914,0.5,1.0,0.66666667,1,Finished,1,1,0.67874238
2016,8,2016-06-19,baku,PER,force_india,0,2,0,0.77880078,0.25714286,0.0,0.47246167,0.5,0.20689655,0.4,3,Finished,1,0,0.0286167
2016,8,2016-06-19,baku,RIC,red_bull,0,3,0,0.60653066,0.71428571,0.0,0.75414747,0.5,0.62068966,0.4,7,Finished,1,0,0.07164071
2016,8,2016-06-19,baku,VET,ferrari,0,4,0,0.47236655,0.81428571,0.0,0.91559676,0.5,0.67241379,0.66666667,2,Finished,1,0,0.08266904
2016,8,2016-06-19,baku,RAI,ferrari,0,5,0,0.36787944,0.81428571,0.0,0.73920342,0.5,0.59482759,0.33333333,4,Finished,1,0,0.038477
2016,8,2016-06-19,baku,MAS,williams,0,6,0,0.2865048,0.43571429,0.0,0.39395315,0.5,0.31896552,0.66666667,10,Finished,1,0,0.01028363
2016,8,2016-06-19,baku,KVY,toro_rosso,0,7,0,0.22313016,0.15,0.0,0.32283858,0.5,0.18965517,0.2,22,Suspension,0,0,0.0034369
2016,8,2016-06-19,baku,BOT,williams,0,8,0,0.17377394,0.43571429,0.0,0.62327226,0.5,0.37931034,0.33333333,6,Finished,1,0,0.00850447
2016,8,2016-06-19,baku,VER,red_bull,0,9,0,0.13533528,0.71428571,0.0,0.57546531,0.5,0.43103448,0.75,8,Finished,1,0,0.01471334
2016,8,2016-06-19,baku,HAM,mercedes,0,10,0,0.10539922,1.0,0.0,1.0,0.5,0.92241379,0.33333333,5,Finished,1,0,0.04308161
2016,8,2016-06-19,baku,GRO,haas,0,11,0,0.082085,0.02857143,0.0,0.14068038,0.5,0.18965517,0.25,13,+1 Lap,1,0,0.00153987
2016,8,2016-06-19,baku,HUL,force_india,0,12,0,0.06392786,0.25714286,0.0,0.21644318,0.5,0.15517241,0.6,9,Finished,1,0,0.00270586
2016,8,2016-06-19,baku,SAI,toro_rosso,0,13,0,0.04978707,0.15,0.0,0.36189095,0.5,0.15517241,0.75,21,Suspension,0,0,0.00281084
2016,8,2016-06-19,baku,ALO,mclaren,0,14,0,0.03877421,0.16428571,0.0,0.34082449,0.5,0.15517241,1.0,19,Gearbox,0,0,0.00310663
2016,8,2016-06-19,baku,GUT,haas,0,15,0,0.03019738,0.02857143,0.0,0.15270377,0.5,0.0,0.75,16,+1 Lap,1,0,0.0014888
2016,8,2016-06-19,baku,NAS,sauber,0,16,0,0.02351775,0.0,0.0,0.05331576,0.5,0.0,0.0,12,+1 Lap,1,0,0.00082747
2016,8,2016-06-19,baku,HAR,manor,0,17,0,0.01831564,0.0,0.0,0.04718435,0.5,0.0,0.0,18,+2 Laps,1,0,0.00080892
2016,8,2016-06-19,baku,WEH,manor,0,18,0,0.01426423,0.0,0.0,0.07422274,0.5,0.0,1.0,20,Brakes,0,0,0.00141375
2016,8,2016-06-19,baku,BUT,mclaren,0,19,0,0.011109,0.16428571,0.0,0.21148261,0.5,0.04310345,0.0,11,Finished,1,0,0.00130158
2016,8,2016-06-19,baku,ERI,sauber,0,20,0,0.0086517,0.0,0.0,0.09476954,0.5,0.0,1.0,17,+1 Lap,1,0,0.00142468
2016,8,2016-06-19,baku,MAG,renault,0,21,0,0.00673795,0.04285714,0.0,0.14936804,0.5,0.05172414,0.5,14,+1 Lap,1,0,0.00129375
2016,8,2016-06-19,baku,PAL,renault,0,22,0,0.00524752,0.04285714,0.0,0.06296032,0.5,0.0,0.5,15,+1 Lap,1,0,0.0011121
2016,9,2016-07-03,red_bull_ring,HAM,mercedes,0,1,2,1.0,1.0,0.0,1.0,0.70717499,0.82978723,0.28571429,1,Finished,1,1,0.54885426
2016,9,2016-07-03,red_bull_ring,ROS,mercedes,0,2,2,0.77880078,1.0,0.0,0.84163798,0.825,1.0,0.71428571,4,Finished,1,0,0.33434166
2016,9,2016-07-03,red_bull_ring,HUL,force_india,0,3,2,0.60653066,0.36805556,0.0,0.24980355,0.3696968,0.14184397,0.5,19,Brakes,0,0,0.01225341
2016,9,2016-07-03,red_bull_ring,VET,ferrari,0,4,2,0.47236655,0.80555556,0.0,0.87409455,0.38483974,0.68085106,0.75,21,Tyre,0,0,0.05063242
2016,9,2016-07-03,red_bull_ring,BUT,mclaren,0,5,3,0.36787944,0.15972222,0.0,0.21554906,0.16779114,0.03546099,0.0,6,Finished,1,0,0.00234073
2016,9,2016-07-03,red_bull_ring,RAI,ferrari,0,6,3,0.2865048,0.80555556,0.0,0.73613767,0.23867027,0.57446809,0.25,3,Finished,1,0,0.01473505
2016,9,2016-07-03,red_bull_ring,RIC,red_bull,0,7,2,0.22313016,0.57638889,0.0,0.6441945,0.30420347,0.55319149,0.5,5,Finished,1,0,0.00895298
2016,9,2016-07-03,red_bull_ring,BOT,williams,0,8,2,0.17377394,0.42361111,0.0,0.65700857,0.52621144,0.36879433,0.42857143,9,+1 Lap,1,0,0.00607876
2016,9,2016-07-03,red_bull_ring,VER,red_bull,0,9,1,0.13533528,0.57638889,0.0,0.5493806,0.39863879,0.38297872,0.6,2,Finished,1,0,0.00590915
2016,9,2016-07-03,red_bull_ring,MAS,williams,0,10,2,0.10539922,0.42361111,0.0,0.314108,0.57818666,0.26950355,0.57142857,20,Brakes,0,0,0.00342515
2016,9,2016-07-03,red_bull_ring,GUT,haas,0,11,1,0.082085,0.02777778,0.0,0.13828933,0.31092949,0.0,0.6,11,+1 Lap,1,0,0.00096821
2016,9,2016-07-03,red_bull_ring,WEH,manor,0,12,0,0.06392786,0.0,0.0,0.06064642,0.5,0.0,1.0,10,+1 Lap,1,0,0.00113402
2016,9,2016-07-03,red_bull_ring,GRO,haas,0,13,2,0.04978707,0.02777778,0.0,0.15370174,0.1948791,0.15602837,0.4,7,Finished,1,0,0.00082382
2016,9,2016-07-03,red_bull_ring,ALO,mclaren,0,14,3,0.03877421,0.15972222,0.0,0.29147071,0.14296831,0.12765957,1.0,18,Battery,0,0,0.00141085
2016,9,2016-07-03,red_bull_ring,SAI,toro_rosso,0,15,1,0.03019738,0.10416667,0.0,0.28370843,0.3,0.12765957,0.75,8,Finished,1,0,0.00125214
2016,9,2016-07-03,red_bull_ring,PER,force_india,0,16,2,0.02351775,0.36805556,0.0,0.61474694,0.35065758,0.27659574,0.5,17,Brakes,0,0,0.00267476
2016,9,2016-07-03,red_bull_ring,MAG,renault,0,17,1,0.01831564,0.04166667,0.0,0.15285169,0.42047768,0.04255319,0.6,14,+1 Lap,1,0,0.00090852
2016,9,2016-07-03,red_bull_ring,PAL,renault,0,18,0,0.01426423,0.04166667,0.0,0.07412532,0.5,0.0,0.4,12,+1 Lap,1,0,0.00076765
2016,9,2016-07-03,red_bull_ring,HAR,manor,0,19,0,0.011109,0.0,0.0,0.04965309,0.5,0.0,0.0,16,+1 Lap,1,0,0.00057115
2016,9,2016-07-03,red_bull_ring,KVY,toro_rosso,0,20,2,0.0086517,0.10416667,0.0,0.1030924,0.21736591,0.15602837,0.2,22,Retired,0,0,0.00069892
2016,9,2016-07-03,red_bull_ring,ERI,sauber,0,21,2,0.00673795,0.0,0.0,0.08771229,0.21861853,0.0,0.83333333,15,+1 Lap,1,0,0.0007079
2016,9,2016-07-03,red_bull_ring,NAS,sauber,0,22,1,0.00524752,0.0,0.0,0.07795866,0.35413411,0.0,0.16666667,13,+1 Lap,1,0,0.00055851
2016,10,2016-07-10,silverstone,HAM,mercedes,0,1,3,1.0,1.0,0.0,1.0,1.0,0.92810458,0.375,1,Finished,1,1,0.66685104
2016,10,2016-07-10,silverstone,ROS,mercedes,0,2,3,0.77880078,1.0,0.0,0.66660352,0.66791272,1.0,0.625,3,Finished,1,0,0.19992584
2016,10,2016-07-10,silverstone,VER,red_bull,0,3,1,0.60653066,0.80434783,0.0,0.75786896,0.3,0.47058824,0.66666667,2,Finished,1,0,0.0459996
2016,10,2016-07-10,silverstone,RIC,red_bull,0,4,3,0.47236655,0.80434783,0.0,0.70137114,0.30010169,0.5751634,0.42857143,4,Finished,1,0,0.02632771
2016,10,2016-07-10,silverstone,RAI,ferrari,0,5,3,0.36787944,0.84057971,0.0,0.69745214,0.2386852,0.62745098,0.25,5,Finished,1,0,0.01754767
2016,10,2016-07-10,silverstone,VET,ferrari,0,6,3,0.2865048,0.84057971,0.0,0.82815911,0.49880846,0.62745098,0.75,9,Finished,1,0,0.02397338
2016,10,2016-07-10,silverstone,BOT,williams,0,7,3,0.22313016,0.29710145,0.0,0.52190677,0.54590706,0.35294118,0.42857143,14,+1 Lap,1,0,0.00442687
2016,10,2016-07-10,silverstone,SAI,toro_rosso,0,8,1,0.17377394,0.13768116,0.0,0.30816715,0.3,0.14379085,0.75,8,Finished,1,0,0.00191725
2016,10,2016-07-10,silverstone,HUL,force_india,0,9,3,0.13533528,0.36956522,0.0,0.23667587,0.28183747,0.13071895,0.5,7,Finished,1,0,0.00188853
2016,10,2016-07-10,silverstone,ALO,mclaren,0,10,3,0.10539922,0.15942029,0.0,0.16950087,0.38390006,0.11764706,1.0,13,+1 Lap,1,0,0.00159337
2016,10,2016-07-10,silverstone,PER,force_india,0,11,3,0.082085,0.36956522,0.0,0.52390862,0.15023822,0.25490196,0.5,6,Finished,1,0,0.0021329
2016,10,2016-07-10,silverstone,MAS,williams,0,12,3,0.06392786,0.29710145,0.0,0.16733537,0.371125,0.24836601,0.57142857,11,+1 Lap,1,0,0.00150062
2016,10,2016-07-10,silverstone,GRO,haas,0,13,3,0.04978707,0.04347826,0.0,0.16145276,0.03928382,0.18300654,0.5,20,Retired,0,0,0.00068975
2016,10,2016-07-10,silverstone,GUT,haas,0,14,2,0.03877421,0.04347826,0.0,0.15843977,0.19715048,0.0,0.5,16,+1 Lap,1,0,0.00064894
2016,10,2016-07-10,silverstone,KVY,toro_rosso,0,15,2,0.03019738,0.13768116,0.0,0.08004515,0.39194271,0.14379085,0.2,10,Finished,1,0,0.00074915
2016,10,2016-07-10,silverstone,MAG,renault,0,16,1,0.02351775,0.0,0.0,0.07903213,0.43424338,0.03921569,0.5,17,Gearbox,0,0,0.00065864
2016,10,2016-07-10,silverstone,BUT,mclaren,0,17,3,0.01831564,0.15942029,0.0,0.26295195,0.21754754,0.08496732,0.0,12,+1 Lap,1,0,0.00068272
2016,10,2016-07-10,silverstone,PAL,renault,0,18,0,0.01426423,0.0,0.0,0.07605281,0.5,0.0,0.5,18,Gearbox,0,0,0.00064936
2016,10,2016-07-10,silverstone,HAR,manor,0,19,0,0.011109,0.00724638,0.0,0.06147756,0.5,0.0,0.0,19,Spun off,0,0,0.0004997
2016,10,2016-07-10,silverstone,WEH,manor,0,20,0,0.0086517,0.00724638,0.0,0.09570608,0.5,0.00653595,1.0,22,Spun off,0,0,0.00084538
2016,10,2016-07-10,silverstone,NAS,sauber,0,21,1,0.00673795,0.0,0.0,0.08572811,0.3,0.0,0.28571429,15,+1 Lap,1,0,0.00049159
2016,11,2016-07-24,hungaroring,ROS,mercedes,0,1,3,1.0,1.0,0.0,0.66743882,0.40799919,1.0,0.55555556,2,Finished,1,0,0.49287452
2016,11,2016-07-24,hungaroring,HAM,mercedes,0,2,3,0.77880078,1.0,0.0,1.0,0.8648816,0.99404762,0.44444444,1,Finished,1,1,0.37777414
2016,11,2016-07-24,hungaroring,RIC,red_bull,0,3,3,0.60653066,0.58426966,0.0,0.54373587,0.9157068,0.5952381,0.375,3,Finished,1,0,0.05320865
2016,11,2016-07-24,hungaroring,VER,red_bull,0,4,1,0.47236655,0.58426966,0.0,0.54679484,0.61239036,0.53571429,0.71428571,5,Finished,1,0,0.02834134
2016,11,2016-07-24,hungaroring,VET,ferrari,0,5,3,0.36787944,0.53370787,0.0,0.53674828,1.0,0.58333333,0.6,4,Finished,1,0,0.02259787
2016,11,2016-07-24,hungaroring,SAI,toro_rosso,0,6,1,0.2865048,0.08426966,0.0,0.21164706,0.3,0.1547619,0.8,8,+1 Lap,1,0,0.00318847
2016,11,2016-07-24,hungaroring,ALO,mclaren,0,7,3,0.22313016,0.11235955,0.0,0.15179417,0.80666767,0.10714286,0.75,7,+1 Lap,1,0,0.0033076
2016,11,2016-07-24,hungaroring,BUT,mclaren,0,8,3,0.17377394,0.11235955,0.0,0.1833792,0.30284868,0.07738095,0.25,22,Oil leak,0,0,0.00153589
2016,11,2016-07-24,hungaroring,HUL,force_india,0,9,3,0.13533528,0.33146067,0.0,0.25117656,0.04376961,0.1547619,0.42857143,10,+1 Lap,1,0,0.00180213
2016,11,2016-07-24,hungaroring,BOT,williams,0,10,3,0.10539922,0.15168539,0.0,0.32031184,0.1703341,0.32142857,0.375,9,+1 Lap,1,0,0.00162334
2016,11,2016-07-24,hungaroring,GRO,haas,0,11,3,0.082085,0.03370787,0.0,0.12516577,0.31380026,0.16666667,0.5,14,+1 Lap,1,0,0.00109525
2016,11,2016-07-24,hungaroring,KVY,toro_rosso,0,12,2,0.06392786,0.08426966,0.0,0.06205476,0.64876002,0.13690476,0.16666667,16,+1 Lap,1,0,0.00109957
2016,11,2016-07-24,hungaroring,PER,force_india,0,13,3,0.04978707,0.33146067,0.0,0.4211463,0.06529659,0.2797619,0.57142857,11,+1 Lap,1,0,0.00180379
2016,11,2016-07-24,hungaroring,RAI,ferrari,0,14,3,0.03877421,0.53370787,0.0,0.45767353,0.43136011,0.63095238,0.4,6,Finished,1,0,0.00363325
2016,11,2016-07-24,hungaroring,GUT,haas,0,15,2,0.03019738,0.03370787,0.0,0.10360274,0.175,0.0,0.5,13,+1 Lap,1,0,0.00070347
2016,11,2016-07-24,hungaroring,NAS,sauber,0,16,1,0.02351775,0.0,0.0,0.06646046,0.37703451,0.0,0.28571429,17,+1 Lap,1,0,0.00066307
2016,11,2016-07-24,hungaroring,PAL,renault,0,17,0,0.01831564,0.0,0.0,0.03857058,0.5,0.0,0.5,12,+1 Lap,1,0,0.0007596
2016,11,2016-07-24,hungaroring,MAS,williams,0,18,3,0.01426423,0.15168539,0.0,0.10471985,0.3548728,0.22619048,0.625,18,+2 Laps,1,0,0.00109573
2016,11,2016-07-24,hungaroring,MAG,renault,0,19,1,0.011109,0.0,0.0,0.04457621,0.36307053,0.03571429,0.5,15,+1 Lap,1,0,0.00069098
2016,11,2016-07-24,hungaroring,ERI,sauber,0,20,2,0.0086517,0.0,0.0,0.03649591,0.26493913,0.0,0.71428571,20,+2 Laps,1,0,0.00067899
2016,11,2016-07-24,hungaroring,WEH,manor,0,21,0,0.00673795,0.00561798,0.0,0.06300606,0.5,0.00595238,1.0,19,+2 Laps,1,0,0.00094082
2016,11,2016-07-24,hungaroring,HAR,manor,0,22,0,0.00524752,0.00561798,0.0,0.03849887,0.5,0.0,0.0,21,+2 Laps,1,0,0.00058152
2016,12,2016-07-31,hockenheimring,ROS,mercedes,0,1,3,1.0,1.0,0.0,0.7837567,0.6878761,0.96875,0.5,4,Finished,1,0,0.57862685
2016,12,2016-07-31,hockenheimring,HAM,mercedes,0,2,3,0.77880078,1.0,0.0,1.0,0.52449581,1.0,0.5,1,Finished,1,1,0.30761045
2016,12,2016-07-31,hockenheimring,RIC,red_bull,0,3,2,0.60653066,0.58421053,0.0,0.51038012,0.37645839,0.59895833,0.44444444,2,Finished,1,0,0.03419506
2016,12,2016-07-31,hockenheimring,VER,red_bull,0,4,0,0.47236655,0.58421053,0.0,0.64778287,0.5,0.52083333,0.625,3,Finished,1,0,0.02831273
2016,12,2016-07-31,hockenheimring,RAI,ferrari,0,5,2,0.36787944,0.54210526,0.0,0.54035553,0.45733339,0.59375,0.33333333,6,Finished,1,0,0.01466229
2016,12,2016-07-31,hockenheimring,VET,ferrari,0,6,3,0.2865048,0.54210526,0.0,0.53674828,0.66538799,0.57291667,0.66666667,5,Finished,1,0,0.01506695
2016,12,2016-07-31,hockenheimring,HUL,force_india,0,7,3,0.22313016,0.19473684,0.0,0.20564597,0.27086313,0.140625,0.5,7,Finished,1,0,0.00243535
2016,12,2016-07-31,hockenheimring,BOT,williams,0,8,1,0.17377394,0.14736842,0.0,0.34078534,0.7,0.29166667,0.44444444,9,+1 Lap,1,0,0.00340717
2016,12,2016-07-31,hockenheimring,PER,force_india,0,9,2,0.13533528,0.19473684,0.0,0.30090687,0.3724573,0.24479167,0.5,10,+1 Lap,1,0,0.00234622
2016,12,2016-07-31,hockenheimring,MAS,williams,0,10,3,0.10539922,0.14736842,0.0,0.07506917,0.27033395,0.19791667,0.55555556,22,Suspension,0,0,0.00141247
2016,12,2016-07-31,hockenheimring,GUT,haas,0,11,1,0.082085,0.03157895,0.0,0.09357486,0.33628718,0.0,0.57142857,11,+1 Lap,1,0,0.00101823
2016,12,2016-07-31,hockenheimring,BUT,mclaren,0,12,3,0.06392786,0.07368421,0.0,0.13800236,0.5798182,0.06770833,0.25,8,+1 Lap,1,0,0.00116491
2016,12,2016-07-31,hockenheimring,SAI,toro_rosso,0,13,0,0.04978707,0.07894737,0.0,0.21164706,0.5,0.15625,0.83333333,14,+1 Lap,1,0,0.0016247
2016,12,2016-07-31,hockenheimring,ALO,mclaren,0,14,3,0.03877421,0.07368421,0.0,0.11850044,0.91567952,0.125,0.75,12,+1 Lap,1,0,0.00182292
2016,12,2016-07-31,hockenheimring,GRO,haas,0,15,2,0.03019738,0.03157895,0.0,0.12146985,0.18590988,0.14583333,0.42857143,13,+1 Lap,1,0,0.00081519
2016,12,2016-07-31,hockenheimring,PAL,renault,0,16,0,0.02351775,0.0,0.0,0.06347393,0.5,0.0,0.57142857,19,+2 Laps,1,0,0.00087461
2016,12,2016-07-31,hockenheimring,MAG,renault,0,17,1,0.01831564,0.0,0.0,0.05824345,0.39863879,0.03125,0.42857143,16,+1 Lap,1,0,0.00075349
2016,12,2016-07-31,hockenheimring,WEH,manor,0,18,0,0.01426423,0.00526316,0.0,0.05245394,0.5,0.00520833,1.0,17,+2 Laps,1,0,0.001046
2016,12,2016-07-31,hockenheimring,KVY,toro_rosso,0,19,1,0.011109,0.07894737,0.0,0.07324455,0.3,0.11979167,0.14285714,15,+1 Lap,1,0,0.00072352
2016,12,2016-07-31,hockenheimring,HAR,manor,0,20,0,0.0086517,0.00526316,0.0,0.02894812,0.5,0.0,0.0,20,+2 Laps,1,0,0.00060899
2016,12,2016-07-31,hockenheimring,NAS,sauber,0,21,0,0.00673795,0.0,0.0,0.07562189,0.5,0.0,0.375,21,Power Unit,0,0,0.00075937
2016,12,2016-07-31,hockenheimring,ERI,sauber,0,22,1,0.00524752,0.0,0.0,0.04152381,0.31630488,0.0,0.625,18,+2 Laps,1,0,0.00071254
2016,13,2016-08-28,spa,ROS,mercedes,0,1,3,1.0,1.0,0.0,0.80611573,1.0,0.9124424,0.45454545,1,Finished,1,1,0.75474744
2016,13,2016-08-28,spa,VER,red_bull,0,2,1,0.77880078,0.65625,0.0,0.67509225,0.4302359,0.52995392,0.55555556,11,Finished,1,0,0.08955328
2016,13,2016-08-28,spa,RAI,ferrari,0,3,3,0.60653066,0.49479167,0.0,0.54035553,0.41132071,0.56221198,0.28571429,9,Finished,1,0,0.03088486
2016,13,2016-08-28,spa,VET,ferrari,0,4,3,0.47236655,0.49479167,0.0,0.45372412,0.48884093,0.55299539,0.71428571,6,Finished,1,0,0.02501828
2016,13,2016-08-28,spa,RIC,red_bull,0,5,3,0.36787944,0.65625,0.0,0.62669801,0.46970763,0.61290323,0.5,2,Finished,1,0,0.02698574
2016,13,2016-08-28,spa,PER,force_india,0,6,3,0.2865048,0.203125,0.0,0.30090687,0.41387263,0.22119816,0.44444444,5,Finished,1,0,0.00457798
2016,13,2016-08-28,spa,HUL,force_india,0,7,3,0.22313016,0.203125,0.0,0.21791687,0.0966652,0.15207373,0.55555556,4,Finished,1,0,0.00261758
2016,13,2016-08-28,spa,BOT,williams,0,8,3,0.17377394,0.078125,0.0,0.23550575,0.29985274,0.26728111,0.44444444,8,Finished,1,0,0.00233816
2016,13,2016-08-28,spa,BUT,mclaren,0,9,3,0.13533528,0.09375,0.0,0.19342576,0.30951508,0.07834101,0.4,21,Collision damage,0,0,0.00170323
2016,13,2016-08-28,spa,MAS,williams,0,10,3,0.10539922,0.078125,0.0,0.07506917,0.34927519,0.17511521,0.55555556,10,Finished,1,0,0.00161566
2016,13,2016-08-28,spa,GRO,haas,0,11,3,0.082085,0.03125,0.0,0.12516577,0.47629073,0.12903226,0.375,13,Finished,1,0,0.0014431
2016,13,2016-08-28,spa,MAG,renault,0,12,1,0.06392786,0.0,0.0,0.05824345,0.35851876,0.02764977,0.5,18,Accident,0,0,0.00106376
2016,13,2016-08-28,spa,GUT,haas,0,13,2,0.04978707,0.03125,0.0,0.10360274,0.23194592,0.0,0.625,12,Finished,1,0,0.00106029
2016,13,2016-08-28,spa,PAL,renault,0,14,0,0.03877421,0.0,0.0,0.06961501,0.5,0.0,0.5,15,Finished,1,0,0.00110381
2016,13,2016-08-28,spa,SAI,toro_rosso,0,15,1,0.03019738,0.06770833,0.0,0.18296343,0.3,0.13824885,0.85714286,20,Puncture,0,0,0.00157773
2016,13,2016-08-28,spa,WEH,manor,0,16,0,0.02351775,0.00520833,0.0,0.05245394,0.5,0.00460829,1.0,22,Collision damage,0,0,0.00136993
2016,13,2016-08-28,spa,NAS,sauber,0,17,1,0.01831564,0.0,0.0,0.06812114,0.37147498,0.0,0.375,17,+1 Lap,1,0,0.00086796
2016,13,2016-08-28,spa,OCO,manor,0,18,0,0.01426423,0.00520833,0.0,0.56188248,0.5,0.0,0.5,16,+1 Lap,1,0,0.0018543
2016,13,2016-08-28,spa,KVY,toro_rosso,0,19,2,0.011109,0.06770833,0.0,0.06200846,0.52340481,0.10599078,0.125,14,Finished,1,0,0.00102706
2016,13,2016-08-28,spa,ERI,sauber,0,20,2,0.0086517,0.0,0.0,0.03535731,0.27285294,0.0,0.625,19,Gearbox,0,0,0.00085265
2016,13,2016-08-28,spa,HAM,mercedes,0,21,3,0.00673795,1.0,0.0,1.0,0.80129725,1.0,0.54545455,3,Finished,1,0,0.04773719
2016,14,2016-09-04,monza,HAM,mercedes,0,1,3,1.0,1.0,0.0,1.0,1.0,1.0,0.5,2,Finished,1,0,0.74238218
2016,14,2016-09-04,monza,ROS,mercedes,0,2,3,0.77880078,1.0,0.0,0.7679718,0.44299632,0.9612069,0.5,1,Finished,1,1,0.17528955
2016,14,2016-09-04,monza,VET,ferrari,0,3,3,0.60653066,0.38071066,0.0,0.3357193,0.87523134,0.55172414,0.75,3,Finished,1,0,0.02706219
2016,14,2016-09-04,monza,RAI,ferrari,0,4,3,0.47236655,0.38071066,0.0,0.44050609,0.36554308,0.53448276,0.25,4,Finished,1,0,0.00999088
2016,14,2016-09-04,monza,BOT,williams,0,5,3,0.36787944,0.05583756,0.0,0.19839328,0.53493198,0.26724138,0.5,6,Finished,1,0,0.00342459
2016,14,2016-09-04,monza,RIC,red_bull,0,6,3,0.2865048,0.68020305,0.0,0.70785773,0.39519422,0.65086207,0.54545455,5,Finished,1,0,0.01704634
2016,14,2016-09-04,monza,VER,red_bull,0,7,1,0.22313016,0.68020305,0.0,0.61932497,0.35414191,0.49568966,0.5,7,Finished,1,0,0.01048364
2016,14,2016-09-04,monza,PER,force_india,0,8,3,0.17377394,0.22335025,0.0,0.23935032,0.35210171,0.25,0.4,8,Finished,1,0,0.0021141
2016,14,2016-09-04,monza,HUL,force_india,0,9,3,0.13533528,0.22335025,0.0,0.28188624,0.33505732,0.19396552,0.6,10,Finished,1,0,0.00207468
2016,14,2016-09-04,monza,GUT,haas,0,10,2,0.10539922,0.03045685,0.0,0.11176509,0.21742262,0.0,0.66666667,13,+1 Lap,1,0,0.00090091
2016,14,2016-09-04,monza,MAS,williams,0,11,3,0.082085,0.05583756,0.0,0.07151703,0.78511411,0.16810345,0.5,9,Finished,1,0,0.0014389
2016,14,2016-09-04,monza,GRO,haas,0,12,3,0.06392786,0.03045685,0.0,0.11924315,0.08781453,0.12068966,0.33333333,11,+1 Lap,1,0,0.00066664
2016,14,2016-09-04,monza,ALO,mclaren,0,13,3,0.04978707,0.12182741,0.0,0.17213157,0.24583641,0.12931034,0.6,14,+1 Lap,1,0,0.00105111
2016,14,2016-09-04,monza,WEH,manor,0,14,0,0.03877421,0.00507614,0.0,0.04997191,0.5,0.00431034,1.0,20,Oil leak,0,0,0.00101062
2016,14,2016-09-04,monza,BUT,mclaren,0,15,3,0.03019738,0.12182741,0.0,0.15529547,0.18298188,0.07327586,0.4,12,+1 Lap,1,0,0.00078805
2016,14,2016-09-04,monza,SAI,toro_rosso,0,16,1,0.02351775,0.06598985,0.0,0.17430593,0.36612908,0.12931034,0.85714286,15,+1 Lap,1,0,0.00113476
2016,14,2016-09-04,monza,KVY,toro_rosso,0,17,2,0.01831564,0.06598985,0.0,0.07497764,0.29645498,0.09913793,0.125,19,Battery,0,0,0.00061464
2016,14,2016-09-04,monza,NAS,sauber,0,18,1,0.01426423,0.0,0.0,0.04990074,0.34432765,0.0,0.375,22,Collision damage,0,0,0.00058009
2016,14,2016-09-04,monza,ERI,sauber,0,19,2,0.011109,0.0,0.0,0.02495634,0.27661482,0.0,0.625,16,+1 Lap,1,0,0.00060218
2016,14,2016-09-04,monza,PAL,renault,0,20,0,0.0086517,0.0,0.0,0.06632096,0.5,0.0,0.5,21,Collision damage,0,0,0.00071149
2016,14,2016-09-04,monza,MAG,renault,0,21,1,0.00673795,0.0,0.0,0.03958416,0.38077024,0.02586207,0.5,17,+1 Lap,1,0,0.00063246
2016,15,2016-09-18,marina_bay,ROS,mercedes,0,1,3,1.0,1.0,0.0,0.89949137,0.3970927,0.992,0.53846154,1,Finished,1,1,0.6551031
2016,15,2016-09-18,marina_bay,RIC,red_bull,0,2,3,0.77880078,0.60098522,0.0,0.73644124,0.62126652,0.644,0.58333333,2,Finished,1,0,0.12841892
2016,15,2016-09-18,marina_bay,HAM,mercedes,0,3,3,0.60653066,1.0,0.0,1.0,0.44602737,1.0,0.46153846,3,Finished,1,0,0.15602317
2016,15,2016-09-18,marina_bay,VER,red_bull,0,4,1,0.47236655,0.60098522,0.0,0.52904486,0.40467615,0.484,0.45454545,6,Finished,1,0,0.02276522
2016,15,2016-09-18,marina_bay,RAI,ferrari,0,5,3,0.36787944,0.42857143,0.0,0.43122613,0.56827524,0.544,0.22222222,4,Finished,1,0,0.01153076
2016,15,2016-09-18,marina_bay,SAI,toro_rosso,0,6,1,0.2865048,0.04433498,0.0,0.13995778,0.38570158,0.12,0.85714286,14,+1 Lap,1,0,0.0032382
2016,15,2016-09-18,marina_bay,KVY,toro_rosso,0,7,2,0.22313016,0.04433498,0.0,0.07800527,0.34536496,0.092,0.125,9,Finished,1,0,0.00163232
2016,15,2016-09-18,marina_bay,HUL,force_india,0,8,3,0.17377394,0.24137931,0.0,0.33009157,0.11686579,0.184,0.54545455,21,Collision,0,0,0.00245758
2016,15,2016-09-18,marina_bay,ALO,mclaren,0,9,3,0.13533528,0.07881773,0.0,0.1956278,0.38277416,0.12,0.5,7,Finished,1,0,0.00168647
2016,15,2016-09-18,marina_bay,PER,force_india,0,10,3,0.10539922,0.24137931,0.0,0.30394834,0.30646139,0.248,0.45454545,8,Finished,1,0,0.00210977
2016,15,2016-09-18,marina_bay,BOT,williams,0,11,3,0.082085,0.09359606,0.0,0.24337952,0.28431786,0.28,0.54545455,20,Overheating,0,0,0.00156098
2016,15,2016-09-18,marina_bay,MAS,williams,0,12,3,0.06392786,0.09359606,0.0,0.11938024,0.24044533,0.164,0.45454545,12,+1 Lap,1,0,0.00110229
2016,15,2016-09-18,marina_bay,BUT,mclaren,0,13,3,0.04978707,0.07881773,0.0,0.10429895,0.07264303,0.068,0.5,19,Brakes,0,0,0.00085136
2016,15,2016-09-18,marina_bay,GUT,haas,0,14,2,0.03877421,0.0,0.0,0.10633905,0.2064713,0.0,0.6,11,+1 Lap,1,0,0.0008058
2016,15,2016-09-18,marina_bay,GRO,haas,0,15,3,0.03019738,0.0,0.0,0.08711079,0.03063152,0.112,0.4,22,Withdrew,0,0,0.00066803
2016,15,2016-09-18,marina_bay,ERI,sauber,0,16,2,0.02351775,0.0,0.0,0.02350856,0.24718485,0.0,0.625,17,+1 Lap,1,0,0.00072849
2016,15,2016-09-18,marina_bay,MAG,renault,0,17,1,0.01831564,0.0,0.0,0.03371745,0.37016652,0.024,0.5,10,Finished,1,0,0.00075739
2016,15,2016-09-18,marina_bay,NAS,sauber,0,18,1,0.01426423,0.0,0.0,0.03170703,0.37016652,0.0,0.375,13,+1 Lap,1,0,0.00069161
2016,15,2016-09-18,marina_bay,PAL,renault,0,19,0,0.011109,0.0,0.0,0.04431604,0.5,0.0,0.5,15,+1 Lap,1,0,0.00080254
2016,15,2016-09-18,marina_bay,WEH,manor,0,20,0,0.0086517,0.0,0.0,0.01516711,0.5,0.004,1.0,16,+1 Lap,1,0,0.00096856
2016,15,2016-09-18,marina_bay,OCO,manor,0,21,0,0.00673795,0.0,0.0,0.04631287,0.5,0.0,0.5,18,+2 Laps,1,0,0.00079047
2016,15,2016-09-18,marina_bay,VET,ferrari,0,22,3,0.00524752,0.42857143,0.0,0.49859908,1.0,0.572,0.77777778,5,Finished,1,0,0.00530698
2016,16,2016-10-02,sepang,HAM,mercedes,0,1,3,1.0,1.0,0.0,0.95233669,0.94143213,0.97069597,0.42857143,18,Engine,0,0,0.62382503
2016,16,2016-10-02,sepang,ROS,mercedes,0,2,3,0.77880078,1.0,0.0,1.0,0.77077944,1.0,0.57142857,3,Finished,1,0,0.29429792
2016,16,2016-10-02,sepang,VER,red_bull,0,3,1,0.60653066,0.58128079,0.0,0.44053561,0.43459662,0.47252747,0.41666667,2,Finished,1,0,0.02245323
2016,16,2016-10-02,sepang,RIC,red_bull,0,4,3,0.47236655,0.58128079,0.0,0.81873075,0.08394113,0.65567766,0.61538462,1,Finished,1,1,0.02058643
2016,16,2016-10-02,sepang,VET,ferrari,0,5,3,0.36787944,0.47783251,0.0,0.56912305,1.0,0.56043956,0.7,22,Collision,0,0,0.01872173
2016,16,2016-10-02,sepang,RAI,ferrari,0,6,3,0.2865048,0.47783251,0.0,0.4660009,0.39455691,0.54212454,0.3,4,Finished,1,0,0.00635907
2016,16,2016-10-02,sepang,PER,force_india,0,7,3,0.22313016,0.19211823,0.0,0.28463537,0.09733083,0.24175824,0.45454545,6,Finished,1,0,0.00185723
2016,16,2016-10-02,sepang,HUL,force_india,0,8,3,0.17377394,0.19211823,0.0,0.27031303,0.26005286,0.16849817,0.54545455,8,Finished,1,0,0.00173108
2016,16,2016-10-02,sepang,BUT,mclaren,0,9,3,0.13533528,0.10837438,0.0,0.08183095,0.13077009,0.06227106,0.5,9,Finished,1,0,0.00088774
2016,16,2016-10-02,sepang,MAS,williams,0,10,3,0.10539922,0.09359606,0.0,0.11708457,0.40796774,0.15018315,0.45454545,13,+1 Lap,1,0,0.00106103
2016,16,2016-10-02,sepang,BOT,williams,0,11,3,0.082085,0.09359606,0.0,0.23314472,0.35019605,0.25641026,0.54545455,5,Finished,1,0,0.00120617
2016,16,2016-10-02,sepang,GRO,haas,0,12,3,0.06392786,0.0,0.0,0.08953428,0.21024002,0.1025641,0.4,21,Brakes,0,0,0.00062401
2016,16,2016-10-02,sepang,GUT,haas,0,13,2,0.04978707,0.0,0.0,0.12888476,0.20813158,0.0,0.6,19,Wheel nut,0,0,0.00063022
2016,16,2016-10-02,sepang,MAG,renault,0,14,1,0.03877421,0.00492611,0.0,0.07250261,0.39022282,0.02564103,0.55555556,20,Power loss,0,0,0.00066252
2016,16,2016-10-02,sepang,KVY,toro_rosso,0,15,2,0.03019738,0.02955665,0.0,0.08855489,0.31066891,0.09157509,0.22222222,14,+1 Lap,1,0,0.00056992
2016,16,2016-10-02,sepang,SAI,toro_rosso,0,16,1,0.02351775,0.02955665,0.0,0.10439605,0.4101984,0.10989011,0.75,11,Finished,1,0,0.00080602
2016,16,2016-10-02,sepang,ERI,sauber,0,17,2,0.01831564,0.0,0.0,0.03349557,0.19720876,0.0,0.55555556,12,+1 Lap,1,0,0.00049469
2016,16,2016-10-02,sepang,NAS,sauber,0,18,1,0.01426423,0.0,0.0,0.03943691,0.34951533,0.0,0.44444444,17,Brakes,0,0,0.00052408
2016,16,2016-10-02,sepang,PAL,renault,0,19,0,0.011109,0.00492611,0.0,0.05947212,0.5,0.0,0.44444444,10,Finished,1,0,0.00060077
2016,16,2016-10-02,sepang,OCO,manor,0,20,0,0.0086517,0.0,0.0,0.04446956,0.5,0.0,0.5,16,+1 Lap,1,0,0.00059799
2016,16,2016-10-02,sepang,WEH,manor,0,21,0,0.00673795,0.0,0.0,0.0269884,0.5,0.003663,1.0,15,+1 Lap,1,0,0.00074768
2016,16,2016-10-02,sepang,ALO,mclaren,0,22,3,0.00524752,0.10837438,0.0,0.24926132,0.19508605,0.13186813,0.5,7,Finished,1,0,0.00075543
2016,17,2016-10-09,suzuka,ROS,mercedes,0,1,3,1.0,1.0,0.0,1.0,0.89125927,1.0,0.57142857,1,Finished,1,1,0.67591823
2016,17,2016-10-09,suzuka,HAM,mercedes,0,2,3,0.77880078,1.0,0.0,0.74882016,1.0,0.92013889,0.42857143,3,Finished,1,0,0.22923019
2016,17,2016-10-09,suzuka,RAI,ferrari,0,3,3,0.60653066,0.50857143,0.0,0.52527653,0.50061078,0.55555556,0.3,5,Finished,1,0,0.02288571
2016,17,2016-10-09,suzuka,VET,ferrari,0,4,3,0.47236655,0.50857143,0.0,0.45906541,0.96443769,0.53125,0.7,4,Finished,1,0,0.02309409
2016,17,2016-10-09,suzuka,VER,red_bull,0,5,1,0.36787944,0.77714286,0.0,0.54358572,0.40451114,0.51041667,0.38461538,2,Finished,1,0,0.01422823
2016,17,2016-10-09,suzuka,RIC,red_bull,0,6,3,0.2865048,0.77714286,0.0,0.92566943,0.28843364,0.70833333,0.64285714,6,Finished,1,0,0.01968884
2016,17,2016-10-09,suzuka,PER,force_india,0,7,3,0.22313016,0.28571429,0.0,0.3497642,0.15112789,0.25694444,0.5,7,Finished,1,0,0.0024089
2016,17,2016-10-09,suzuka,GRO,haas,0,8,3,0.17377394,0.0,0.0,0.07507971,0.39936546,0.09722222,0.4,11,Finished,1,0,0.0010106
2016,17,2016-10-09,suzuka,HUL,force_india,0,9,3,0.13533528,0.28571429,0.0,0.29909038,0.42613943,0.17361111,0.5,8,Finished,1,0,0.00195976
2016,17,2016-10-09,suzuka,GUT,haas,0,10,2,0.10539922,0.0,0.0,0.11191679,0.32421179,0.0,0.6,20,+1 Lap,1,0,0.00080061
2016,17,2016-10-09,suzuka,BOT,williams,0,11,3,0.082085,0.15428571,0.0,0.29999108,0.42777981,0.27777778,0.58333333,10,Finished,1,0,0.001523
2016,17,2016-10-09,suzuka,MAS,williams,0,12,3,0.06392786,0.15428571,0.0,0.13479468,0.19661623,0.14236111,0.41666667,9,Finished,1,0,0.00082589
2016,17,2016-10-09,suzuka,KVY,toro_rosso,0,13,2,0.04978707,0.01142857,0.0,0.09747355,0.26676377,0.08680556,0.2,13,+1 Lap,1,0,0.00055633
2016,17,2016-10-09,suzuka,SAI,toro_rosso,0,14,1,0.03877421,0.01142857,0.0,0.0816975,0.38556648,0.10416667,0.77777778,17,+1 Lap,1,0,0.00077887
2016,17,2016-10-09,suzuka,ALO,mclaren,0,15,3,0.03019738,0.13714286,0.0,0.25802925,0.24102418,0.14583333,0.57142857,16,+1 Lap,1,0,0.00091803
2016,17,2016-10-09,suzuka,PAL,renault,0,16,0,0.02351775,0.01142857,0.0,0.07448043,0.5,0.00347222,0.44444444,12,+1 Lap,1,0,0.00062909
2016,17,2016-10-09,suzuka,BUT,mclaren,0,17,3,0.01831564,0.13714286,0.0,0.13256203,0.27368565,0.06597222,0.42857143,18,+1 Lap,1,0,0.00069092
2016,17,2016-10-09,suzuka,MAG,renault,0,18,1,0.01426423,0.01142857,0.0,0.06064,0.3384475,0.02430556,0.55555556,14,+1 Lap,1,0,0.00056754
2016,17,2016-10-09,suzuka,ERI,sauber,0,19,2,0.011109,0.0,0.0,0.05563365,0.22586996,0.0,0.55555556,15,+1 Lap,1,0,0.00049294
2016,17,2016-10-09,suzuka,NAS,sauber,0,20,1,0.0086517,0.0,0.0,0.03116285,0.3,0.0,0.44444444,19,+1 Lap,1,0,0.00047777
2016,17,2016-10-09,suzuka,OCO,manor,0,21,0,0.00673795,0.0,0.0,0.04927574,0.5,0.0,0.5,21,+1 Lap,1,0,0.00058227
2016,17,2016-10-09,suzuka,WEH,manor,0,22,0,0.00524752,0.0,0.0,0.03587452,0.5,0.00347222,1.0,22,+1 Lap,1,0,0.0007322
2016,18,2016-10-23,americas,HAM,mercedes,0,1,3,1.0,1.0,0.0,0.605888,1.0,0.89456869,0.4,1,Finished,1,1,0.51296343
2016,18,2016-10-23,americas,ROS,mercedes,0,2,3,0.77880078,1.0,0.0,1.0,0.75607078,1.0,0.6,2,Finished,1,0,0.36297052
2016,18,2016-10-23,americas,RIC,red_bull,0,3,3,0.60653066,0.7247191,0.0,0.73970732,0.35564652,0.67731629,0.6,3,Finished,1,0,0.05702872
2016,18,2016-10-23,americas,VER,red_bull,0,4,1,0.47236655,0.7247191,0.0,0.52284863,0.54460738,0.52715655,0.42857143,20,Gearbox,0,0,0.02692064
2016,18,2016-10-23,americas,RAI,ferrari,0,5,2,0.36787944,0.52247191,0.0,0.49197065,0.20205465,0.54313099,0.27272727,19,Wheel,0,0,0.00965274
2016,18,2016-10-23,americas,VET,ferrari,0,6,3,0.2865048,0.52247191,0.0,0.43601725,0.69952995,0.52715655,0.72727273,4,Finished,1,0,0.0125425
2016,18,2016-10-23,americas,HUL,force_india,0,7,3,0.22313016,0.29775281,0.0,0.25850572,0.09316206,0.17252396,0.46153846,22,Collision,0,0,0.00245871
2016,18,2016-10-23,americas,BOT,williams,0,8,3,0.17377394,0.15730337,0.0,0.26317345,0.22175216,0.25878594,0.53846154,16,+1 Lap,1,0,0.00208415
2016,18,2016-10-23,americas,MAS,williams,0,9,3,0.13533528,0.15730337,0.0,0.16500219,0.21754754,0.13738019,0.46153846,7,+1 Lap,1,0,0.00143183
2016,18,2016-10-23,americas,SAI,toro_rosso,0,10,1,0.10539922,0.01123596,0.0,0.06662951,0.43424338,0.09584665,0.7,6,Finished,1,0,0.00120801
2016,18,2016-10-23,americas,PER,force_india,0,11,3,0.082085,0.29775281,0.0,0.34507197,0.30385145,0.25559105,0.53846154,8,+1 Lap,1,0,0.00217419
2016,18,2016-10-23,americas,ALO,mclaren,0,12,3,0.06392786,0.11235955,0.0,0.22003702,0.31276011,0.1341853,0.625,5,Finished,1,0,0.00129578
2016,18,2016-10-23,americas,KVY,toro_rosso,0,13,2,0.04978707,0.01123596,0.0,0.09446068,0.19313528,0.0798722,0.27272727,11,+1 Lap,1,0,0.0006804
2016,18,2016-10-23,americas,GUT,haas,0,14,2,0.03877421,0.0,0.0,0.07691703,0.22879402,0.0,0.54545455,21,Brakes,0,0,0.00069823
2016,18,2016-10-23,americas,PAL,renault,0,15,0,0.03019738,0.01123596,0.0,0.08515951,0.5,0.00319489,0.5,13,+1 Lap,1,0,0.00084403
2016,18,2016-10-23,americas,ERI,sauber,0,16,1,0.02351775,0.0,0.0,0.05613373,0.3,0.0,0.6,14,+1 Lap,1,0,0.00070374
2016,18,2016-10-23,americas,GRO,haas,0,17,3,0.01831564,0.0,0.0,0.07737982,0.25531736,0.08945687,0.45454545,10,+1 Lap,1,0,0.00068209
2016,18,2016-10-23,americas,MAG,renault,0,18,1,0.01426423,0.01123596,0.0,0.06002472,0.40990918,0.02236422,0.5,12,+1 Lap,1,0,0.00073529
2016,18,2016-10-23,americas,BUT,mclaren,0,19,3,0.011109,0.11235955,0.0,0.07410048,0.26746837,0.06070288,0.375,9,+1 Lap,1,0,0.00074281
2016,18,2016-10-23,americas,WEH,manor,0,20,0,0.0086517,0.0,0.0,0.02689167,0.5,0.00319489,0.90909091,17,+1 Lap,1,0,0.00088502
2016,18,2016-10-23,americas,NAS,sauber,0,21,1,0.00673795,0.0,0.0,0.03400278,0.38998603,0.0,0.4,15,+1 Lap,1,0,0.00063086
2016,18,2016-10-23,americas,OCO,manor,0,22,0,0.00524752,0.0,0.0,0.03953397,0.5,0.0,0.33333333,18,+2 Laps,1,0,0.00066631
2016,19,2016-10-30,rodriguez,HAM,mercedes,0,1,1,1.0,1.0,0.0,0.70379485,0.6274923,0.92145015,0.4375,1,Finished,1,1,0.4960374
2016,19,2016-10-30,rodriguez,ROS,mercedes,0,2,1,0.77880078,1.0,0.0,1.0,0.7,1.0,0.5625,2,Finished,1,0,0.38216042
2016,19,2016-10-30,rodriguez,VER,red_bull,0,3,1,0.60653066,0.6961326,0.0,0.51381356,0.38075861,0.49848943,0.42857143,4,Finished,1,0,0.03907849
2016,19,2016-10-30,rodriguez,RIC,red_bull,0,4,1,0.47236655,0.6961326,0.0,0.73651633,0.47973159,0.6858006,0.6,3,Finished,1,0,0.04270342
2016,19,2016-10-30,rodriguez,HUL,force_india,0,5,1,0.36787944,0.19337017,0.0,0.14668865,0.42047768,0.16314199,0.46153846,7,Finished,1,0,0.00442597
2016,19,2016-10-30,rodriguez,RAI,ferrari,0,6,1,0.2865048,0.52486188,0.0,0.46686125,0.3,0.51359517,0.27272727,6,Finished,1,0,0.00842563
2016,19,2016-10-30,rodriguez,VET,ferrari,0,7,1,0.22313016,0.52486188,0.0,0.49392898,0.3,0.5347432,0.72727273,5,Finished,1,0,0.00886936
2016,19,2016-10-30,rodriguez,BOT,williams,0,8,1,0.17377394,0.16022099,0.0,0.22995827,0.56812802,0.24471299,0.5,8,Finished,1,0,0.00288498
2016,19,2016-10-30,rodriguez,MAS,williams,0,9,1,0.13533528,0.16022099,0.0,0.20193765,0.44715178,0.14803625,0.5,9,Finished,1,0,0.00206563
2016,19,2016-10-30,rodriguez,SAI,toro_rosso,0,10,1,0.10539922,0.05524862,0.0,0.15127041,0.33628718,0.11480363,0.72727273,16,+1 Lap,1,0,0.00150819
2016,19,2016-10-30,rodriguez,ALO,mclaren,0,11,1,0.082085,0.14364641,0.0,0.2619213,0.3,0.1570997,0.66666667,13,+1 Lap,1,0,0.00174331
2016,19,2016-10-30,rodriguez,PER,force_india,0,12,1,0.06392786,0.19337017,0.0,0.31384464,0.39863879,0.25377644,0.53846154,10,Finished,1,0,0.0020412
2016,19,2016-10-30,rodriguez,BUT,mclaren,0,13,1,0.04978707,0.14364641,0.0,0.122068,0.32970943,0.06344411,0.33333333,12,+1 Lap,1,0,0.00108197
2016,19,2016-10-30,rodriguez,MAG,renault,0,14,0,0.03877421,0.01104972,0.0,0.08713152,0.5,0.02114804,0.54545455,17,+1 Lap,1,0,0.00101252
2016,19,2016-10-30,rodriguez,ERI,sauber,0,15,1,0.03019738,0.0,0.0,0.07494593,0.34432126,0.0,0.63636364,11,+1 Lap,1,0,0.00086842
2016,19,2016-10-30,rodriguez,WEH,manor,0,16,0,0.02351775,0.0,0.0,0.03705793,0.5,0.00302115,0.91666667,22,Collision,0,0,0.00105947
2016,19,2016-10-30,rodriguez,GUT,haas,0,17,0,0.01831564,0.00552486,0.0,0.05533999,0.5,0.0,0.54545455,19,+1 Lap,1,0,0.00088937
2016,19,2016-10-30,rodriguez,KVY,toro_rosso,0,18,1,0.01426423,0.05524862,0.0,0.1118774,0.51952465,0.0755287,0.25,18,+1 Lap,1,0,0.00093507
2016,19,2016-10-30,rodriguez,NAS,sauber,0,19,1,0.011109,0.0,0.0,0.03984177,0.3,0.0,0.36363636,15,+1 Lap,1,0,0.00066106
2016,19,2016-10-30,rodriguez,OCO,manor,0,20,0,0.0086517,0.0,0.0,0.03747396,0.5,0.0,0.25,21,+2 Laps,1,0,0.00072368
2016,19,2016-10-30,rodriguez,GRO,haas,0,21,1,0.00673795,0.00552486,0.0,0.09711841,0.36611956,0.08761329,0.45454545,20,+1 Lap,1,0,0.00082444
2016,20,2016-11-13,interlagos,HAM,mercedes,0,1,3,1.0,1.0,0.0,0.77548967,0.77561079,0.94555874,0.47058824,1,Finished,1,1,0.47548965
2016,20,2016-11-13,interlagos,ROS,mercedes,0,2,3,0.77880078,1.0,0.0,1.0,1.0,1.0,0.52941176,2,Finished,1,0,0.42263681
2016,20,2016-11-13,interlagos,RAI,ferrari,0,3,2,0.60653066,0.47513812,0.0,0.44450529,0.50700471,0.51002865,0.25,20,Collision,0,0,0.02077168
2016,20,2016-11-13,interlagos,VER,red_bull,0,4,1,0.47236655,0.75690608,0.0,0.59291599,0.39231164,0.50716332,0.4,3,Finished,1,0,0.0256942
2016,20,2016-11-13,interlagos,VET,ferrari,0,5,3,0.36787944,0.47513812,0.0,0.46341282,0.77148528,0.53581662,0.75,5,Finished,1,0,0.01759984
2016,20,2016-11-13,interlagos,RIC,red_bull,0,6,3,0.2865048,0.75690608,0.0,0.818809,0.11325856,0.69340974,0.625,8,Finished,1,0,0.02016939
2016,20,2016-11-13,interlagos,GRO,haas,0,7,3,0.22313016,0.00552486,0.0,0.07498174,0.14294985,0.08309456,0.41666667,22,Withdrew,0,0,0.00111617
2016,20,2016-11-13,interlagos,HUL,force_india,0,8,3,0.17377394,0.20441989,0.0,0.18440771,0.3448891,0.17191977,0.5,7,Finished,1,0,0.00203337
2016,20,2016-11-13,interlagos,PER,force_india,0,9,3,0.13533528,0.20441989,0.0,0.30817869,0.17525648,0.24355301,0.5,4,Finished,1,0,0.00193084
2016,20,2016-11-13,interlagos,ALO,mclaren,0,10,3,0.10539922,0.14364641,0.0,0.27676018,0.33953227,0.14899713,0.6,10,Finished,1,0,0.00172939
2016,20,2016-11-13,interlagos,BOT,williams,0,11,3,0.082085,0.13812155,0.0,0.21148052,0.2935775,0.24355301,0.53333333,11,Finished,1,0,0.00148947
2016,20,2016-11-13,interlagos,GUT,haas,0,12,2,0.06392786,0.00552486,0.0,0.04295245,0.24135998,0.0,0.58333333,17,Retired,0,0,0.00074311
2016,20,2016-11-13,interlagos,MAS,williams,0,13,3,0.04978707,0.13812155,0.0,0.21043508,0.32204114,0.14613181,0.46666667,18,Collision,0,0,0.00122899
2016,20,2016-11-13,interlagos,KVY,toro_rosso,0,14,2,0.03877421,0.05524862,0.0,0.12433235,0.34804111,0.07163324,0.23076923,13,Finished,1,0,0.00079375
2016,20,2016-11-13,interlagos,SAI,toro_rosso,0,15,1,0.03019738,0.05524862,0.0,0.15507694,0.3,0.10888252,0.75,6,Finished,1,0,0.00105149
2016,20,2016-11-13,interlagos,PAL,renault,0,16,0,0.02351775,0.01104972,0.0,0.11651093,0.5,0.00286533,0.5,19,Collision damage,0,0,0.00086913
2016,20,2016-11-13,interlagos,BUT,mclaren,0,17,3,0.01831564,0.14364641,0.0,0.12720456,0.38076639,0.06017192,0.4,16,Finished,1,0,0.00096459
2016,20,2016-11-13,interlagos,MAG,renault,0,18,1,0.01426423,0.01104972,0.0,0.09079797,0.39231164,0.02005731,0.5,14,Finished,1,0,0.00075876
2016,20,2016-11-13,interlagos,WEH,manor,0,19,0,0.011109,0.0,0.0,0.0386173,0.5,0.00286533,0.91666667,15,Finished,1,0,0.0009391
2016,20,2016-11-13,interlagos,OCO,manor,0,20,0,0.0086517,0.0,0.0,0.0355554,0.5,0.0,0.25,12,Finished,1,0,0.00064722
2016,20,2016-11-13,interlagos,ERI,sauber,0,21,1,0.00673795,0.0,0.0,0.09795861,0.32276377,0.0,0.66666667,21,Collision,0,0,0.00074438
2016,20,2016-11-13,interlagos,NAS,sauber,0,22,1,0.00524752,0.0,0.0,0.05563462,0.34147829,0.0,0.33333333,9,Finished,1,0,0.00059867
2016,21,2016-11-27,yas_marina,HAM,mercedes,0,1,3,1.0,1.0,0.0,0.88944847,1.0,0.96730245,0.5,1,Finished,1,1,0.61488702
2016,21,2016-11-27,yas_marina,ROS,mercedes,0,2,3,0.77880078,1.0,0.0,1.0,0.8309641,1.0,0.5,2,Finished,1,0,0.29058322
2016,21,2016-11-27,yas_marina,RIC,red_bull,0,3,3,0.60653066,0.70652174,0.0,0.71612933,0.46542153,0.67029973,0.58823529,5,Finished,1,0,0.0462514
2016,21,2016-11-27,yas_marina,RAI,ferrari,0,4,3,0.47236655,0.40217391,0.0,0.33103501,0.47086572,0.48501362,0.25,6,Finished,1,0,0.00900556
2016,21,2016-11-27,yas_marina,VET,ferrari,0,5,3,0.36787944,0.40217391,0.0,0.4837696,0.73168941,0.53678474,0.75,3,Finished,1,0,0.01212674
2016,21,2016-11-27,yas_marina,VER,red_bull,0,6,1,0.2865048,0.70652174,0.0,0.69225365,0.32624567,0.52316076,0.4375,4,Finished,1,0,0.01109384
2016,21,2016-11-27,yas_marina,HUL,force_india,0,7,3,0.22313016,0.27717391,0.0,0.26549838,0.35693804,0.17983651,0.46666667,7,Finished,1,0,0.00236454
2016,21,2016-11-27,yas_marina,PER,force_india,0,8,3,0.17377394,0.27717391,0.0,0.39495366,0.4559399,0.26430518,0.53333333,8,Finished,1,0,0.00274002
2016,21,2016-11-27,yas_marina,ALO,mclaren,0,9,3,0.13533528,0.11413043,0.0,0.25598544,0.24366349,0.14441417,0.63636364,10,Finished,1,0,0.00131475
2016,21,2016-11-27,yas_marina,MAS,williams,0,10,3,0.10539922,0.13586957,0.0,0.19282754,0.5649022,0.13896458,0.46666667,9,Finished,1,0,0.00134901
2016,21,2016-11-27,yas_marina,BOT,williams,0,11,3,0.082085,0.13586957,0.0,0.25356696,0.35364354,0.23160763,0.53333333,21,Suspension,0,0,0.00125138
2016,21,2016-11-27,yas_marina,BUT,mclaren,0,12,3,0.06392786,0.11413043,0.0,0.14485757,0.28798118,0.05722071,0.36363636,20,Suspension,0,0,0.00077063
2016,21,2016-11-27,yas_marina,GUT,haas,0,13,2,0.04978707,0.00543478,0.0,0.01204274,0.2376413,0.0,0.58333333,12,Finished,1,0,0.0005543
2016,21,2016-11-27,yas_marina,GRO,haas,0,14,3,0.03877421,0.00543478,0.0,0.07827553,0.32336662,0.07901907,0.41666667,11,Finished,1,0,0.00060134
2016,21,2016-11-27,yas_marina,PAL,renault,0,15,0,0.03019738,0.00543478,0.0,0.10689259,0.5,0.0027248,0.5,17,+1 Lap,1,0,0.00067898
2016,21,2016-11-27,yas_marina,WEH,manor,0,16,0,0.02351775,0.0,0.0,0.04298495,0.5,0.0027248,0.84615385,14,+1 Lap,1,0,0.00072829
2016,21,2016-11-27,yas_marina,KVY,toro_rosso,0,17,2,0.01831564,0.08695652,0.0,0.10285151,0.25829432,0.06811989,0.21428571,19,Gearbox,0,0,0.00055349
2016,21,2016-11-27,yas_marina,MAG,renault,0,18,1,0.01426423,0.00543478,0.0,0.07272789,0.37134311,0.01907357,0.5,22,Suspension,0,0,0.00056697
2016,21,2016-11-27,yas_marina,NAS,sauber,0,19,1,0.011109,0.01086957,0.0,0.08502104,0.33205653,0.00544959,0.33333333,16,+1 Lap,1,0,0.00050629
2016,21,2016-11-27,yas_marina,OCO,manor,0,20,0,0.0086517,0.0,0.0,0.05588128,0.5,0.0,0.4,13,+1 Lap,1,0,0.00056216
2016,21,2016-11-27,yas_marina,SAI,toro_rosso,0,21,1,0.00673795,0.08695652,0.0,0.23304024,0.37134311,0.1253406,0.76923077,18,Collision damage,0,0,0.00092002
2016,21,2016-11-27,yas_marina,ERI,sauber,0,22,1,0.00524752,0.01086957,0.0,0.0923836,0.33915393,0.0,0.66666667,15,+1 Lap,1,0,0.00059005
2017,1,2017-03-26,albert_park,HAM,mercedes,0,1,3,1.0,0.0,0.0,1.0,1.0,0.0,0.5,2,Finished,1,0,0.47927648
2017,1,2017-03-26,albert_park,VET,ferrari,0,2,3,0.77880078,0.0,0.0,1.0,0.7503266,0.0,0.5,1,Finished,1,1,0.18379668
2017,1,2017-03-26,albert_park,BOT,mercedes,0,3,3,0.60653066,0.0,0.0,1.0,0.31029953,0.0,0.5,3,Finished,1,0,0.07181188
2017,1,2017-03-26,albert_park,RAI,ferrari,0,4,3,0.47236655,0.0,0.0,1.0,0.09915984,0.0,0.5,4,Finished,1,0,0.03831026
2017,1,2017-03-26,albert_park,VER,red_bull,0,5,2,0.36787944,0.0,0.0,1.0,0.26655378,0.0,0.5,5,Finished,1,0,0.03049657
2017,1,2017-03-26,albert_park,GRO,haas,0,6,3,0.2865048,0.0,0.0,1.0,0.24222822,0.0,0.5,20,Water leak,0,0,0.02260523
2017,1,2017-03-26,albert_park,MAS,williams,0,7,3,0.22313016,0.0,0.0,1.0,0.54881164,0.0,0.5,6,Finished,1,0,0.02313308
2017,1,2017-03-26,albert_park,SAI,toro_rosso,0,8,2,0.17377394,0.0,0.0,1.0,0.36510086,0.0,0.5,8,+1 Lap,1,0,0.0168885
2017,1,2017-03-26,albert_park,KVY,toro_rosso,0,9,3,0.13533528,0.0,0.0,1.0,0.06646883,0.0,0.5,9,+1 Lap,1,0,0.01169464
2017,1,2017-03-26,albert_park,RIC,red_bull,0,10,3,0.10539922,0.0,0.0,1.0,0.53092179,0.0,0.5,17,Power Unit,0,0,0.01520576
2017,1,2017-03-26,albert_park,PER,force_india,0,11,3,0.082085,0.0,0.0,1.0,0.19034093,0.0,0.5,7,+1 Lap,1,0,0.01073211
2017,1,2017-03-26,albert_park,HUL,renault,0,12,3,0.06392786,0.0,0.0,1.0,0.45825758,0.0,0.5,11,+1 Lap,1,0,0.01244882
2017,1,2017-03-26,albert_park,ALO,mclaren,0,13,2,0.04978707,0.0,0.0,1.0,0.38777847,0.0,0.5,14,Vibrations,0,0,0.01121703
2017,1,2017-03-26,albert_park,OCO,force_india,0,14,0,0.03877421,0.0,0.0,1.0,0.5,0.0,0.5,10,+1 Lap,1,0,0.01179707
2017,1,2017-03-26,albert_park,ERI,sauber,0,15,3,0.03019738,0.0,0.0,1.0,0.1136593,0.0,0.5,18,Hydraulics,0,0,0.00844988
2017,1,2017-03-26,albert_park,GIO,sauber,0,16,0,0.02351775,0.0,0.0,1.0,0.5,0.0,0.5,12,+2 Laps,1,0,0.01119316
2017,1,2017-03-26,albert_park,MAG,haas,0,17,3,0.01831564,0.0,0.0,1.0,0.34250214,0.0,0.5,15,Suspension,0,0,0.00971227
2017,1,2017-03-26,albert_park,VAN,mclaren,0,18,0,0.01426423,0.0,0.0,1.0,0.5,0.0,0.5,13,+2 Laps,1,0,0.01084203
2017,1,2017-03-26,albert_park,STR,williams,0,19,0,0.011109,0.0,0.0,1.0,0.5,0.0,0.5,16,Brakes,0,0,0.01072484
2017,1,2017-03-26,albert_park,PAL,renault,0,20,1,0.0086517,0.0,0.0,1.0,0.37841749,0.0,0.5,19,Brakes,0,0,0.00966373
2017,2,2017-04-09,shanghai,HAM,mercedes,0,1,3,1.0,0.89189189,0.0,0.81873075,0.99244684,0.72,0.5,1,Finished,1,1,0.47684622
2017,2,2017-04-09,shanghai,VET,ferrari,0,2,3,0.77880078,1.0,0.0,1.0,1.0,1.0,0.5,2,Finished,1,0,0.39841791
2017,2,2017-04-09,shanghai,BOT,mercedes,0,3,3,0.60653066,0.89189189,0.0,0.67032005,0.37908522,0.6,0.5,6,Finished,1,0,0.05878797
2017,2,2017-04-09,shanghai,RAI,ferrari,0,4,3,0.47236655,1.0,0.0,0.54881164,0.63254225,0.48,0.5,5,Finished,1,0,0.0423068
2017,2,2017-04-09,shanghai,RIC,red_bull,0,5,3,0.36787944,0.27027027,0.0,0.0,0.63766543,0.0,0.5,4,Finished,1,0,0.00381874
2017,2,2017-04-09,shanghai,MAS,williams,0,6,3,0.2865048,0.21621622,0.0,0.36787944,0.47124532,0.32,0.5,14,+1 Lap,1,0,0.00447716
2017,2,2017-04-09,shanghai,HUL,renault,0,7,3,0.22313016,0.0,0.0,0.13533528,0.16180528,0.0,0.5,12,+1 Lap,1,0,0.00123895
2017,2,2017-04-09,shanghai,PER,force_india,0,8,3,0.17377394,0.18918919,0.0,0.30119421,0.21883778,0.24,0.5,9,+1 Lap,1,0,0.0020895
2017,2,2017-04-09,shanghai,KVY,toro_rosso,0,9,3,0.13533528,0.16216216,0.0,0.20189652,0.49779181,0.08,0.5,17,Hydraulics,0,0,0.00173463
2017,2,2017-04-09,shanghai,STR,williams,0,10,0,0.10539922,0.21621622,0.0,0.0,0.5,0.0,0.5,20,Collision,0,0,0.00128104
2017,2,2017-04-09,shanghai,SAI,toro_rosso,0,11,2,0.082085,0.16216216,0.0,0.24659696,0.32258999,0.16,0.5,7,Finished,1,0,0.0014061
2017,2,2017-04-09,shanghai,MAG,haas,0,12,2,0.06392786,0.0,0.0,0.0,0.23298225,0.0,0.5,8,+1 Lap,1,0,0.00065406
2017,2,2017-04-09,shanghai,ALO,mclaren,0,13,3,0.04978707,0.0,0.0,0.0,0.3461052,0.0,0.5,16,Driveshaft,0,0,0.000681
2017,2,2017-04-09,shanghai,ERI,sauber,0,14,3,0.03877421,0.0,0.0,0.0,0.11680512,0.0,0.5,15,+1 Lap,1,0,0.00054736
2017,2,2017-04-09,shanghai,GIO,sauber,0,15,0,0.03019738,0.0,0.0,0.11080316,0.5,0.0,0.5,19,Accident,0,0,0.00081013
2017,2,2017-04-09,shanghai,VAN,mclaren,0,16,0,0.02351775,0.0,0.0,0.09071795,0.5,0.0,0.5,18,Fuel pressure,0,0,0.00077467
2017,2,2017-04-09,shanghai,GRO,haas,0,17,3,0.01831564,0.0,0.0,0.0,0.15744852,0.0,0.5,11,+1 Lap,1,0,0.0005267
2017,2,2017-04-09,shanghai,PAL,renault,0,18,1,0.01426423,0.0,0.0,0.0,0.30872401,0.0,0.5,13,+1 Lap,1,0,0.0005851
2017,2,2017-04-09,shanghai,VER,red_bull,0,19,2,0.011109,0.27027027,0.0,0.44932896,0.31213402,0.4,0.5,3,Finished,1,0,0.00192728
2017,2,2017-04-09,shanghai,OCO,force_india,0,20,0,0.0086517,0.18918919,0.0,0.16529889,0.5,0.04,0.5,10,+1 Lap,1,0,0.00108869
2017,3,2017-04-16,bahrain,BOT,mercedes,0,1,3,1.0,1.0,0.0,0.57083737,0.37927367,0.53488372,0.5,3,Finished,1,0,0.27830032
2017,3,2017-04-16,bahrain,HAM,mercedes,0,2,3,0.77880078,1.0,0.0,1.0,1.0,1.0,0.5,2,Finished,1,0,0.48601845
2017,3,2017-04-16,bahrain,VET,ferrari,0,3,3,0.60653066,0.98484848,0.0,1.0,0.26651588,1.0,0.5,1,Finished,1,1,0.14738797
2017,3,2017-04-16,bahrain,RIC,red_bull,0,4,3,0.47236655,0.56060606,0.0,0.3017553,0.57783322,0.27906977,0.5,5,Finished,1,0,0.0168843
2017,3,2017-04-16,bahrain,RAI,ferrari,0,5,3,0.36787944,0.98484848,0.0,0.54881164,0.78836332,0.51162791,0.5,4,Finished,1,0,0.04081348
2017,3,2017-04-16,bahrain,VER,red_bull,0,6,2,0.2865048,0.56060606,0.0,0.61562109,0.34045378,0.58139535,0.5,18,Brakes,0,0,0.013159
2017,3,2017-04-16,bahrain,HUL,renault,0,7,3,0.22313016,0.0,0.0,0.13533528,0.18658684,0.0,0.5,9,Finished,1,0,0.00154113
2017,3,2017-04-16,bahrain,MAS,williams,0,8,3,0.17377394,0.12121212,0.0,0.24311076,0.2742329,0.18604651,0.5,6,Finished,1,0,0.00216752
2017,3,2017-04-16,bahrain,GRO,haas,0,9,3,0.13533528,0.06060606,0.0,0.07441194,0.3825904,0.0,0.5,8,Finished,1,0,0.00136063
2017,3,2017-04-16,bahrain,PAL,renault,0,10,1,0.10539922,0.0,0.0,0.04987981,0.3,0.0,0.5,13,+1 Lap,1,0,0.00102408
2017,3,2017-04-16,bahrain,KVY,toro_rosso,0,11,3,0.082085,0.18181818,0.0,0.11100957,0.27278188,0.04651163,0.5,12,+1 Lap,1,0,0.00134077
2017,3,2017-04-16,bahrain,STR,williams,0,12,0,0.06392786,0.12121212,0.0,0.0,0.5,0.0,0.5,17,Collision,0,0,0.00117744
2017,3,2017-04-16,bahrain,WEH,sauber,0,13,1,0.04978707,0.0,0.0,0.549834,0.3426835,0.0,0.5,11,+1 Lap,1,0,0.00150239
2017,3,2017-04-16,bahrain,OCO,force_india,0,14,0,0.03877421,0.15151515,0.0,0.1817739,0.5,0.04651163,0.5,10,Finished,1,0,0.00142593
2017,3,2017-04-16,bahrain,ALO,mclaren,0,15,2,0.03019738,0.0,0.0,0.0,0.29942912,0.0,0.5,14,Power Unit,0,0,0.00074851
2017,3,2017-04-16,bahrain,SAI,toro_rosso,0,16,2,0.02351775,0.18181818,0.0,0.30119421,0.175,0.23255814,0.5,16,Collision,0,0,0.00144323
2017,3,2017-04-16,bahrain,VAN,mclaren,0,17,1,0.01831564,0.0,0.0,0.04987981,0.3777744,0.0,0.5,20,Power Unit,0,0,0.0008066
2017,3,2017-04-16,bahrain,PER,force_india,0,18,3,0.01426423,0.15151515,0.0,0.27661639,0.29811206,0.18604651,0.5,7,Finished,1,0,0.00138262
2017,3,2017-04-16,bahrain,ERI,sauber,0,19,3,0.011109,0.0,0.0,0.03343544,0.08704107,0.0,0.5,15,Gearbox,0,0,0.00061482
2017,3,2017-04-16,bahrain,MAG,haas,0,20,2,0.0086517,0.06060606,0.0,0.13558739,0.23586705,0.09302326,0.5,19,Electrical,0,0,0.00090082
2017,4,2017-04-30,sochi,VET,ferrari,0,1,3,1.0,1.0,0.0,1.0,0.34497419,1.0,1.0,2,Finished,1,0,0.68011384
2017,4,2017-04-30,sochi,RAI,ferrari,0,2,3,0.77880078,1.0,0.0,0.54881164,0.46756418,0.5,0.0,3,Finished,1,0,0.0884808
2017,4,2017-04-30,sochi,BOT,mercedes,0,3,3,0.60653066,0.97058824,0.0,0.6061308,0.43788487,0.55882353,0.0,1,Finished,1,1,0.0509582
2017,4,2017-04-30,sochi,HAM,mercedes,0,4,3,0.47236655,0.97058824,0.0,0.93569118,1.0,0.89705882,1.0,4,Finished,1,0,0.15240243
2017,4,2017-04-30,sochi,RIC,red_bull,0,5,3,0.36787944,0.46078431,0.0,0.35410995,0.14163969,0.32352941,0.5,17,Brakes,0,0,0.00676124
2017,4,2017-04-30,sochi,MAS,williams,0,6,3,0.2865048,0.15686275,0.0,0.2873749,0.44640166,0.23529412,0.5,9,+1 Lap,1,0,0.0035985
2017,4,2017-04-30,sochi,VER,red_bull,0,7,2,0.22313016,0.46078431,0.0,0.39721744,0.22321439,0.36764706,0.5,5,Finished,1,0,0.00475055
2017,4,2017-04-30,sochi,HUL,renault,0,8,3,0.17377394,0.01960784,0.0,0.15894919,0.02744377,0.02941176,0.5,8,Finished,1,0,0.00106044
2017,4,2017-04-30,sochi,PER,force_india,0,9,3,0.13533528,0.16666667,0.0,0.28533585,0.37338808,0.20588235,1.0,6,Finished,1,0,0.00255356
2017,4,2017-04-30,sochi,OCO,force_india,0,10,0,0.10539922,0.16666667,0.0,0.17592906,0.5,0.04411765,0.0,7,Finished,1,0,0.0012168
2017,4,2017-04-30,sochi,SAI,toro_rosso,0,11,2,0.082085,0.11764706,0.0,0.19433966,0.2211701,0.14705882,0.5,10,+1 Lap,1,0,0.00118654
2017,4,2017-04-30,sochi,STR,williams,0,12,0,0.06392786,0.15686275,0.0,0.0,0.5,0.0,0.5,11,+1 Lap,1,0,0.00106158
2017,4,2017-04-30,sochi,KVY,toro_rosso,0,13,3,0.04978707,0.11764706,0.0,0.11093634,0.20432498,0.02941176,0.5,12,+1 Lap,1,0,0.00087252
2017,4,2017-04-30,sochi,MAG,haas,0,14,2,0.03877421,0.07843137,0.0,0.08748511,0.43156366,0.05882353,0.5,13,+1 Lap,1,0,0.00094599
2017,4,2017-04-30,sochi,ALO,mclaren,0,15,3,0.03019738,0.0,0.0,0.0,0.32027741,0.0,0.5,20,Power Unit,0,0,0.00065086
2017,4,2017-04-30,sochi,PAL,renault,0,16,1,0.02351775,0.01960784,0.0,0.06436795,0.33954554,0.0,0.5,18,Collision,0,0,0.00071271
2017,4,2017-04-30,sochi,VAN,mclaren,0,17,0,0.01831564,0.0,0.0,0.03218397,0.5,0.0,0.5,14,+1 Lap,1,0,0.00074523
2017,4,2017-04-30,sochi,WEH,sauber,0,18,1,0.01426423,0.0,0.0,0.14403854,0.31454799,0.0,0.5,16,+2 Laps,1,0,0.00071682
2017,4,2017-04-30,sochi,ERI,sauber,0,19,3,0.011109,0.0,0.0,0.02157356,0.04355977,0.0,0.5,15,+1 Lap,1,0,0.00050172
2017,4,2017-04-30,sochi,GRO,haas,0,20,3,0.0086517,0.07843137,0.0,0.13549795,0.13225046,0.05882353,0.5,19,Collision,0,0,0.00070968
2017,5,2017-05-14,catalunya,HAM,mercedes,0,1,3,1.0,1.0,0.0,0.87596065,0.75746438,0.84883721,0.75,1,Finished,1,1,0.47586528
2017,5,2017-05-14,catalunya,VET,ferrari,0,2,3,0.77880078,0.99264706,0.0,1.0,0.99804788,1.0,1.0,2,Finished,1,0,0.38687212
2017,5,2017-05-14,catalunya,BOT,mercedes,0,3,3,0.60653066,1.0,0.0,0.74461806,0.74691185,0.73255814,0.25,17,Power Unit,0,0,0.07532693
2017,5,2017-05-14,catalunya,RAI,ferrari,0,4,3,0.47236655,0.99264706,0.0,0.60956584,0.90622157,0.56976744,0.0,20,Collision damage,0,0,0.03576355
2017,5,2017-05-14,catalunya,VER,red_bull,0,5,2,0.36787944,0.41911765,0.0,0.43133872,0.825,0.40697674,0.5,19,Collision damage,0,0,0.00931303
2017,5,2017-05-14,catalunya,RIC,red_bull,0,6,3,0.2865048,0.41911765,0.0,0.27440582,0.77277874,0.25581395,0.5,3,Finished,1,0,0.00505881
2017,5,2017-05-14,catalunya,ALO,mclaren,0,7,3,0.22313016,0.0,0.0,0.0,0.12983533,0.0,0.5,12,+2 Laps,1,0,0.00080216
2017,5,2017-05-14,catalunya,PER,force_india,0,8,3,0.17377394,0.22794118,0.0,0.32224791,0.32867929,0.25581395,1.0,4,+1 Lap,1,0,0.00245672
2017,5,2017-05-14,catalunya,MAS,williams,0,9,3,0.13533528,0.13235294,0.0,0.27819648,0.3878489,0.20930233,0.5,13,+2 Laps,1,0,0.00140718
2017,5,2017-05-14,catalunya,OCO,force_india,0,10,0,0.10539922,0.22794118,0.0,0.21913383,0.5,0.10465116,0.0,5,+1 Lap,1,0,0.00107845
2017,5,2017-05-14,catalunya,MAG,haas,0,11,2,0.082085,0.05882353,0.0,0.0927336,0.26515268,0.04651163,0.5,14,+2 Laps,1,0,0.00068668
2017,5,2017-05-14,catalunya,SAI,toro_rosso,0,12,2,0.06392786,0.09558824,0.0,0.19604058,0.47734225,0.12790698,0.5,7,+1 Lap,1,0,0.00095964
2017,5,2017-05-14,catalunya,HUL,renault,0,13,3,0.04978707,0.04411765,0.0,0.19096612,0.08838506,0.06976744,0.5,6,+1 Lap,1,0,0.00059253
2017,5,2017-05-14,catalunya,GRO,haas,0,14,3,0.03877421,0.05882353,0.0,0.10499967,0.20887494,0.04651163,0.5,10,+1 Lap,1,0,0.00057344
2017,5,2017-05-14,catalunya,WEH,sauber,0,15,1,0.03019738,0.0,0.0,0.10178656,0.33092549,0.0,0.5,8,+1 Lap,1,0,0.00053984
2017,5,2017-05-14,catalunya,ERI,sauber,0,16,3,0.02351775,0.0,0.0,0.03343544,0.12280521,0.0,0.5,11,+2 Laps,1,0,0.0004159
2017,5,2017-05-14,catalunya,PAL,renault,0,17,1,0.01831564,0.04411765,0.0,0.04987981,0.35634992,0.0,0.5,15,+2 Laps,1,0,0.00053342
2017,5,2017-05-14,catalunya,STR,williams,0,18,0,0.01426423,0.13235294,0.0,0.03720597,0.5,0.0,0.5,16,+2 Laps,1,0,0.00066181
2017,5,2017-05-14,catalunya,VAN,mclaren,0,19,0,0.011109,0.0,0.0,0.04535898,0.5,0.0,0.5,18,Collision,0,0,0.00054324
2017,5,2017-05-14,catalunya,KVY,toro_rosso,0,20,3,0.0086517,0.09558824,0.0,0.11642813,0.22456513,0.02325581,0.5,9,+1 Lap,1,0,0.00054927
2017,6,2017-05-28,monaco,RAI,ferrari,0,1,3,1.0,0.95031056,0.0,0.49757105,0.16657029,0.47115385,0.0,2,Finished,1,0,0.26090141
2017,6,2017-05-28,monaco,VET,ferrari,0,2,3,0.77880078,0.95031056,0.0,1.0,0.59721574,1.0,1.0,1,Finished,1,1,0.55859287
2017,6,2017-05-28,monaco,BOT,mercedes,0,3,3,0.60653066,1.0,0.0,0.6078103,0.08665793,0.60576923,0.25,4,Finished,1,0,0.07748252
2017,6,2017-05-28,monaco,VER,red_bull,0,4,2,0.47236655,0.44720497,0.0,0.35208938,0.175,0.33653846,0.5,5,Finished,1,0,0.01668933
2017,6,2017-05-28,monaco,RIC,red_bull,0,5,3,0.36787944,0.44720497,0.0,0.37441397,0.78166152,0.35576923,0.5,3,Finished,1,0,0.01773132
2017,6,2017-05-28,monaco,SAI,toro_rosso,0,6,2,0.2865048,0.13043478,0.0,0.22761232,0.33722994,0.16346154,1.0,6,Finished,1,0,0.005789
2017,6,2017-05-28,monaco,PER,force_india,0,7,3,0.22313016,0.32919255,0.0,0.38619878,0.46905193,0.32692308,1.0,13,Finished,1,0,0.008512
2017,6,2017-05-28,monaco,GRO,haas,0,8,3,0.17377394,0.05590062,0.0,0.12280241,0.15521148,0.04807692,0.5,8,Finished,1,0,0.00196533
2017,6,2017-05-28,monaco,BUT,mclaren,0,9,3,0.13533528,0.0,0.0,0.56101709,0.29727311,0.0,0.5,18,Collision damage,0,0,0.0025814
2017,6,2017-05-28,monaco,VAN,mclaren,0,10,0,0.10539922,0.0,0.0,0.03702523,0.5,0.0,0.5,16,Accident,0,0,0.00158556
2017,6,2017-05-28,monaco,KVY,toro_rosso,0,11,3,0.082085,0.13043478,0.0,0.14034389,0.2044982,0.03846154,0.0,14,Collision damage,0,0,0.00126985
2017,6,2017-05-28,monaco,HUL,renault,0,12,3,0.06392786,0.08695652,0.0,0.23843481,0.36584824,0.13461538,1.0,20,Gearbox,0,0,0.0023095
2017,6,2017-05-28,monaco,MAG,haas,0,13,2,0.04978707,0.05590062,0.0,0.09236327,0.22681115,0.03846154,0.5,10,Finished,1,0,0.00122728
2017,6,2017-05-28,monaco,HAM,mercedes,0,14,3,0.03877421,1.0,0.0,0.93942831,1.0,0.94230769,0.75,7,Finished,1,0,0.03556056
2017,6,2017-05-28,monaco,MAS,williams,0,15,3,0.03019738,0.11180124,0.0,0.24744151,0.190815,0.17307692,0.5,9,Finished,1,0,0.00153123
2017,6,2017-05-28,monaco,OCO,force_india,0,16,0,0.02351775,0.32919255,0.0,0.27970513,0.5,0.18269231,0.0,12,Finished,1,0,0.00207015
2017,6,2017-05-28,monaco,PAL,renault,0,17,1,0.01831564,0.08695652,0.0,0.05436165,0.3,0.0,0.0,11,Finished,1,0,0.0008934
2017,6,2017-05-28,monaco,STR,williams,0,18,0,0.01426423,0.11180124,0.0,0.04154272,0.5,0.0,0.5,15,Brakes,0,0,0.00129511
2017,6,2017-05-28,monaco,WEH,sauber,0,19,1,0.011109,0.02484472,0.0,0.16146794,0.33479246,0.03846154,0.5,19,Collision,0,0,0.00116993
2017,6,2017-05-28,monaco,ERI,sauber,0,20,3,0.0086517,0.02484472,0.0,0.05766255,0.06982378,0.0,0.5,17,Accident,0,0,0.00084223
2017,7,2017-06-11,villeneuve,HAM,mercedes,0,1,3,1.0,0.91823899,0.0,0.82328957,1.0,0.80620155,0.6,1,Finished,1,1,0.48675969
2017,7,2017-06-11,villeneuve,VET,ferrari,0,2,3,0.77880078,1.0,0.0,1.0,0.86377709,1.0,1.0,4,Finished,1,0,0.39544592
2017,7,2017-06-11,villeneuve,BOT,mercedes,0,3,3,0.60653066,0.91823899,0.0,0.58054298,0.75890658,0.58139535,0.4,2,Finished,1,0,0.06061557
2017,7,2017-06-11,villeneuve,RAI,ferrari,0,4,3,0.47236655,1.0,0.0,0.55814275,0.49099825,0.51937984,0.0,7,Finished,1,0,0.02663768
2017,7,2017-06-11,villeneuve,VER,red_bull,0,5,2,0.36787944,0.54716981,0.0,0.35208938,0.4676199,0.34883721,0.5,18,Electrical,0,0,0.008367
2017,7,2017-06-11,villeneuve,RIC,red_bull,0,6,3,0.2865048,0.54716981,0.0,0.52483837,0.50864516,0.40310078,0.5,3,Finished,1,0,0.00821559
2017,7,2017-06-11,villeneuve,MAS,williams,0,7,3,0.22313016,0.0754717,0.0,0.21019381,0.15147977,0.15503876,0.5,19,Collision,0,0,0.00145407
2017,7,2017-06-11,villeneuve,PER,force_india,0,8,3,0.17377394,0.28930818,0.0,0.33896647,0.15296093,0.26356589,0.83333333,5,Finished,1,0,0.00248443
2017,7,2017-06-11,villeneuve,OCO,force_india,0,9,0,0.13533528,0.28930818,0.0,0.26747592,0.5,0.14728682,0.16666667,6,Finished,1,0,0.00174002
2017,7,2017-06-11,villeneuve,HUL,renault,0,10,3,0.10539922,0.08805031,0.0,0.20806465,0.37875254,0.10852713,1.0,8,Finished,1,0,0.00145275
2017,7,2017-06-11,villeneuve,KVY,toro_rosso,0,11,3,0.082085,0.14465409,0.0,0.09503693,0.14831219,0.03100775,0.0,17,Power Unit,0,0,0.0006187
2017,7,2017-06-11,villeneuve,ALO,mclaren,0,12,3,0.06392786,0.0,0.0,0.03108123,0.18780883,0.0,0.5,16,Power Unit,0,0,0.00056398
2017,7,2017-06-11,villeneuve,SAI,toro_rosso,0,13,2,0.04978707,0.14465409,0.0,0.25482894,0.31327889,0.19379845,1.0,20,Collision,0,0,0.0013933
2017,7,2017-06-11,villeneuve,GRO,haas,0,14,3,0.03877421,0.08805031,0.0,0.17814045,0.11175459,0.06976744,0.66666667,10,+1 Lap,1,0,0.00074591
2017,7,2017-06-11,villeneuve,PAL,renault,0,15,1,0.03019738,0.08805031,0.0,0.08473181,0.3,0.0,0.0,11,+1 Lap,1,0,0.0005176
2017,7,2017-06-11,villeneuve,VAN,mclaren,0,16,0,0.02351775,0.0,0.0,0.0166675,0.5,0.0,0.5,14,+1 Lap,1,0,0.00061771
2017,7,2017-06-11,villeneuve,STR,williams,0,17,0,0.01831564,0.0754717,0.0,0.04154272,0.5,0.0,0.5,9,+1 Lap,1,0,0.00069675
2017,7,2017-06-11,villeneuve,MAG,haas,0,18,2,0.01426423,0.08805031,0.0,0.12945747,0.26956537,0.03875969,0.33333333,12,+1 Lap,1,0,0.0006099
2017,7,2017-06-11,villeneuve,ERI,sauber,0,19,3,0.011109,0.02515723,0.0,0.05766255,0.06635386,0.0,0.5,13,+1 Lap,1,0,0.00045641
2017,7,2017-06-11,villeneuve,WEH,sauber,0,20,1,0.0086517,0.02515723,0.0,0.12110096,0.32110044,0.03100775,0.5,15,+2 Laps,1,0,0.00060702
2017,8,2017-06-25,baku,HAM,mercedes,0,1,1,1.0,1.0,0.0,0.87637296,0.51952465,0.91489362,0.66666667,5,Finished,1,0,0.55431851
2017,8,2017-06-25,baku,BOT,mercedes,0,2,1,0.77880078,1.0,0.0,0.72567229,0.47973159,0.65957447,0.33333333,2,Finished,1,0,0.15604799
2017,8,2017-06-25,baku,RAI,ferrari,0,3,1,0.60653066,0.95512821,0.0,0.55874439,0.56812802,0.5177305,0.0,14,Water pressure,0,0,0.05705663
2017,8,2017-06-25,baku,VET,ferrari,0,4,1,0.47236655,0.95512821,0.0,1.0,0.7,1.0,1.0,4,Finished,1,0,0.18795963
2017,8,2017-06-25,baku,VER,red_bull,0,5,1,0.36787944,0.48076923,0.0,0.21466777,0.42047768,0.31914894,0.5,18,Oil pressure,0,0,0.00845087
2017,8,2017-06-25,baku,PER,force_india,0,6,1,0.2865048,0.39102564,0.0,0.41992774,0.6274923,0.31205674,0.85714286,15,Seat,0,0,0.01054553
2017,8,2017-06-25,baku,OCO,force_india,0,7,0,0.22313016,0.39102564,0.0,0.33311364,0.5,0.19148936,0.14285714,6,Finished,1,0,0.00433599
2017,8,2017-06-25,baku,STR,williams,0,8,0,0.17377394,0.08974359,0.0,0.0924495,0.5,0.0141844,0.5,3,Finished,1,0,0.00180164
2017,8,2017-06-25,baku,MAS,williams,0,9,1,0.13533528,0.08974359,0.0,0.20600434,0.38075861,0.14184397,0.5,16,Suspension,0,0,0.00185245
2017,8,2017-06-25,baku,RIC,red_bull,0,10,1,0.10539922,0.48076923,0.0,0.58770391,0.44715178,0.4751773,0.5,1,Finished,1,1,0.00706771
2017,8,2017-06-25,baku,KVY,toro_rosso,0,11,1,0.082085,0.10897436,0.0,0.10116464,0.3,0.02836879,0.0,19,Battery,0,0,0.00093163
2017,8,2017-06-25,baku,SAI,toro_rosso,0,12,1,0.06392786,0.10897436,0.0,0.19931154,0.3,0.17730496,1.0,8,Finished,1,0,0.00193123
2017,8,2017-06-25,baku,MAG,haas,0,13,1,0.04978707,0.07051282,0.0,0.10536665,0.33628718,0.03546099,0.25,7,Finished,1,0,0.00094958
2017,8,2017-06-25,baku,HUL,renault,0,14,1,0.03877421,0.11538462,0.0,0.25391795,0.39863879,0.12765957,1.0,17,Accident,0,0,0.00201542
2017,8,2017-06-25,baku,WEH,sauber,0,15,1,0.03019738,0.02564103,0.0,0.11765343,0.3,0.02836879,0.33333333,10,Finished,1,0,0.00085197
2017,8,2017-06-25,baku,ALO,mclaren,0,16,1,0.02351775,0.0,0.0,0.03308526,0.3,0.0,0.5,9,Finished,1,0,0.00077393
2017,8,2017-06-25,baku,GRO,haas,0,17,1,0.01831564,0.07051282,0.0,0.19678403,0.34432126,0.07092199,0.75,13,+1 Lap,1,0,0.00130978
2017,8,2017-06-25,baku,ERI,sauber,0,18,1,0.01426423,0.02564103,0.0,0.06852474,0.31991483,0.0,0.66666667,11,Finished,1,0,0.00091078
2017,8,2017-06-25,baku,VAN,mclaren,0,19,0,0.011109,0.0,0.0,0.03548434,0.5,0.0,0.5,12,Finished,1,0,0.00088874
2017,9,2017-07-09,red_bull_ring,BOT,mercedes,0,1,3,1.0,1.0,0.0,0.85306582,0.42955699,0.7254902,0.42857143,1,Finished,1,1,0.44057763
2017,9,2017-07-09,red_bull_ring,VET,ferrari,0,2,3,0.77880078,0.82119205,0.0,1.0,0.1937819,1.0,1.0,2,Finished,1,0,0.25289584
2017,9,2017-07-09,red_bull_ring,HAM,mercedes,0,3,3,0.60653066,1.0,0.0,0.88333599,1.0,0.90849673,0.57142857,4,Finished,1,0,0.2279392
2017,9,2017-07-09,red_bull_ring,RAI,ferrari,0,4,3,0.47236655,0.82119205,0.0,0.47930505,0.37981249,0.47712418,0.0,5,Finished,1,0,0.02349104
2017,9,2017-07-09,red_bull_ring,RIC,red_bull,0,5,3,0.36787944,0.59602649,0.0,0.80612899,0.34721043,0.60130719,0.5,3,Finished,1,0,0.02301776
2017,9,2017-07-09,red_bull_ring,VER,red_bull,0,6,2,0.2865048,0.59602649,0.0,0.24059907,0.59563498,0.29411765,0.5,20,Collision damage,0,0,0.00900275
2017,9,2017-07-09,red_bull_ring,GRO,haas,0,7,3,0.22313016,0.08609272,0.0,0.17882129,0.17066075,0.06535948,0.6,6,Finished,1,0,0.00200205
2017,9,2017-07-09,red_bull_ring,PER,force_india,0,8,3,0.17377394,0.41059603,0.0,0.39001471,0.16407116,0.2875817,0.85714286,7,+1 Lap,1,0,0.00460938
2017,9,2017-07-09,red_bull_ring,OCO,force_india,0,9,0,0.13533528,0.41059603,0.0,0.42759008,0.5,0.22875817,0.14285714,8,+1 Lap,1,0,0.00368057
2017,9,2017-07-09,red_bull_ring,SAI,toro_rosso,0,10,2,0.10539922,0.13907285,0.0,0.28940963,0.27963252,0.18954248,1.0,17,Engine,0,0,0.00237967
2017,9,2017-07-09,red_bull_ring,HUL,renault,0,11,3,0.082085,0.10596026,0.0,0.2305365,0.18081616,0.11764706,1.0,13,+1 Lap,1,0,0.00171541
2017,9,2017-07-09,red_bull_ring,ALO,mclaren,0,12,3,0.06392786,0.01324503,0.0,0.10464946,0.11332514,0.0130719,0.5,19,Collision damage,0,0,0.00083735
2017,9,2017-07-09,red_bull_ring,VAN,mclaren,0,13,0,0.04978707,0.01324503,0.0,0.06943626,0.5,0.0,0.5,12,+1 Lap,1,0,0.00103024
2017,9,2017-07-09,red_bull_ring,KVY,toro_rosso,0,14,3,0.03877421,0.13907285,0.0,0.08371957,0.03912389,0.02614379,0.0,16,+3 Laps,1,0,0.00067354
2017,9,2017-07-09,red_bull_ring,MAG,haas,0,15,2,0.03019738,0.08609272,0.0,0.19873385,0.29597363,0.07189542,0.4,18,Hydraulics,0,0,0.00105822
2017,9,2017-07-09,red_bull_ring,PAL,renault,0,16,1,0.02351775,0.10596026,0.0,0.08874782,0.34918432,0.0,0.0,11,+1 Lap,1,0,0.00076515
2017,9,2017-07-09,red_bull_ring,MAS,williams,0,17,3,0.01831564,0.13907285,0.0,0.13239619,0.37510139,0.13071895,0.5,9,+1 Lap,1,0,0.00119707
2017,9,2017-07-09,red_bull_ring,STR,williams,0,18,0,0.01426423,0.13907285,0.0,0.28308298,0.5,0.11111111,0.5,10,+1 Lap,1,0,0.00150973
2017,9,2017-07-09,red_bull_ring,ERI,sauber,0,19,3,0.011109,0.03311258,0.0,0.11303588,0.07112278,0.0,0.5,15,+2 Laps,1,0,0.00069451
2017,9,2017-07-09,red_bull_ring,WEH,sauber,0,20,1,0.0086517,0.03311258,0.0,0.13988785,0.37337438,0.03267974,0.5,14,+1 Lap,1,0,0.00092288
2017,10,2017-07-16,silverstone,HAM,mercedes,0,1,3,1.0,1.0,0.0,0.88333599,1.0,0.88304094,0.5,1,Finished,1,1,0.71579155
2017,10,2017-07-16,silverstone,RAI,ferrari,0,2,3,0.77880078,0.78807947,0.0,0.42013877,0.28270311,0.48538012,0.0,3,Finished,1,0,0.04810849
2017,10,2017-07-16,silverstone,VET,ferrari,0,3,3,0.60653066,0.78807947,0.0,1.0,0.40717501,1.0,1.0,7,Finished,1,0,0.13469281
2017,10,2017-07-16,silverstone,BOT,mercedes,0,4,3,0.47236655,1.0,0.0,0.85306582,0.3628042,0.79532164,0.5,2,Finished,1,0,0.0635968
2017,10,2017-07-16,silverstone,VER,red_bull,0,5,2,0.36787944,0.62913907,0.0,0.12029954,0.48804411,0.26315789,0.5,4,Finished,1,0,0.0084287
2017,10,2017-07-16,silverstone,HUL,renault,0,6,3,0.2865048,0.0794702,0.0,0.18880277,0.28878575,0.10526316,0.8,6,Finished,1,0,0.00266595
2017,10,2017-07-16,silverstone,PER,force_india,0,7,3,0.22313016,0.38410596,0.0,0.37216097,0.26221575,0.29239766,0.875,9,+1 Lap,1,0,0.00482477
2017,10,2017-07-16,silverstone,OCO,force_india,0,8,0,0.17377394,0.38410596,0.0,0.41297268,0.5,0.22807018,0.125,8,+1 Lap,1,0,0.00337186
2017,10,2017-07-16,silverstone,VAN,mclaren,0,9,0,0.13533528,0.01324503,0.0,0.07921638,0.5,0.0,0.5,11,+1 Lap,1,0,0.00119637
2017,10,2017-07-16,silverstone,GRO,haas,0,10,3,0.10539922,0.13907285,0.0,0.27731422,0.02518254,0.10526316,0.6,13,+1 Lap,1,0,0.00126444
2017,10,2017-07-16,silverstone,PAL,renault,0,11,1,0.082085,0.0794702,0.0,0.12498134,0.3,0.0,0.2,20,Hydraulics,0,0,0.00085054
2017,10,2017-07-16,silverstone,KVY,toro_rosso,0,12,3,0.06392786,0.13245033,0.0,0.06738363,0.23807398,0.02339181,0.0,15,+1 Lap,1,0,0.00071368
2017,10,2017-07-16,silverstone,ALO,mclaren,0,13,3,0.04978707,0.01324503,0.0,0.10464946,0.1774395,0.01169591,0.5,18,Power Unit,0,0,0.00071708
2017,10,2017-07-16,silverstone,SAI,toro_rosso,0,14,2,0.03877421,0.13245033,0.0,0.2451539,0.26928707,0.16959064,1.0,19,Collision damage,0,0,0.00149213
2017,10,2017-07-16,silverstone,MAS,williams,0,15,3,0.03019738,0.14569536,0.0,0.13239619,0.23613792,0.12865497,1.0,10,+1 Lap,1,0,0.00123346
2017,10,2017-07-16,silverstone,STR,williams,0,16,0,0.02351775,0.14569536,0.0,0.29110518,0.5,0.10526316,0.0,16,+1 Lap,1,0,0.00105748
2017,10,2017-07-16,silverstone,MAG,haas,0,17,2,0.01831564,0.13907285,0.0,0.1744458,0.25561374,0.06432749,0.4,12,+1 Lap,1,0,0.00088171
2017,10,2017-07-16,silverstone,WEH,sauber,0,18,1,0.01426423,0.03311258,0.0,0.14644366,0.3,0.02923977,0.6,17,+1 Lap,1,0,0.00080184
2017,10,2017-07-16,silverstone,ERI,sauber,0,19,3,0.011109,0.03311258,0.0,0.11303588,0.04306123,0.0,0.4,14,+1 Lap,1,0,0.00055345
2017,10,2017-07-16,silverstone,RIC,red_bull,0,20,3,0.0086517,0.62913907,0.0,0.98559481,0.4018053,0.62573099,0.5,5,Finished,1,0,0.00775688
2017,11,2017-07-30,hungaroring,VET,ferrari,0,1,3,1.0,0.72189349,0.0,0.80338205,0.8535353,1.0,0.875,1,Finished,1,1,0.63963954
2017,11,2017-07-30,hungaroring,RAI,ferrari,0,2,3,0.77880078,0.72189349,0.0,0.55919396,0.33656867,0.55367232,0.125,2,Finished,1,0,0.0760279
2017,11,2017-07-30,hungaroring,BOT,mercedes,0,3,3,0.60653066,1.0,0.0,1.0,0.23707662,0.8700565,0.44444444,3,Finished,1,0,0.1168631
2017,11,2017-07-30,hungaroring,HAM,mercedes,0,4,3,0.47236655,1.0,0.0,0.82380315,0.97141373,0.99435028,0.55555556,4,Finished,1,0,0.11287816
2017,11,2017-07-30,hungaroring,VER,red_bull,0,5,2,0.36787944,0.6035503,0.0,0.24922338,0.60262995,0.3220339,0.66666667,5,Finished,1,0,0.01250482
2017,11,2017-07-30,hungaroring,RIC,red_bull,0,6,3,0.2865048,0.6035503,0.0,0.86399144,1.0,0.66101695,0.33333333,20,Collision,0,0,0.02427978
2017,11,2017-07-30,hungaroring,HUL,renault,0,7,3,0.22313016,0.07100592,0.0,0.17607832,0.10082003,0.14689266,0.8,17,Brakes,0,0,0.00211533
2017,11,2017-07-30,hungaroring,ALO,mclaren,0,8,3,0.17377394,0.01183432,0.0,0.06301383,0.62522861,0.01129944,0.5,6,Finished,1,0,0.00166445
2017,11,2017-07-30,hungaroring,VAN,mclaren,0,9,0,0.13533528,0.01183432,0.0,0.1076691,0.5,0.0,0.5,10,+1 Lap,1,0,0.00135708
2017,11,2017-07-30,hungaroring,SAI,toro_rosso,0,10,2,0.10539922,0.07100592,0.0,0.15342717,0.30151783,0.16384181,1.0,7,+1 Lap,1,0,0.00166726
2017,11,2017-07-30,hungaroring,PAL,renault,0,11,1,0.082085,0.07100592,0.0,0.10137465,0.35947189,0.0,0.2,12,+1 Lap,1,0,0.00093755
2017,11,2017-07-30,hungaroring,OCO,force_india,0,12,0,0.06392786,0.24852071,0.0,0.33452052,0.5,0.24293785,0.22222222,9,+1 Lap,1,0,0.00185116
2017,11,2017-07-30,hungaroring,KVY,toro_rosso,0,13,3,0.04978707,0.07100592,0.0,0.02761474,0.40257252,0.02259887,0.0,11,+1 Lap,1,0,0.00073652
2017,11,2017-07-30,hungaroring,PER,force_india,0,14,3,0.03877421,0.24852071,0.0,0.26045858,0.08254446,0.29378531,0.77777778,8,+1 Lap,1,0,0.00153831
2017,11,2017-07-30,hungaroring,GRO,haas,0,15,3,0.03019738,0.1183432,0.0,0.24000256,0.17389562,0.10169492,0.5,19,Wheel nut,0,0,0.00100632
2017,11,2017-07-30,hungaroring,MAG,haas,0,16,2,0.02351775,0.1183432,0.0,0.17180992,0.2459926,0.06214689,0.5,13,+1 Lap,1,0,0.00093836
2017,11,2017-07-30,hungaroring,STR,williams,0,17,0,0.01831564,0.13609467,0.0,0.27148601,0.5,0.10169492,0.0,14,+1 Lap,1,0,0.00102457
2017,11,2017-07-30,hungaroring,WEH,sauber,0,18,1,0.01426423,0.00591716,0.0,0.08517963,0.31466559,0.02824859,0.5,15,+2 Laps,1,0,0.0007328
2017,11,2017-07-30,hungaroring,DIR,williams,0,19,0,0.011109,0.13609467,0.0,0.62421912,0.5,0.0,0.5,18,Oil leak,0,0,0.00163824
2017,11,2017-07-30,hungaroring,ERI,sauber,0,20,3,0.0086517,0.00591716,0.0,0.09017142,0.08421853,0.0,0.5,16,+2 Laps,1,0,0.00059875
2017,12,2017-08-27,spa,HAM,mercedes,0,1,3,1.0,1.0,0.0,0.85955208,1.0,0.93069307,0.5,1,Finished,1,1,0.65002985
2017,12,2017-08-27,spa,VET,ferrari,0,2,3,0.77880078,0.68539326,0.0,0.77972583,0.4324128,1.0,0.88888889,2,Finished,1,0,0.14828117
2017,12,2017-08-27,spa,BOT,mercedes,0,3,3,0.60653066,1.0,0.0,1.0,0.42454096,0.83663366,0.5,5,Finished,1,0,0.13438159
2017,12,2017-08-27,spa,RAI,ferrari,0,4,3,0.47236655,0.68539326,0.0,0.54272805,0.50144365,0.57425743,0.11111111,4,Finished,1,0,0.02185558
2017,12,2017-08-27,spa,VER,red_bull,0,5,2,0.36787944,0.48876404,0.0,0.2418848,0.36403828,0.33168317,0.66666667,19,Engine,0,0,0.00794707
2017,12,2017-08-27,spa,RIC,red_bull,0,6,3,0.2865048,0.48876404,0.0,0.67610826,0.96235238,0.57920792,0.33333333,3,Finished,1,0,0.01808229
2017,12,2017-08-27,spa,HUL,renault,0,7,3,0.22313016,0.06741573,0.0,0.17089356,0.46081285,0.12871287,0.8,6,Finished,1,0,0.00236237
2017,12,2017-08-27,spa,PER,force_india,0,8,3,0.17377394,0.26966292,0.0,0.29056418,0.64740914,0.27722772,0.8,17,Gearbox,0,0,0.0043507
2017,12,2017-08-27,spa,OCO,force_india,0,9,1,0.13533528,0.26966292,0.0,0.34674544,0.33197255,0.22277228,0.2,9,Finished,1,0,0.00218456
2017,12,2017-08-27,spa,PAL,renault,0,10,1,0.10539922,0.06741573,0.0,0.09244459,0.33905136,0.0,0.2,13,Finished,1,0,0.00088619
2017,12,2017-08-27,spa,ALO,mclaren,0,11,3,0.082085,0.06179775,0.0,0.13807688,0.37603908,0.04950495,0.5,18,Engine,0,0,0.0010953
2017,12,2017-08-27,spa,GRO,haas,0,12,3,0.06392786,0.08426966,0.0,0.17317632,0.40862132,0.08910891,0.5,7,Finished,1,0,0.00119393
2017,12,2017-08-27,spa,MAG,haas,0,13,2,0.04978707,0.08426966,0.0,0.14867725,0.22261188,0.05445545,0.5,15,Finished,1,0,0.00091969
2017,12,2017-08-27,spa,SAI,toro_rosso,0,14,2,0.03877421,0.05617978,0.0,0.13274919,0.175,0.17326733,1.0,10,Finished,1,0,0.00116171
2017,12,2017-08-27,spa,VAN,mclaren,0,15,0,0.03019738,0.06179775,0.0,0.14455647,0.5,0.0049505,0.5,14,Finished,1,0,0.00101342
2017,12,2017-08-27,spa,MAS,williams,0,16,3,0.02351775,0.11797753,0.0,0.11123056,0.34165265,0.11386139,1.0,8,Finished,1,0,0.00131174
2017,12,2017-08-27,spa,KVY,toro_rosso,0,17,3,0.01831564,0.05617978,0.0,0.05959813,0.40821849,0.01980198,0.0,12,Finished,1,0,0.0006269
2017,12,2017-08-27,spa,STR,williams,0,18,0,0.01426423,0.11797753,0.0,0.28149101,0.5,0.08910891,0.0,11,Finished,1,0,0.00102259
2017,12,2017-08-27,spa,ERI,sauber,0,19,3,0.011109,0.00561798,0.0,0.09958142,0.0993128,0.0,0.42857143,16,Finished,1,0,0.00056269
2017,12,2017-08-27,spa,WEH,sauber,0,20,1,0.0086517,0.00561798,0.0,0.09740788,0.3,0.02475248,0.57142857,20,Collision,0,0,0.00073065
2017,13,2017-09-03,monza,HAM,mercedes,0,1,3,1.0,1.0,0.0,0.94406385,1.0,0.96818182,0.54545455,1,Finished,1,1,0.79707433
2017,13,2017-09-03,monza,VER,red_bull,0,2,2,0.77880078,0.51176471,0.0,0.26566709,0.33282243,0.30454545,0.66666667,10,+1 Lap,1,0,0.02857957
2017,13,2017-09-03,monza,RIC,red_bull,0,3,3,0.60653066,0.51176471,0.0,0.74258371,0.41937803,0.6,0.33333333,4,Finished,1,0,0.03504169
2017,13,2017-09-03,monza,STR,williams,0,4,0,0.47236655,0.13529412,0.0,0.29145133,0.5,0.08181818,0.0,7,Finished,1,0,0.004308
2017,13,2017-09-03,monza,OCO,force_india,0,5,1,0.36787944,0.18823529,0.0,0.33665936,0.31454799,0.21363636,0.2,6,Finished,1,0,0.00386254
2017,13,2017-09-03,monza,BOT,mercedes,0,6,3,0.2865048,1.0,0.0,1.0,0.50846474,0.81363636,0.45454545,2,Finished,1,0,0.05611483
2017,13,2017-09-03,monza,RAI,ferrari,0,7,3,0.22313016,0.78823529,0.0,0.6619958,0.47767151,0.58181818,0.1,5,Finished,1,0,0.01458979
2017,13,2017-09-03,monza,VET,ferrari,0,8,3,0.17377394,0.78823529,0.0,0.92823124,0.70706373,1.0,0.9,3,Finished,1,0,0.04641864
2017,13,2017-09-03,monza,MAS,williams,0,9,3,0.13533528,0.13529412,0.0,0.20421025,0.49847191,0.12272727,1.0,8,Finished,1,0,0.002536
2017,13,2017-09-03,monza,VAN,mclaren,0,10,0,0.10539922,0.06470588,0.0,0.15876937,0.5,0.00454545,0.5,19,Engine,0,0,0.00135589
2017,13,2017-09-03,monza,PER,force_india,0,11,3,0.082085,0.18823529,0.0,0.19953837,0.32431748,0.25454545,0.8,9,Finished,1,0,0.00203119
2017,13,2017-09-03,monza,HUL,renault,0,12,3,0.06392786,0.09411765,0.0,0.21997672,0.21376621,0.15454545,0.83333333,13,+1 Lap,1,0,0.00143855
2017,13,2017-09-03,monza,ALO,mclaren,0,13,3,0.04978707,0.06470588,0.0,0.1516527,0.04836448,0.04545455,0.5,17,Gearbox,0,0,0.0008005
2017,13,2017-09-03,monza,KVY,toro_rosso,0,14,3,0.03877421,0.06470588,0.0,0.09494945,0.0908377,0.01818182,0.0,12,+1 Lap,1,0,0.00056082
2017,13,2017-09-03,monza,SAI,toro_rosso,0,15,2,0.03019738,0.06470588,0.0,0.18979747,0.2398133,0.16363636,1.0,14,+1 Lap,1,0,0.00135042
2017,13,2017-09-03,monza,MAG,haas,0,16,2,0.02351775,0.11764706,0.0,0.14998904,0.24019942,0.05,0.42857143,11,+1 Lap,1,0,0.00091745
2017,13,2017-09-03,monza,PAL,renault,0,17,1,0.01831564,0.09411765,0.0,0.08965837,0.3,0.0,0.16666667,20,Engine,0,0,0.00070925
2017,13,2017-09-03,monza,ERI,sauber,0,18,3,0.01426423,0.00588235,0.0,0.09847809,0.10021149,0.0,0.42857143,18,Gearbox,0,0,0.0005953
2017,13,2017-09-03,monza,WEH,sauber,0,19,1,0.011109,0.00588235,0.0,0.09079976,0.3,0.02272727,0.57142857,16,+2 Laps,1,0,0.00076445
2017,13,2017-09-03,monza,GRO,haas,0,20,3,0.0086517,0.11764706,0.0,0.22637331,0.07937107,0.10909091,0.57142857,15,+1 Lap,1,0,0.00095077
2017,14,2017-09-17,marina_bay,VET,ferrari,0,1,3,1.0,0.79459459,0.0,0.88074855,0.90254329,0.98739496,0.90909091,18,Accident,0,0,0.762716
2017,14,2017-09-17,marina_bay,VER,red_bull,0,2,2,0.77880078,0.40540541,0.0,0.28393032,0.43826174,0.28571429,0.5,19,Accident,0,0,0.03832143
2017,14,2017-09-17,marina_bay,RIC,red_bull,0,3,3,0.60653066,0.40540541,0.0,0.57076518,1.0,0.60504202,0.5,2,Finished,1,0,0.04860951
2017,14,2017-09-17,marina_bay,RAI,ferrari,0,4,3,0.47236655,0.79459459,0.0,0.71663991,0.66087587,0.57983193,0.09090909,20,Accident,0,0,0.03589545
2017,14,2017-09-17,marina_bay,HAM,mercedes,0,5,3,0.36787944,1.0,0.0,1.0,0.67765981,1.0,0.58333333,1,Finished,1,1,0.07068173
2017,14,2017-09-17,marina_bay,BOT,mercedes,0,6,3,0.2865048,1.0,0.0,0.91689994,0.22130713,0.82773109,0.41666667,3,Finished,1,0,0.02805073
2017,14,2017-09-17,marina_bay,HUL,renault,0,7,3,0.22313016,0.08648649,0.0,0.2238358,0.05845288,0.14285714,0.83333333,14,Engine,0,0,0.00213787
2017,14,2017-09-17,marina_bay,ALO,mclaren,0,8,3,0.17377394,0.04864865,0.0,0.08977874,0.3332943,0.04201681,0.5,17,Collision damage,0,0,0.0014327
2017,14,2017-09-17,marina_bay,VAN,mclaren,0,9,0,0.13533528,0.04864865,0.0,0.11853479,0.5,0.00420168,0.5,7,Finished,1,0,0.00139035
2017,14,2017-09-17,marina_bay,SAI,toro_rosso,0,10,2,0.10539922,0.03783784,0.0,0.13197081,0.28001353,0.1512605,0.83333333,4,Finished,1,0,0.00136061
2017,14,2017-09-17,marina_bay,PAL,renault,0,11,1,0.082085,0.08648649,0.0,0.08220775,0.33098598,0.0,0.16666667,6,Finished,1,0,0.00087226
2017,14,2017-09-17,marina_bay,PER,force_india,0,12,3,0.06392786,0.18378378,0.0,0.23222833,0.3520725,0.24369748,0.72727273,5,Finished,1,0,0.00166545
2017,14,2017-09-17,marina_bay,KVY,toro_rosso,0,13,3,0.04978707,0.03783784,0.0,0.11409998,0.2875207,0.01680672,0.16666667,16,Accident,0,0,0.00072905
2017,14,2017-09-17,marina_bay,OCO,force_india,0,14,1,0.03877421,0.18378378,0.0,0.30868294,0.31700547,0.23109244,0.27272727,10,Finished,1,0,0.0012835
2017,14,2017-09-17,marina_bay,GRO,haas,0,15,3,0.03019738,0.07567568,0.0,0.20026284,0.02626457,0.10084034,0.5,9,Finished,1,0,0.00079058
2017,14,2017-09-17,marina_bay,MAG,haas,0,16,2,0.02351775,0.07567568,0.0,0.09704808,0.31187151,0.04621849,0.5,13,Engine,0,0,0.00082083
2017,14,2017-09-17,marina_bay,MAS,williams,0,17,3,0.01831564,0.0972973,0.0,0.26246597,0.19424852,0.1302521,0.83333333,11,Finished,1,0,0.00110383
2017,14,2017-09-17,marina_bay,STR,williams,0,18,0,0.01426423,0.0972973,0.0,0.1771488,0.5,0.10084034,0.16666667,8,Finished,1,0,0.00090366
2017,14,2017-09-17,marina_bay,WEH,sauber,0,19,1,0.011109,0.0,0.0,0.05506434,0.32536917,0.0210084,0.57142857,12,+2 Laps,1,0,0.00069406
2017,14,2017-09-17,marina_bay,ERI,sauber,0,20,3,0.0086517,0.0,0.0,0.0572668,0.09606353,0.0,0.42857143,15,Accident,0,0,0.00054038
2017,15,2017-10-01,sepang,HAM,mercedes,0,1,3,1.0,1.0,0.0,1.0,0.80540925,1.0,0.61538462,2,Finished,1,0,0.8084275
2017,15,2017-10-01,sepang,RAI,ferrari,0,2,3,0.77880078,0.63297872,0.0,0.54677828,0.74181618,0.52471483,0.09090909,20,Battery,0,0,0.06793146
2017,15,2017-10-01,sepang,VER,red_bull,0,3,2,0.60653066,0.41489362,0.0,0.25576779,0.825,0.25855513,0.5,1,Finished,1,1,0.0210192
2017,15,2017-10-01,sepang,RIC,red_bull,0,4,3,0.47236655,0.41489362,0.0,0.54677828,0.83738037,0.61596958,0.5,3,Finished,1,0,0.02427583
2017,15,2017-10-01,sepang,BOT,mercedes,0,5,3,0.36787944,1.0,0.0,0.75347823,0.66584415,0.80608365,0.38461538,5,Finished,1,0,0.04817786
2017,15,2017-10-01,sepang,OCO,force_india,0,6,1,0.2865048,0.18617021,0.0,0.26019286,0.33288297,0.21292776,0.25,10,+1 Lap,1,0,0.0028978
2017,15,2017-10-01,sepang,VAN,mclaren,0,7,0,0.22313016,0.07978723,0.0,0.14863266,0.5,0.02661597,0.5,7,+1 Lap,1,0,0.00196554
2017,15,2017-10-01,sepang,HUL,renault,0,8,3,0.17377394,0.12765957,0.0,0.18169071,0.39272038,0.12927757,0.83333333,16,+1 Lap,1,0,0.00216539
2017,15,2017-10-01,sepang,PER,force_india,0,9,3,0.13533528,0.18617021,0.0,0.24175962,0.32376789,0.25855513,0.75,6,Finished,1,0,0.00222129
2017,15,2017-10-01,sepang,ALO,mclaren,0,10,3,0.10539922,0.07978723,0.0,0.08087375,0.43200877,0.03802281,0.5,11,+1 Lap,1,0,0.00116459
2017,15,2017-10-01,sepang,MAS,williams,0,11,3,0.082085,0.10106383,0.0,0.21814162,0.37439057,0.11787072,0.71428571,9,+1 Lap,1,0,0.001455
2017,15,2017-10-01,sepang,PAL,renault,0,12,1,0.06392786,0.12765957,0.0,0.12517567,0.40917529,0.03041825,0.16666667,15,+1 Lap,1,0,0.00094192
2017,15,2017-10-01,sepang,STR,williams,0,13,0,0.04978707,0.10106383,0.0,0.17745011,0.5,0.10646388,0.28571429,8,+1 Lap,1,0,0.00110378
2017,15,2017-10-01,sepang,SAI,toro_rosso,0,14,2,0.03877421,0.10106383,0.0,0.23953032,0.36942116,0.18250951,0.83333333,19,Engine,0,0,0.00142552
2017,15,2017-10-01,sepang,GAS,toro_rosso,0,15,0,0.03019738,0.10106383,0.0,0.54959409,0.5,0.0,0.5,14,+1 Lap,1,0,0.00157734
2017,15,2017-10-01,sepang,GRO,haas,0,16,3,0.02351775,0.04255319,0.0,0.14390984,0.12188887,0.09885932,0.5,13,+1 Lap,1,0,0.00073151
2017,15,2017-10-01,sepang,MAG,haas,0,17,2,0.01831564,0.04255319,0.0,0.08742205,0.26422483,0.0418251,0.5,12,+1 Lap,1,0,0.00072285
2017,15,2017-10-01,sepang,WEH,sauber,0,18,1,0.01426423,0.0,0.0,0.05763318,0.34016334,0.01901141,0.57142857,17,+1 Lap,1,0,0.00070005
2017,15,2017-10-01,sepang,ERI,sauber,0,19,3,0.011109,0.0,0.0,0.03821827,0.11103431,0.0,0.42857143,18,+2 Laps,1,0,0.00051989
2017,15,2017-10-01,sepang,VET,ferrari,0,20,3,0.0086517,0.63297872,0.0,0.61340087,0.77692526,0.89353612,0.90909091,4,Finished,1,0,0.01057565
2017,16,2017-10-08,suzuka,HAM,mercedes,0,1,3,1.0,1.0,0.0,1.0,1.0,1.0,0.64285714,1,Finished,1,1,0.76818506
2017,16,2017-10-08,suzuka,BOT,mercedes,0,2,3,0.77880078,1.0,0.0,0.70017152,0.35489588,0.79003559,0.35714286,4,Finished,1,0,0.1148719
2017,16,2017-10-08,suzuka,VET,ferrari,0,3,3,0.60653066,0.63583815,0.0,0.6955542,0.72351023,0.87900356,0.90909091,19,Spark plugs,0,0,0.06938954
2017,16,2017-10-08,suzuka,RIC,red_bull,0,4,3,0.47236655,0.55491329,0.0,0.62007011,0.36616851,0.62989324,0.4,3,Finished,1,0,0.01726216
2017,16,2017-10-08,suzuka,VER,red_bull,0,5,2,0.36787944,0.55491329,0.0,0.36968796,0.60678624,0.33096085,0.6,2,Finished,1,0,0.00968025
2017,16,2017-10-08,suzuka,RAI,ferrari,0,6,3,0.2865048,0.63583815,0.0,0.41599398,0.47526555,0.4911032,0.09090909,5,Finished,1,0,0.00689933
2017,16,2017-10-08,suzuka,OCO,force_india,0,7,1,0.22313016,0.21965318,0.0,0.25237769,0.30861765,0.20284698,0.23076923,6,Finished,1,0,0.00188204
2017,16,2017-10-08,suzuka,PER,force_india,0,8,3,0.17377394,0.21965318,0.0,0.28979728,0.24669888,0.27046263,0.76923077,7,Finished,1,0,0.00216474
2017,16,2017-10-08,suzuka,MAS,williams,0,9,3,0.13533528,0.13872832,0.0,0.23766962,0.20372298,0.11743772,0.625,10,+1 Lap,1,0,0.00126965
2017,16,2017-10-08,suzuka,ALO,mclaren,0,10,3,0.10539922,0.12138728,0.0,0.11521691,0.07727114,0.03558719,0.66666667,11,+1 Lap,1,0,0.00084704
2017,16,2017-10-08,suzuka,VAN,mclaren,0,11,0,0.082085,0.12138728,0.0,0.19277681,0.5,0.04626335,0.33333333,14,+1 Lap,1,0,0.00101495
2017,16,2017-10-08,suzuka,HUL,renault,0,12,3,0.06392786,0.09248555,0.0,0.11640058,0.33545652,0.12099644,0.71428571,17,Front wing,0,0,0.00094526
2017,16,2017-10-08,suzuka,MAG,haas,0,13,2,0.04978707,0.04624277,0.0,0.09105039,0.23178772,0.03914591,0.55555556,8,Finished,1,0,0.00065386
2017,16,2017-10-08,suzuka,PAL,renault,0,14,1,0.03877421,0.09248555,0.0,0.1442941,0.35213374,0.02846975,0.28571429,12,+1 Lap,1,0,0.00068159
2017,16,2017-10-08,suzuka,SAI,toro_rosso,0,15,2,0.03019738,0.10982659,0.0,0.24947172,0.24537303,0.17081851,0.83333333,20,Accident,0,0,0.00102434
2017,16,2017-10-08,suzuka,GRO,haas,0,16,3,0.02351775,0.04624277,0.0,0.14988263,0.20134322,0.09252669,0.44444444,9,Finished,1,0,0.00061368
2017,16,2017-10-08,suzuka,GAS,toro_rosso,0,17,0,0.01831564,0.10982659,0.0,0.08502903,0.5,0.0,0.5,13,+1 Lap,1,0,0.00074608
2017,16,2017-10-08,suzuka,STR,williams,0,18,0,0.01426423,0.13872832,0.0,0.22987688,0.5,0.113879,0.375,16,Wheel,0,0,0.0009238
2017,16,2017-10-08,suzuka,ERI,sauber,0,19,3,0.011109,0.0,0.0,0.03043987,0.07120849,0.0,0.375,18,Accident,0,0,0.00039139
2017,16,2017-10-08,suzuka,WEH,sauber,0,20,1,0.0086517,0.0,0.0,0.06002517,0.30705553,0.01779359,0.625,15,+2 Laps,1,0,0.00055334
2017,17,2017-10-22,americas,HAM,mercedes,0,1,3,1.0,1.0,0.0,1.0,1.0,1.0,0.66666667,1,Finished,1,1,0.83777253
2017,17,2017-10-22,americas,VET,ferrari,0,2,3,0.77880078,0.42076503,0.0,0.4229044,0.53119672,0.80718954,0.90909091,2,Finished,1,0,0.05959235
2017,17,2017-10-22,americas,BOT,mercedes,0,3,3,0.60653066,1.0,0.0,0.60939706,0.1247507,0.76470588,0.33333333,5,Finished,1,0,0.0501166
2017,17,2017-10-22,americas,RIC,red_bull,0,4,3,0.47236655,0.65027322,0.0,0.70111876,0.5096315,0.62745098,0.33333333,18,Engine,0,0,0.02528566
2017,17,2017-10-22,americas,RAI,ferrari,0,5,3,0.36787944,0.42076503,0.0,0.30038399,0.02061772,0.48366013,0.09090909,3,Finished,1,0,0.0043942
2017,17,2017-10-22,americas,VER,red_bull,0,6,2,0.2865048,0.65027322,0.0,0.41173283,0.32188782,0.3627451,0.66666667,4,Finished,1,0,0.00804151
2017,17,2017-10-22,americas,OCO,force_india,0,7,1,0.22313016,0.25136612,0.0,0.26319237,0.31334931,0.2124183,0.28571429,6,Finished,1,0,0.00223485
2017,17,2017-10-22,americas,SAI,renault,0,8,2,0.17377394,0.08743169,0.0,0.16360825,0.39627353,0.15686275,0.83333333,7,Finished,1,0,0.00177781
2017,17,2017-10-22,americas,ALO,mclaren,0,9,3,0.13533528,0.06557377,0.0,0.05617051,0.33091063,0.03267974,0.75,17,Engine,0,0,0.00110981
2017,17,2017-10-22,americas,PER,force_india,0,10,3,0.10539922,0.25136612,0.0,0.27399313,0.25505784,0.26797386,0.71428571,8,+1 Lap,1,0,0.00185723
2017,17,2017-10-22,americas,MAS,williams,0,11,3,0.082085,0.13661202,0.0,0.20663628,0.26163638,0.11111111,0.625,9,+1 Lap,1,0,0.00114365
2017,17,2017-10-22,americas,KVY,toro_rosso,0,12,3,0.06392786,0.07103825,0.0,0.07664754,0.07533651,0.0130719,0.16666667,10,+1 Lap,1,0,0.00054053
2017,17,2017-10-22,americas,VAN,mclaren,0,13,0,0.04978707,0.06557377,0.0,0.1558368,0.5,0.04248366,0.25,12,+1 Lap,1,0,0.00082881
2017,17,2017-10-22,americas,GRO,haas,0,14,3,0.03877421,0.07650273,0.0,0.17774707,0.10589388,0.09150327,0.4,14,+1 Lap,1,0,0.00068133
2017,17,2017-10-22,americas,HUL,renault,0,15,3,0.03019738,0.08743169,0.0,0.10550174,0.0,0.11111111,0.71428571,20,Engine,0,0,0.00067799
2017,17,2017-10-22,americas,ERI,sauber,0,16,2,0.02351775,0.0,0.0,0.01725773,0.20339872,0.0,0.375,15,+1 Lap,1,0,0.00048167
2017,17,2017-10-22,americas,STR,williams,0,17,0,0.01831564,0.13661202,0.0,0.19293948,0.5,0.10457516,0.375,11,+1 Lap,1,0,0.00096008
2017,17,2017-10-22,americas,HAR,toro_rosso,0,18,0,0.01426423,0.07103825,0.0,0.51880882,0.5,0.0,0.5,13,+1 Lap,1,0,0.00119774
2017,17,2017-10-22,americas,WEH,sauber,0,19,1,0.011109,0.0,0.0,0.05440489,0.31630488,0.01633987,0.625,19,Collision,0,0,0.00060154
2017,17,2017-10-22,americas,MAG,haas,0,20,2,0.0086517,0.07650273,0.0,0.11487371,0.28336687,0.04901961,0.6,16,+1 Lap,1,0,0.00070409
2017,18,2017-10-29,rodriguez,VET,ferrari,0,1,2,1.0,0.43715847,0.0,0.4229044,0.36065996,0.80060423,0.91666667,4,Finished,1,0,0.26608959
2017,18,2017-10-29,rodriguez,VER,red_bull,0,2,2,0.77880078,0.63387978,0.0,0.52562415,0.46016127,0.37160121,0.66666667,1,Finished,1,1,0.12660988
2017,18,2017-10-29,rodriguez,HAM,mercedes,0,3,2,0.60653066,1.0,0.0,1.0,0.825,1.0,0.6875,9,+1 Lap,1,0,0.44315523
2017,18,2017-10-29,rodriguez,BOT,mercedes,0,4,2,0.47236655,1.0,0.0,0.60939706,0.47077283,0.73716012,0.3125,2,Finished,1,0,0.09356551
2017,18,2017-10-29,rodriguez,RAI,ferrari,0,5,2,0.36787944,0.43715847,0.0,0.32559984,0.32700552,0.49244713,0.08333333,3,Finished,1,0,0.01376489
2017,18,2017-10-29,rodriguez,OCO,force_india,0,6,1,0.2865048,0.30601093,0.0,0.29763773,0.3079172,0.22054381,0.33333333,5,+1 Lap,1,0,0.0074775
2017,18,2017-10-29,rodriguez,RIC,red_bull,0,7,2,0.22313016,0.63387978,0.0,0.56201158,0.58193409,0.58006042,0.33333333,20,Engine,0,0,0.02138201
2017,18,2017-10-29,rodriguez,HUL,renault,0,8,2,0.17377394,0.07650273,0.0,0.0291581,0.38656771,0.10271903,0.71428571,19,Electrical,0,0,0.00316073
2017,18,2017-10-29,rodriguez,SAI,renault,0,9,2,0.13533528,0.07650273,0.0,0.19180973,0.22181058,0.16314199,0.83333333,16,Engine,0,0,0.00322494
2017,18,2017-10-29,rodriguez,PER,force_india,0,10,2,0.10539922,0.30601093,0.0,0.3251678,0.31462513,0.25981873,0.66666667,7,+1 Lap,1,0,0.00504364
2017,18,2017-10-29,rodriguez,MAS,williams,0,11,2,0.082085,0.12568306,0.0,0.19735989,0.36482626,0.10876133,0.66666667,11,+1 Lap,1,0,0.00286876
2017,18,2017-10-29,rodriguez,STR,williams,0,12,0,0.06392786,0.12568306,0.0,0.19293948,0.5,0.09667674,0.33333333,6,+1 Lap,1,0,0.0025079
2017,18,2017-10-29,rodriguez,HAR,toro_rosso,0,13,0,0.04978707,0.07103825,0.0,0.09413055,0.5,0.0,0.5,18,Engine,0,0,0.00199175
2017,18,2017-10-29,rodriguez,ALO,mclaren,0,14,2,0.03877421,0.06557377,0.0,0.05617051,0.2124841,0.03021148,0.75,10,+1 Lap,1,0,0.00168601
2017,18,2017-10-29,rodriguez,VAN,mclaren,0,15,0,0.03019738,0.06557377,0.0,0.16341755,0.5,0.03927492,0.25,12,+1 Lap,1,0,0.00181554
2017,18,2017-10-29,rodriguez,ERI,sauber,0,16,2,0.02351775,0.0,0.0,0.01954526,0.26296793,0.0,0.375,17,Engine,0,0,0.00117917
2017,18,2017-10-29,rodriguez,WEH,sauber,0,17,1,0.01831564,0.0,0.0,0.05440489,0.3,0.01510574,0.625,14,+2 Laps,1,0,0.00141721
2017,18,2017-10-29,rodriguez,MAG,haas,0,18,1,0.01426423,0.04371585,0.0,0.11258618,0.31762005,0.04531722,0.54545455,8,+1 Lap,1,0,0.00158529
2017,18,2017-10-29,rodriguez,GRO,haas,0,19,2,0.011109,0.04371585,0.0,0.1306557,0.2320538,0.08459215,0.45454545,15,+2 Laps,1,0,0.00147445
2017,19,2017-11-12,interlagos,BOT,mercedes,0,1,3,1.0,1.0,0.0,0.73036374,0.26861095,0.78678679,0.35294118,2,Finished,1,0,0.52021175
2017,19,2017-11-12,interlagos,VET,ferrari,0,2,3,0.77880078,0.5125,0.0,0.47663061,0.57666118,0.83183183,0.84615385,1,Finished,1,1,0.16086971
2017,19,2017-11-12,interlagos,RAI,ferrari,0,3,3,0.60653066,0.5125,0.0,0.44519647,0.26974602,0.53453453,0.15384615,3,Finished,1,0,0.03808461
2017,19,2017-11-12,interlagos,VER,red_bull,0,4,2,0.47236655,0.8,0.0,0.83756642,0.5193868,0.44444444,0.66666667,5,Finished,1,0,0.09796504
2017,19,2017-11-12,interlagos,RIC,red_bull,0,5,3,0.36787944,0.8,0.0,0.53707312,0.17217434,0.57657658,0.33333333,6,Finished,1,0,0.0349684
2017,19,2017-11-12,interlagos,PER,force_india,0,6,3,0.2865048,0.3875,0.0,0.4144114,0.33129207,0.27627628,0.625,9,Finished,1,0,0.0126456
2017,19,2017-11-12,interlagos,ALO,mclaren,0,7,3,0.22313016,0.08125,0.0,0.10843319,0.19763441,0.03303303,0.8,8,Finished,1,0,0.00353316
2017,19,2017-11-12,interlagos,HUL,renault,0,8,3,0.17377394,0.0875,0.0,0.01238291,0.34401828,0.1021021,0.71428571,10,+1 Lap,1,0,0.00316355
2017,19,2017-11-12,interlagos,SAI,renault,0,9,2,0.13533528,0.0875,0.0,0.21141125,0.33109338,0.16216216,0.83333333,11,+1 Lap,1,0,0.00396759
2017,19,2017-11-12,interlagos,MAS,williams,0,10,3,0.10539922,0.13125,0.0,0.20886355,0.16906125,0.10810811,0.6,7,Finished,1,0,0.00284445
2017,19,2017-11-12,interlagos,OCO,force_india,0,11,1,0.082085,0.3875,0.0,0.3769774,0.34918432,0.24924925,0.375,18,Accident,0,0,0.00572448
2017,19,2017-11-12,interlagos,GRO,haas,0,12,3,0.06392786,0.075,0.0,0.15659115,0.09735245,0.08408408,0.41666667,15,+2 Laps,1,0,0.00180146
2017,19,2017-11-12,interlagos,VAN,mclaren,0,13,0,0.04978707,0.08125,0.0,0.22341497,0.5,0.03903904,0.2,19,Accident,0,0,0.00228708
2017,19,2017-11-12,interlagos,MAG,haas,0,14,2,0.03877421,0.075,0.0,0.1626075,0.26648082,0.05705706,0.58333333,20,Accident,0,0,0.0020819
2017,19,2017-11-12,interlagos,HAR,toro_rosso,0,15,0,0.03019738,0.08125,0.0,0.05640784,0.5,0.0,0.5,17,Engine,0,0,0.00201237
2017,19,2017-11-12,interlagos,WEH,sauber,0,16,1,0.02351775,0.0,0.0,0.0712946,0.32699293,0.01501502,0.625,14,+1 Lap,1,0,0.00164404
2017,19,2017-11-12,interlagos,GAS,toro_rosso,0,17,0,0.01831564,0.08125,0.0,0.105999,0.5,0.0,0.5,12,+1 Lap,1,0,0.00206025
2017,19,2017-11-12,interlagos,STR,williams,0,18,0,0.01426423,0.13125,0.0,0.24782418,0.5,0.12012012,0.4,16,+2 Laps,1,0,0.00274326
2017,19,2017-11-12,interlagos,ERI,sauber,0,19,2,0.011109,0.0,0.0,0.02342503,0.18978746,0.0,0.375,13,+1 Lap,1,0,0.001148
2017,19,2017-11-12,interlagos,HAM,mercedes,0,20,3,0.0086517,1.0,0.0,1.0,1.0,1.0,0.64705882,4,Finished,1,0,0.10024331
2017,20,2017-11-26,yas_marina,BOT,mercedes,0,1,3,1.0,1.0,0.0,0.80823554,0.19230156,0.8115942,0.38888889,1,Finished,1,1,0.34001375
2017,20,2017-11-26,yas_marina,HAM,mercedes,0,2,3,0.77880078,1.0,0.0,0.93517401,1.0,1.0,0.61111111,2,Finished,1,0,0.44499688
2017,20,2017-11-26,yas_marina,VET,ferrari,0,3,3,0.60653066,0.81333333,0.0,0.76406925,0.56812509,0.87536232,0.85714286,3,Finished,1,0,0.11294161
2017,20,2017-11-26,yas_marina,RIC,red_bull,0,4,3,0.47236655,0.85333333,0.0,0.44762303,0.47332253,0.57971014,0.28571429,20,Hydraulics,0,0,0.0297458
2017,20,2017-11-26,yas_marina,RAI,ferrari,0,5,3,0.36787944,0.81333333,0.0,0.64458266,0.44365819,0.55942029,0.14285714,4,Finished,1,0,0.02170066
2017,20,2017-11-26,yas_marina,VER,red_bull,0,6,2,0.2865048,0.85333333,0.0,1.0,0.41182432,0.45797101,0.71428571,5,Finished,1,0,0.03048053
2017,20,2017-11-26,yas_marina,HUL,renault,0,7,3,0.22313016,0.04666667,0.0,0.05635138,0.33571271,0.10144928,0.75,6,Finished,1,0,0.0019416
2017,20,2017-11-26,yas_marina,PER,force_india,0,8,3,0.17377394,0.35333333,0.0,0.37170793,0.34331214,0.27246377,0.625,7,Finished,1,0,0.00392233
2017,20,2017-11-26,yas_marina,OCO,force_india,0,9,1,0.13533528,0.35333333,0.0,0.35379414,0.3385082,0.24057971,0.375,8,Finished,1,0,0.00289505
2017,20,2017-11-26,yas_marina,MAS,williams,0,10,3,0.10539922,0.15333333,0.0,0.26346746,0.37811751,0.12173913,0.63636364,10,+1 Lap,1,0,0.00188346
2017,20,2017-11-26,yas_marina,ALO,mclaren,0,11,3,0.082085,0.07333333,0.0,0.17882877,0.14219239,0.04347826,0.8,9,+1 Lap,1,0,0.00119275
2017,20,2017-11-26,yas_marina,SAI,renault,0,12,2,0.06392786,0.04666667,0.0,0.11436841,0.21343913,0.15652174,0.71428571,19,Wheel,0,0,0.00111348
2017,20,2017-11-26,yas_marina,VAN,mclaren,0,13,0,0.04978707,0.07333333,0.0,0.15643024,0.5,0.03768116,0.2,12,+1 Lap,1,0,0.00102293
2017,20,2017-11-26,yas_marina,MAG,haas,0,14,2,0.03877421,0.06666667,0.0,0.17128797,0.21343913,0.05507246,0.58333333,13,+1 Lap,1,0,0.0009682
2017,20,2017-11-26,yas_marina,STR,williams,0,15,0,0.03019738,0.15333333,0.0,0.20949062,0.5,0.11594203,0.36363636,18,+1 Lap,1,0,0.00131371
2017,20,2017-11-26,yas_marina,GRO,haas,0,16,3,0.02351775,0.06666667,0.0,0.12798654,0.15533261,0.08115942,0.41666667,11,+1 Lap,1,0,0.00078745
2017,20,2017-11-26,yas_marina,GAS,toro_rosso,0,17,0,0.01831564,0.00666667,0.0,0.12003045,0.5,0.0,0.5,16,+1 Lap,1,0,0.00089979
2017,20,2017-11-26,yas_marina,WEH,sauber,0,18,1,0.01426423,0.0,0.0,0.06552996,0.33152785,0.01449275,0.55555556,14,+1 Lap,1,0,0.00075407
2017,20,2017-11-26,yas_marina,ERI,sauber,0,19,2,0.011109,0.0,0.0,0.04844315,0.22076986,0.0,0.44444444,17,+1 Lap,1,0,0.00062819
2017,20,2017-11-26,yas_marina,HAR,toro_rosso,0,20,0,0.0086517,0.00666667,0.0,0.0396127,0.5,0.0,0.5,15,+1 Lap,1,0,0.00079777
2018,1,2018-03-25,albert_park,HAM,mercedes,0,1,3,1.0,0.0,0.0,1.0,1.0,0.0,0.5,2,Finished,1,0,0.48630908
2018,1,2018-03-25,albert_park,RAI,ferrari,0,2,3,0.77880078,0.0,0.0,1.0,0.29009376,0.0,0.5,3,Finished,1,0,0.12980923
2018,1,2018-03-25,albert_park,VET,ferrari,0,3,3,0.60653066,0.0,0.0,1.0,0.95377087,0.0,0.5,1,Finished,1,1,0.12092944
2018,1,2018-03-25,albert_park,VER,red_bull,0,4,3,0.47236655,0.0,0.0,1.0,0.29867087,0.0,0.5,6,Finished,1,0,0.04548374
2018,1,2018-03-25,albert_park,RIC,red_bull,0,5,3,0.36787944,0.0,0.0,1.0,0.30029346,0.0,0.5,4,Finished,1,0,0.03177702
2018,1,2018-03-25,albert_park,MAG,haas,0,6,3,0.2865048,0.0,0.0,1.0,0.04099824,0.0,0.5,17,Wheel,0,0,0.01957639
2018,1,2018-03-25,albert_park,GRO,haas,0,7,3,0.22313016,0.0,0.0,1.0,0.13611896,0.0,0.5,16,Wheel,0,0,0.01696117
2018,1,2018-03-25,albert_park,HUL,renault,0,8,3,0.17377394,0.0,0.0,1.0,0.26258444,0.0,0.5,7,Finished,1,0,0.0158076
2018,1,2018-03-25,albert_park,SAI,renault,0,9,3,0.13533528,0.0,0.0,1.0,0.25841096,0.0,0.5,10,Finished,1,0,0.01380194
2018,1,2018-03-25,albert_park,BOT,mercedes,0,10,3,0.10539922,0.0,0.0,1.0,0.44556459,0.0,0.5,8,Finished,1,0,0.01442613
2018,1,2018-03-25,albert_park,ALO,mclaren,0,11,2,0.082085,0.0,0.0,1.0,0.175,0.0,0.5,5,Finished,1,0,0.01075886
2018,1,2018-03-25,albert_park,VAN,mclaren,0,12,1,0.06392786,0.0,0.0,1.0,0.34219791,0.0,0.5,9,Finished,1,0,0.01152849
2018,1,2018-03-25,albert_park,PER,force_india,0,13,3,0.04978707,0.0,0.0,1.0,0.23646063,0.0,0.5,11,Finished,1,0,0.01010339
2018,1,2018-03-25,albert_park,STR,williams,0,14,1,0.03877421,0.0,0.0,1.0,0.3,0.0,0.5,14,Finished,1,0,0.01022629
2018,1,2018-03-25,albert_park,OCO,force_india,0,15,1,0.03019738,0.0,0.0,1.0,0.37688961,0.0,0.5,12,Finished,1,0,0.01054819
2018,1,2018-03-25,albert_park,HAR,toro_rosso,0,16,0,0.02351775,0.0,0.0,1.0,0.5,0.0,0.5,15,+1 Lap,1,0,0.0113574
2018,1,2018-03-25,albert_park,ERI,sauber,0,17,3,0.01831564,0.0,0.0,1.0,0.06517376,0.0,0.5,19,Steering,0,0,0.00792183
2018,1,2018-03-25,albert_park,LEC,sauber,0,18,0,0.01426423,0.0,0.0,1.0,0.5,0.0,0.5,13,Finished,1,0,0.01100112
2018,1,2018-03-25,albert_park,SIR,williams,0,19,0,0.011109,0.0,0.0,1.0,0.5,0.0,0.5,20,Brakes,0,0,0.01088221
2018,1,2018-03-25,albert_park,GAS,toro_rosso,0,20,0,0.0086517,0.0,0.0,1.0,0.5,0.0,0.5,18,Engine,0,0,0.01079049
2018,2,2018-04-08,bahrain,VET,ferrari,0,1,3,1.0,1.0,0.0,1.0,0.68495271,1.0,0.5,1,Finished,1,1,0.70513868
2018,2,2018-04-08,bahrain,RAI,ferrari,0,2,3,0.77880078,1.0,0.0,0.67032005,0.85644702,0.6,0.5,18,Wheel,0,0,0.19242974
2018,2,2018-04-08,bahrain,BOT,mercedes,0,3,3,0.60653066,0.55,0.0,0.24659696,0.60742779,0.16,0.5,2,Finished,1,0,0.02010516
2018,2,2018-04-08,bahrain,HAM,mercedes,0,4,3,0.47236655,0.55,0.0,0.81873075,1.0,0.72,0.5,3,Finished,1,0,0.04980658
2018,2,2018-04-08,bahrain,RIC,red_bull,0,5,3,0.36787944,0.5,0.0,0.54881164,0.56905065,0.48,0.5,20,Electrical,0,0,0.01421131
2018,2,2018-04-08,bahrain,GAS,toro_rosso,0,6,0,0.2865048,0.0,0.0,0.0,0.5,0.0,0.5,4,Finished,1,0,0.00183921
2018,2,2018-04-08,bahrain,MAG,haas,0,7,2,0.22313016,0.0,0.0,0.0,0.21956969,0.0,0.5,5,Finished,1,0,0.00118563
2018,2,2018-04-08,bahrain,HUL,renault,0,8,3,0.17377394,0.175,0.0,0.30119421,0.16209724,0.24,0.5,6,Finished,1,0,0.00207165
2018,2,2018-04-08,bahrain,OCO,force_india,0,9,1,0.13533528,0.0,0.0,0.11080316,0.38135721,0.0,0.5,10,+1 Lap,1,0,0.00112209
2018,2,2018-04-08,bahrain,SAI,renault,0,10,3,0.10539922,0.175,0.0,0.16529889,0.0,0.04,0.5,11,+1 Lap,1,0,0.00106254
2018,2,2018-04-08,bahrain,HAR,toro_rosso,0,11,0,0.082085,0.0,0.0,0.06081006,0.5,0.0,0.5,17,+1 Lap,1,0,0.00097149
2018,2,2018-04-08,bahrain,PER,force_india,0,12,3,0.06392786,0.0,0.0,0.13533528,0.2569101,0.0,0.5,16,+1 Lap,1,0,0.00081695
2018,2,2018-04-08,bahrain,ALO,mclaren,0,13,2,0.04978707,0.3,0.0,0.44932896,0.21956969,0.4,0.5,7,+1 Lap,1,0,0.00226456
2018,2,2018-04-08,bahrain,VAN,mclaren,0,14,2,0.03877421,0.3,0.0,0.20189652,0.22943755,0.08,0.5,8,+1 Lap,1,0,0.00130662
2018,2,2018-04-08,bahrain,VER,red_bull,0,15,3,0.03019738,0.5,0.0,0.36787944,0.14402803,0.32,0.5,19,Puncture,0,0,0.00230369
2018,2,2018-04-08,bahrain,GRO,haas,0,16,3,0.02351775,0.0,0.0,0.0,0.39806619,0.0,0.5,13,+1 Lap,1,0,0.0006861
2018,2,2018-04-08,bahrain,ERI,sauber,0,17,3,0.01831564,0.0,0.0,0.0,0.06415095,0.0,0.5,9,+1 Lap,1,0,0.00051813
2018,2,2018-04-08,bahrain,SIR,williams,0,18,0,0.01426423,0.0,0.0,0.0,0.5,0.0,0.5,15,+1 Lap,1,0,0.00072011
2018,2,2018-04-08,bahrain,LEC,sauber,0,19,0,0.011109,0.0,0.0,0.09071795,0.5,0.0,0.5,12,+1 Lap,1,0,0.00078583
2018,2,2018-04-08,bahrain,STR,williams,0,20,1,0.0086517,0.0,0.0,0.07427358,0.3,0.0,0.5,14,+1 Lap,1,0,0.00065394
2018,3,2018-04-15,shanghai,VET,ferrari,0,1,3,1.0,1.0,0.0,1.0,1.0,1.0,0.5,8,Finished,1,0,0.79970168
2018,3,2018-04-15,shanghai,RAI,ferrari,0,2,3,0.77880078,1.0,0.0,0.33516002,0.60119495,0.3,0.5,3,Finished,1,0,0.0765233
2018,3,2018-04-15,shanghai,BOT,mercedes,0,3,3,0.60653066,0.84615385,0.0,0.53266386,0.38652432,0.44,0.5,2,Finished,1,0,0.03933646
2018,3,2018-04-15,shanghai,HAM,mercedes,0,4,3,0.47236655,0.84615385,0.0,0.7445254,0.99063907,0.66,0.5,4,Finished,1,0,0.05963208
2018,3,2018-04-15,shanghai,VER,red_bull,0,5,3,0.36787944,0.30769231,0.0,0.18393972,0.48809311,0.16,0.5,5,Finished,1,0,0.00465219
2018,3,2018-04-15,shanghai,RIC,red_bull,0,6,3,0.2865048,0.30769231,0.0,0.27440582,0.59868365,0.24,0.5,1,Finished,1,1,0.0045043
2018,3,2018-04-15,shanghai,HUL,renault,0,7,3,0.22313016,0.23076923,0.0,0.33453683,0.08880718,0.28,0.5,6,Finished,1,0,0.00238302
2018,3,2018-04-15,shanghai,PER,force_india,0,8,3,0.17377394,0.01538462,0.0,0.09256118,0.21094289,0.0,0.5,12,Finished,1,0,0.00099422
2018,3,2018-04-15,shanghai,SAI,renault,0,9,3,0.13533528,0.23076923,0.0,0.15031709,0.28250151,0.02,0.5,9,Finished,1,0,0.00136937
2018,3,2018-04-15,shanghai,GRO,haas,0,10,3,0.10539922,0.15384615,0.0,0.04535898,0.17664076,0.0,0.5,17,Finished,1,0,0.00089136
2018,3,2018-04-15,shanghai,MAG,haas,0,11,2,0.082085,0.15384615,0.0,0.22466448,0.30900869,0.2,0.5,10,Finished,1,0,0.00129752
2018,3,2018-04-15,shanghai,OCO,force_india,0,12,1,0.06392786,0.01538462,0.0,0.13805102,0.38422862,0.02,0.5,11,Finished,1,0,0.000833
2018,3,2018-04-15,shanghai,ALO,mclaren,0,13,3,0.04978707,0.33846154,0.0,0.37526159,0.07699109,0.32,0.5,7,Finished,1,0,0.00164306
2018,3,2018-04-15,shanghai,VAN,mclaren,0,14,1,0.03877421,0.33846154,0.0,0.22424674,0.3,0.12,0.5,13,Finished,1,0,0.00136789
2018,3,2018-04-15,shanghai,HAR,toro_rosso,0,15,0,0.03019738,0.18461538,0.0,0.05078613,0.5,0.0,0.5,20,Collision damage,0,0,0.00093411
2018,3,2018-04-15,shanghai,SIR,williams,0,16,0,0.02351775,0.0,0.0,0.03040503,0.5,0.0,0.5,15,Finished,1,0,0.00067994
2018,3,2018-04-15,shanghai,GAS,toro_rosso,0,17,0,0.01831564,0.18461538,0.0,0.27440582,0.5,0.24,0.5,18,Finished,1,0,0.00137979
2018,3,2018-04-15,shanghai,STR,williams,0,18,1,0.01426423,0.0,0.0,0.07427358,0.3,0.0,0.5,14,Finished,1,0,0.00059002
2018,3,2018-04-15,shanghai,LEC,sauber,0,19,0,0.011109,0.03076923,0.0,0.10076056,0.5,0.0,0.5,19,Finished,1,0,0.00073572
2018,3,2018-04-15,shanghai,ERI,sauber,0,20,3,0.0086517,0.03076923,0.0,0.10094826,0.10324853,0.04,0.5,16,Finished,1,0,0.00055099
2018,4,2018-04-29,baku,VET,ferrari,0,1,2,1.0,0.98823529,0.0,1.0,0.77726991,1.0,0.5,4,Finished,1,0,0.59016788
2018,4,2018-04-29,baku,HAM,mercedes,0,2,2,0.77880078,1.0,0.0,0.90708857,0.58505431,0.83333333,0.33333333,1,Finished,1,1,0.18773989
2018,4,2018-04-29,baku,BOT,mercedes,0,3,2,0.60653066,1.0,0.0,0.83862771,0.75274972,0.74074074,0.66666667,14,Puncture,0,0,0.1326324
2018,4,2018-04-29,baku,RIC,red_bull,0,4,2,0.47236655,0.64705882,0.0,0.68940342,0.825,0.68518519,0.5,17,Collision,0,0,0.03917303
2018,4,2018-04-29,baku,VER,red_bull,0,5,2,0.36787944,0.64705882,0.0,0.3637539,0.26766459,0.33333333,0.5,16,Collision,0,0,0.00893213
2018,4,2018-04-29,baku,RAI,ferrari,0,6,2,0.2865048,0.98823529,0.0,0.59674259,0.38122884,0.55555556,0.5,2,Finished,1,0,0.02142524
2018,4,2018-04-29,baku,OCO,force_india,0,7,1,0.22313016,0.01176471,0.0,0.18313802,0.50659943,0.01851852,0.66666667,19,Collision,0,0,0.00172505
2018,4,2018-04-29,baku,PER,force_india,0,8,2,0.17377394,0.01176471,0.0,0.13172167,0.42688848,0.0,0.33333333,3,Finished,1,0,0.00107688
2018,4,2018-04-29,baku,HUL,renault,0,9,2,0.13533528,0.29411765,0.0,0.46156614,0.25086735,0.40740741,1.0,18,Accident,0,0,0.00391524
2018,4,2018-04-29,baku,SAI,renault,0,10,2,0.10539922,0.29411765,0.0,0.22368529,0.30737799,0.05555556,0.0,5,Finished,1,0,0.00122361
2018,4,2018-04-29,baku,STR,williams,0,11,1,0.082085,0.0,0.0,0.09918145,0.67644871,0.0,0.5,8,Finished,1,0,0.00105072
2018,4,2018-04-29,baku,SIR,williams,0,12,0,0.06392786,0.0,0.0,0.05413527,0.5,0.0,0.5,20,Collision,0,0,0.00081087
2018,4,2018-04-29,baku,ALO,mclaren,0,13,2,0.04978707,0.32941176,0.0,0.46813799,0.28338193,0.40740741,1.0,7,Finished,1,0,0.00333389
2018,4,2018-04-29,baku,LEC,sauber,0,14,0,0.03877421,0.02352941,0.0,0.10186288,0.5,0.0,0.5,6,Finished,1,0,0.00082723
2018,4,2018-04-29,baku,MAG,haas,0,15,2,0.03019738,0.12941176,0.0,0.27358172,0.36459688,0.2037037,0.5,13,Finished,1,0,0.00124368
2018,4,2018-04-29,baku,VAN,mclaren,0,16,1,0.02351775,0.32941176,0.0,0.24001254,0.36222655,0.11111111,0.0,9,Finished,1,0,0.00113947
2018,4,2018-04-29,baku,GAS,toro_rosso,0,17,0,0.01831564,0.14117647,0.0,0.25914079,0.5,0.22222222,0.5,12,Finished,1,0,0.00137345
2018,4,2018-04-29,baku,ERI,sauber,0,18,2,0.01426423,0.02352941,0.0,0.11202881,0.26296793,0.03703704,0.5,11,Finished,1,0,0.0006554
2018,4,2018-04-29,baku,HAR,toro_rosso,0,19,0,0.011109,0.14117647,0.0,0.04521161,0.5,0.0,0.5,10,Finished,1,0,0.00086177
2018,4,2018-04-29,baku,GRO,haas,0,20,2,0.0086517,0.12941176,0.0,0.05852414,0.25778854,0.0,0.5,15,Accident,0,0,0.0006922
2018,5,2018-05-13,catalunya,HAM,mercedes,0,1,3,1.0,0.96491228,0.0,1.0,0.86830911,1.0,0.33333333,1,Finished,1,1,0.63197804
2018,5,2018-05-13,catalunya,BOT,mercedes,0,2,3,0.77880078,0.96491228,0.0,0.62019216,0.36284315,0.57142857,0.66666667,2,Finished,1,0,0.11044243
2018,5,2018-05-13,catalunya,VET,ferrari,0,3,3,0.60653066,1.0,0.0,0.92018933,1.0,0.94285714,0.33333333,4,Finished,1,0,0.16695122
2018,5,2018-05-13,catalunya,RAI,ferrari,0,4,3,0.47236655,1.0,0.0,0.71081917,0.49150929,0.68571429,0.66666667,17,Turbo,0,0,0.05406572
2018,5,2018-05-13,catalunya,VER,red_bull,0,5,3,0.36787944,0.48245614,0.0,0.26900771,0.47295955,0.25714286,0.5,3,Finished,1,0,0.00705729
2018,5,2018-05-13,catalunya,RIC,red_bull,0,6,3,0.2865048,0.48245614,0.0,0.509836,0.74245228,0.52857143,0.5,5,Finished,1,0,0.01059447
2018,5,2018-05-13,catalunya,MAG,haas,0,7,2,0.22313016,0.09649123,0.0,0.23218491,0.24043666,0.15714286,0.5,6,+1 Lap,1,0,0.00179339
2018,5,2018-05-13,catalunya,ALO,mclaren,0,8,3,0.17377394,0.31578947,0.0,0.44534986,0.06826576,0.4,1.0,8,+1 Lap,1,0,0.00356174
2018,5,2018-05-13,catalunya,SAI,renault,0,9,3,0.13533528,0.30701754,0.0,0.31333205,0.40641492,0.18571429,0.0,7,+1 Lap,1,0,0.00179941
2018,5,2018-05-13,catalunya,GRO,haas,0,10,3,0.10539922,0.09649123,0.0,0.04328048,0.17780466,0.0,0.5,18,Collision,0,0,0.00081962
2018,5,2018-05-13,catalunya,VAN,mclaren,0,11,1,0.082085,0.31578947,0.0,0.24395705,0.3,0.11428571,0.0,15,Gearbox,0,0,0.00122371
2018,5,2018-05-13,catalunya,GAS,toro_rosso,0,12,0,0.06392786,0.11403509,0.0,0.228117,0.5,0.17142857,0.5,19,Collision,0,0,0.0013137
2018,5,2018-05-13,catalunya,OCO,force_india,0,13,1,0.04978707,0.14035088,0.0,0.13543646,0.54361153,0.01428571,0.66666667,16,Oil leak,0,0,0.00116799
2018,5,2018-05-13,catalunya,LEC,sauber,0,14,0,0.03877421,0.0877193,0.0,0.196429,0.5,0.11428571,0.33333333,10,+2 Laps,1,0,0.00098616
2018,5,2018-05-13,catalunya,PER,force_india,0,15,3,0.03019738,0.14035088,0.0,0.31806758,0.49596403,0.21428571,0.33333333,9,+2 Laps,1,0,0.00127308
2018,5,2018-05-13,catalunya,HUL,renault,0,16,3,0.02351775,0.30701754,0.0,0.34134301,0.24538281,0.31428571,1.0,20,Collision,0,0,0.00201202
2018,5,2018-05-13,catalunya,ERI,sauber,0,17,3,0.01831564,0.0877193,0.0,0.12739842,0.15404596,0.02857143,0.66666667,13,+2 Laps,1,0,0.00071537
2018,5,2018-05-13,catalunya,SIR,williams,0,18,0,0.01426423,0.03508772,0.0,0.04003477,0.5,0.0,0.5,14,+3 Laps,1,0,0.00070236
2018,5,2018-05-13,catalunya,STR,williams,0,19,1,0.011109,0.03508772,0.0,0.15452237,0.32699293,0.05714286,0.5,11,+2 Laps,1,0,0.00071787
2018,5,2018-05-13,catalunya,HAR,toro_rosso,0,20,0,0.0086517,0.11403509,0.0,0.08784833,0.5,0.01428571,0.5,12,+2 Laps,1,0,0.0008244
2018,6,2018-05-27,monaco,RIC,red_bull,0,1,3,1.0,0.52287582,0.0,0.49485108,0.81854955,0.49473684,0.66666667,1,Finished,1,1,0.29904161
2018,6,2018-05-27,monaco,VET,ferrari,0,2,3,0.77880078,0.82352941,0.0,0.8282155,1.0,0.82105263,0.33333333,2,Finished,1,0,0.32370714
2018,6,2018-05-27,monaco,HAM,mercedes,0,3,3,0.60653066,1.0,0.0,1.0,0.74509577,1.0,0.5,3,Finished,1,0,0.25246893
2018,6,2018-05-27,monaco,RAI,ferrari,0,4,3,0.47236655,0.82352941,0.0,0.53478069,0.55904752,0.50526316,0.66666667,4,Finished,1,0,0.04939644
2018,6,2018-05-27,monaco,BOT,mercedes,0,5,3,0.36787944,1.0,0.0,0.66936139,0.36994605,0.61052632,0.5,5,Finished,1,0,0.04148899
2018,6,2018-05-27,monaco,OCO,force_india,0,6,1,0.2865048,0.11764706,0.0,0.10189484,0.35436574,0.01052632,0.66666667,6,Finished,1,0,0.00367046
2018,6,2018-05-27,monaco,ALO,mclaren,0,7,2,0.22313016,0.26143791,0.0,0.39612755,0.3857376,0.33684211,1.0,20,Gearbox,0,0,0.00695249
2018,6,2018-05-27,monaco,SAI,renault,0,8,3,0.17377394,0.26797386,0.0,0.31032604,0.34744082,0.2,0.0,10,Finished,1,0,0.00299872
2018,6,2018-05-27,monaco,PER,force_india,0,9,3,0.13533528,0.11764706,0.0,0.28929714,0.39616717,0.17894737,0.33333333,12,Finished,1,0,0.00244558
2018,6,2018-05-27,monaco,GAS,toro_rosso,0,10,0,0.10539922,0.08496732,0.0,0.1716225,0.5,0.12631579,0.5,7,Finished,1,0,0.00207239
2018,6,2018-05-27,monaco,HUL,renault,0,11,3,0.082085,0.26797386,0.0,0.25680743,0.18130871,0.23157895,1.0,8,Finished,1,0,0.00282192
2018,6,2018-05-27,monaco,VAN,mclaren,0,12,1,0.06392786,0.26143791,0.0,0.18353967,0.3,0.08421053,0.0,14,+1 Lap,1,0,0.00151913
2018,6,2018-05-27,monaco,SIR,williams,0,13,0,0.04978707,0.02614379,0.0,0.04851421,0.5,0.0,0.0,16,+1 Lap,1,0,0.00099737
2018,6,2018-05-27,monaco,LEC,sauber,0,14,0,0.03877421,0.07189542,0.0,0.18871945,0.5,0.09473684,0.5,18,Collision,0,0,0.00155995
2018,6,2018-05-27,monaco,GRO,haas,0,15,3,0.03019738,0.12418301,0.0,0.03256182,0.20378828,0.0,0.5,15,+1 Lap,1,0,0.00104928
2018,6,2018-05-27,monaco,HAR,toro_rosso,0,16,0,0.02351775,0.08496732,0.0,0.09353323,0.5,0.01052632,0.5,19,Collision,0,0,0.00128231
2018,6,2018-05-27,monaco,ERI,sauber,0,17,3,0.01831564,0.07189542,0.0,0.11831429,0.02529029,0.02105263,0.5,11,Finished,1,0,0.00090776
2018,6,2018-05-27,monaco,STR,williams,0,18,1,0.01426423,0.02614379,0.0,0.14977058,0.3,0.04210526,1.0,17,+2 Laps,1,0,0.00133897
2018,6,2018-05-27,monaco,MAG,haas,0,19,2,0.011109,0.12418301,0.0,0.26579044,0.25252603,0.2,0.5,13,Finished,1,0,0.00146312
2018,6,2018-05-27,monaco,VER,red_bull,0,20,3,0.0086517,0.52287582,0.0,0.36839503,0.25052722,0.34736842,0.33333333,9,Finished,1,0,0.00281746
2018,7,2018-06-10,villeneuve,VET,ferrari,0,1,3,1.0,0.74358974,0.0,0.81321256,0.61208529,0.87272727,0.5,1,Finished,1,1,0.45333206
2018,7,2018-06-10,villeneuve,BOT,mercedes,0,2,3,0.77880078,1.0,0.0,0.74702591,0.73777946,0.61818182,0.4,2,Finished,1,0,0.24738466
2018,7,2018-06-10,villeneuve,VER,red_bull,0,3,3,0.60653066,0.55769231,0.0,0.33977682,0.18844235,0.31818182,0.25,3,Finished,1,0,0.02178793
2018,7,2018-06-10,villeneuve,HAM,mercedes,0,4,3,0.47236655,1.0,0.0,1.0,1.0,1.0,0.6,5,Finished,1,0,0.20742587
2018,7,2018-06-10,villeneuve,RAI,ferrari,0,5,3,0.36787944,0.74358974,0.0,0.52394594,0.37868893,0.54545455,0.5,6,Finished,1,0,0.02416371
2018,7,2018-06-10,villeneuve,RIC,red_bull,0,6,3,0.2865048,0.55769231,0.0,0.62973631,0.42114317,0.65454545,0.75,4,Finished,1,0,0.01982606
2018,7,2018-06-10,villeneuve,HUL,renault,0,7,3,0.22313016,0.25,0.0,0.25256923,0.24659696,0.23636364,1.0,7,+1 Lap,1,0,0.00477121
2018,7,2018-06-10,villeneuve,OCO,force_india,0,8,1,0.17377394,0.16666667,0.0,0.17187862,0.44715178,0.08181818,0.75,9,+1 Lap,1,0,0.00299053
2018,7,2018-06-10,villeneuve,SAI,renault,0,9,3,0.13533528,0.25,0.0,0.32216722,0.08942234,0.18181818,0.0,8,+1 Lap,1,0,0.0019676
2018,7,2018-06-10,villeneuve,PER,force_india,0,10,3,0.10539922,0.16666667,0.0,0.29402857,0.28759356,0.15454545,0.25,14,+1 Lap,1,0,0.00196952
2018,7,2018-06-10,villeneuve,MAG,haas,0,11,2,0.082085,0.12179487,0.0,0.29925637,0.23069128,0.17272727,1.0,13,+1 Lap,1,0,0.00239998
2018,7,2018-06-10,villeneuve,HAR,toro_rosso,0,12,0,0.06392786,0.12179487,0.0,0.08146759,0.5,0.00909091,0.5,19,Collision,0,0,0.00151336
2018,7,2018-06-10,villeneuve,LEC,sauber,0,13,0,0.04978707,0.07051282,0.0,0.17259636,0.5,0.08181818,0.5,10,+1 Lap,1,0,0.00156179
2018,7,2018-06-10,villeneuve,ALO,mclaren,0,14,3,0.03877421,0.17948718,0.0,0.29571767,0.04306123,0.29090909,1.0,18,Exhaust,0,0,0.00212323
2018,7,2018-06-10,villeneuve,VAN,mclaren,0,15,1,0.03019738,0.17948718,0.0,0.15773046,0.32970943,0.07272727,0.0,16,+2 Laps,1,0,0.00114554
2018,7,2018-06-10,villeneuve,GAS,toro_rosso,0,16,0,0.02351775,0.12179487,0.0,0.25560988,0.5,0.16363636,0.5,11,+1 Lap,1,0,0.00179558
2018,7,2018-06-10,villeneuve,STR,williams,0,17,1,0.01831564,0.02564103,0.0,0.14686944,0.38075861,0.03636364,0.75,20,Collision,0,0,0.00126706
2018,7,2018-06-10,villeneuve,SIR,williams,0,18,0,0.01426423,0.02564103,0.0,0.06316591,0.5,0.0,0.25,17,+2 Laps,1,0,0.00095252
2018,7,2018-06-10,villeneuve,ERI,sauber,0,19,3,0.011109,0.07051282,0.0,0.1576243,0.07746445,0.01818182,0.5,15,+2 Laps,1,0,0.00091727
2018,7,2018-06-10,villeneuve,GRO,haas,0,20,3,0.0086517,0.12179487,0.0,0.0494389,0.13633629,0.0,0.0,12,+1 Lap,1,0,0.00070454
2018,8,2018-06-24,ricard,HAM,mercedes,0,1,0,1.0,1.0,0.0,1.0,0.5,0.99173554,0.5,1,Finished,1,1,0.60977361
2018,8,2018-06-24,ricard,BOT,mercedes,0,2,0,0.77880078,1.0,0.0,0.79202737,0.5,0.7107438,0.5,7,Finished,1,0,0.18215397
2018,8,2018-06-24,ricard,VET,ferrari,0,3,0,0.60653066,0.82119205,0.0,0.86220115,0.5,1.0,0.6,5,Finished,1,0,0.10999582
2018,8,2018-06-24,ricard,VER,red_bull,0,4,0,0.47236655,0.75496689,0.0,0.54297041,0.5,0.41322314,0.4,2,Finished,1,0,0.02539728
2018,8,2018-06-24,ricard,RIC,red_bull,0,5,0,0.36787944,0.75496689,0.0,0.81727484,0.5,0.69421488,0.6,4,Finished,1,0,0.03282918
2018,8,2018-06-24,ricard,RAI,ferrari,0,6,0,0.2865048,0.82119205,0.0,0.65579056,0.5,0.56198347,0.4,3,Finished,1,0,0.01875525
2018,8,2018-06-24,ricard,SAI,renault,0,7,0,0.22313016,0.27152318,0.0,0.3719041,0.5,0.19834711,0.0,8,Finished,1,0,0.00303857
2018,8,2018-06-24,ricard,LEC,sauber,0,8,0,0.17377394,0.06622517,0.0,0.19784891,0.5,0.08264463,0.6,10,Finished,1,0,0.00192334
2018,8,2018-06-24,ricard,MAG,haas,0,9,0,0.13533528,0.05960265,0.0,0.21952864,0.5,0.15702479,0.75,6,Finished,1,0,0.00194979
2018,8,2018-06-24,ricard,GRO,haas,0,10,0,0.10539922,0.05960265,0.0,0.05789225,0.5,0.0,0.25,11,+1 Lap,1,0,0.0010202
2018,8,2018-06-24,ricard,OCO,force_india,0,11,0,0.082085,0.17880795,0.0,0.19220902,0.5,0.09090909,0.8,19,Collision,0,0,0.00182806
2018,8,2018-06-24,ricard,HUL,renault,0,12,0,0.06392786,0.27152318,0.0,0.24960623,0.5,0.26446281,1.0,9,Finished,1,0,0.00265051
2018,8,2018-06-24,ricard,PER,force_india,0,13,0,0.04978707,0.17880795,0.0,0.31841597,0.5,0.14049587,0.2,18,Engine,0,0,0.00145127
2018,8,2018-06-24,ricard,GAS,toro_rosso,0,14,0,0.03877421,0.04635762,0.0,0.15829689,0.5,0.14876033,0.5,20,Collision,0,0,0.00112725
2018,8,2018-06-24,ricard,ERI,sauber,0,15,0,0.03019738,0.06622517,0.0,0.12866041,0.5,0.01652893,0.4,13,+1 Lap,1,0,0.0009363
2018,8,2018-06-24,ricard,ALO,mclaren,0,16,0,0.02351775,0.1192053,0.0,0.23142824,0.5,0.26446281,1.0,16,Wheel,0,0,0.00180587
2018,8,2018-06-24,ricard,HAR,toro_rosso,0,17,0,0.01831564,0.04635762,0.0,0.07526373,0.5,0.00826446,0.5,14,+1 Lap,1,0,0.00085969
2018,8,2018-06-24,ricard,VAN,mclaren,0,18,0,0.01426423,0.1192053,0.0,0.1135831,0.5,0.0661157,0.0,12,+1 Lap,1,0,0.00080525
2018,8,2018-06-24,ricard,SIR,williams,0,19,0,0.011109,0.02649007,0.0,0.06150616,0.5,0.0,0.25,15,+1 Lap,1,0,0.00070487
2018,8,2018-06-24,ricard,STR,williams,0,20,0,0.0086517,0.02649007,0.0,0.13547045,0.5,0.03305785,0.75,17,Puncture,0,0,0.00099393
2018,9,2018-07-01,red_bull_ring,BOT,mercedes,0,1,3,1.0,1.0,0.0,0.57965731,0.82379145,0.63448276,0.42857143,19,Hydraulics,0,0,0.36270058
2018,9,2018-07-01,red_bull_ring,HAM,mercedes,0,2,3,0.77880078,1.0,0.0,1.0,1.0,1.0,0.57142857,16,Fuel pressure,0,0,0.43856035
2018,9,2018-07-01,red_bull_ring,VET,ferrari,0,3,3,0.60653066,0.85526316,0.0,0.81698295,0.65923997,0.90344828,0.5,3,Finished,1,0,0.10983055
2018,9,2018-07-01,red_bull_ring,RAI,ferrari,0,4,3,0.47236655,0.85526316,0.0,0.58396768,0.55395352,0.57241379,0.5,2,Finished,1,0,0.03813322
2018,9,2018-07-01,red_bull_ring,VER,red_bull,0,5,3,0.36787944,0.71710526,0.0,0.57317198,0.41998532,0.46896552,0.5,1,Finished,1,1,0.01779035
2018,9,2018-07-01,red_bull_ring,GRO,haas,0,6,3,0.2865048,0.10526316,0.0,0.07450841,0.349007,0.0,0.2,4,+1 Lap,1,0,0.00179087
2018,9,2018-07-01,red_bull_ring,RIC,red_bull,0,7,3,0.22313016,0.71710526,0.0,0.61824496,0.64377914,0.66206897,0.5,18,Exhaust,0,0,0.01575403
2018,9,2018-07-01,red_bull_ring,MAG,haas,0,8,2,0.17377394,0.10526316,0.0,0.24465986,0.20137477,0.1862069,0.8,5,+1 Lap,1,0,0.00202224
2018,9,2018-07-01,red_bull_ring,SAI,renault,0,9,3,0.13533528,0.24342105,0.0,0.34202331,0.10410099,0.19310345,0.16666667,12,+1 Lap,1,0,0.00164603
2018,9,2018-07-01,red_bull_ring,HUL,renault,0,10,3,0.10539922,0.24342105,0.0,0.18197854,0.16563833,0.23448276,0.83333333,20,Engine,0,0,0.0018796
2018,9,2018-07-01,red_bull_ring,OCO,force_india,0,11,1,0.082085,0.17763158,0.0,0.13830692,0.43086982,0.07586207,0.8,6,+1 Lap,1,0,0.00160625
2018,9,2018-07-01,red_bull_ring,GAS,toro_rosso,0,12,0,0.06392786,0.04605263,0.0,0.13285905,0.5,0.12413793,0.5,11,+1 Lap,1,0,0.00116888
2018,9,2018-07-01,red_bull_ring,LEC,sauber,0,13,0,0.04978707,0.07236842,0.0,0.20967226,0.5,0.07586207,0.66666667,9,+1 Lap,1,0,0.00131435
2018,9,2018-07-01,red_bull_ring,ALO,mclaren,0,14,3,0.03877421,0.07894737,0.0,0.13297035,0.0,0.22068966,1.0,8,+1 Lap,1,0,0.00104759
2018,9,2018-07-01,red_bull_ring,STR,williams,0,15,1,0.03019738,0.02631579,0.0,0.10260448,0.38772466,0.02758621,0.75,14,+2 Laps,1,0,0.00093856
2018,9,2018-07-01,red_bull_ring,VAN,mclaren,0,16,1,0.02351775,0.07894737,0.0,0.10601882,0.3588036,0.05517241,0.0,15,Collision damage,0,0,0.00068721
2018,9,2018-07-01,red_bull_ring,PER,force_india,0,17,3,0.01831564,0.17763158,0.0,0.25664645,0.24252083,0.11724138,0.2,7,+1 Lap,1,0,0.00097183
2018,9,2018-07-01,red_bull_ring,SIR,williams,0,18,0,0.01426423,0.02631579,0.0,0.05476994,0.5,0.0,0.25,13,+2 Laps,1,0,0.0007051
2018,9,2018-07-01,red_bull_ring,HAR,toro_rosso,0,19,0,0.011109,0.04605263,0.0,0.08504987,0.5,0.00689655,0.5,17,Hydraulics,0,0,0.00084372
2018,9,2018-07-01,red_bull_ring,ERI,sauber,0,20,3,0.0086517,0.07236842,0.0,0.12450491,0.08969856,0.0137931,0.33333333,10,+1 Lap,1,0,0.00060869
2018,10,2018-07-08,silverstone,HAM,mercedes,0,1,3,1.0,0.94776119,0.0,0.89460217,1.0,0.99315068,0.57142857,2,Finished,1,0,0.61763826
2018,10,2018-07-08,silverstone,VET,ferrari,0,2,3,0.77880078,0.99253731,0.0,1.0,0.35349173,1.0,0.42857143,1,Finished,1,1,0.19447933
2018,10,2018-07-08,silverstone,RAI,ferrari,0,3,3,0.60653066,0.99253731,0.0,0.6898795,0.503704,0.69178082,0.57142857,3,Finished,1,0,0.07275946
2018,10,2018-07-08,silverstone,BOT,mercedes,0,4,3,0.47236655,0.94776119,0.0,0.68478739,0.49790306,0.63013699,0.42857143,4,Finished,1,0,0.03771483
2018,10,2018-07-08,silverstone,VER,red_bull,0,5,3,0.36787944,1.0,0.0,0.96388955,0.50996507,0.6369863,0.5,15,Brakes,0,0,0.04042471
2018,10,2018-07-08,silverstone,RIC,red_bull,0,6,3,0.2865048,1.0,0.0,0.73037351,0.37886232,0.65753425,0.5,5,Finished,1,0,0.02174403
2018,10,2018-07-08,silverstone,MAG,haas,0,7,2,0.22313016,0.28358209,0.0,0.39186944,0.21736591,0.25342466,0.66666667,9,Finished,1,0,0.00292649
2018,10,2018-07-08,silverstone,GRO,haas,0,8,3,0.17377394,0.28358209,0.0,0.24540097,0.04123543,0.08219178,0.33333333,16,Collision,0,0,0.00136038
2018,10,2018-07-08,silverstone,LEC,sauber,0,9,0,0.13533528,0.04477612,0.0,0.20010177,0.5,0.0890411,0.71428571,19,Tyre,0,0,0.00138796
2018,10,2018-07-08,silverstone,OCO,force_india,0,10,1,0.10539922,0.19402985,0.0,0.26888556,0.39863879,0.13013699,0.83333333,7,Finished,1,0,0.00170001
2018,10,2018-07-08,silverstone,HUL,renault,0,11,3,0.082085,0.20149254,0.0,0.21498324,0.33150568,0.23287671,0.83333333,6,Finished,1,0,0.00153884
2018,10,2018-07-08,silverstone,PER,force_india,0,12,3,0.06392786,0.19402985,0.0,0.19734147,0.25470927,0.15753425,0.16666667,10,Finished,1,0,0.00089635
2018,10,2018-07-08,silverstone,ALO,mclaren,0,13,3,0.04978707,0.05970149,0.0,0.14143013,0.06643273,0.24657534,1.0,8,Finished,1,0,0.00091848
2018,10,2018-07-08,silverstone,GAS,toro_rosso,0,14,0,0.03877421,0.04477612,0.0,0.16399007,0.5,0.12328767,0.5,13,Finished,1,0,0.00088486
2018,10,2018-07-08,silverstone,ERI,sauber,0,15,3,0.03019738,0.04477612,0.0,0.15567833,0.06451874,0.02054795,0.28571429,18,Accident,0,0,0.00050156
2018,10,2018-07-08,silverstone,SAI,renault,0,16,3,0.02351775,0.20149254,0.0,0.30697775,0.07846267,0.19178082,0.16666667,17,Collision,0,0,0.00079397
2018,10,2018-07-08,silverstone,VAN,mclaren,0,17,1,0.01831564,0.05970149,0.0,0.06735042,0.35413411,0.05479452,0.0,11,Finished,1,0,0.0005015
2018,10,2018-07-08,silverstone,SIR,williams,0,18,0,0.01426423,0.0,0.0,0.09071795,0.5,0.0,0.4,14,Finished,1,0,0.00060749
2018,10,2018-07-08,silverstone,STR,williams,0,19,1,0.011109,0.0,0.0,0.07179734,0.31991483,0.02739726,0.6,12,Finished,1,0,0.00057604
2018,10,2018-07-08,silverstone,HAR,toro_rosso,0,20,0,0.0086517,0.04477612,0.0,0.05307329,0.5,0.00684932,0.5,20,Power Unit,0,0,0.00064545
2018,11,2018-07-22,hockenheimring,VET,ferrari,0,1,3,1.0,1.0,0.0,1.0,0.71754163,1.0,0.5,18,Accident,0,0,0.72599544
2018,11,2018-07-22,hockenheimring,BOT,mercedes,0,2,2,0.77880078,0.70807453,0.0,0.53780125,0.61706735,0.60818713,0.375,2,Finished,1,0,0.08522784
2018,11,2018-07-22,hockenheimring,RAI,ferrari,0,3,3,0.60653066,1.0,0.0,0.78104756,0.54097236,0.67836257,0.5,3,Finished,1,0,0.09978894
2018,11,2018-07-22,hockenheimring,VER,red_bull,0,4,1,0.47236655,0.73913043,0.0,0.68326253,0.7,0.54385965,0.5,4,Finished,1,0,0.03922538
2018,11,2018-07-22,hockenheimring,MAG,haas,0,5,2,0.36787944,0.19875776,0.0,0.30483115,0.28401247,0.22807018,0.66666667,11,Finished,1,0,0.00499286
2018,11,2018-07-22,hockenheimring,GRO,haas,0,6,3,0.2865048,0.19875776,0.0,0.21728736,0.07283128,0.07017544,0.33333333,6,Finished,1,0,0.00217794
2018,11,2018-07-22,hockenheimring,HUL,renault,0,7,3,0.22313016,0.18012422,0.0,0.28376317,0.41566197,0.24561404,0.83333333,5,Finished,1,0,0.00352047
2018,11,2018-07-22,hockenheimring,SAI,renault,0,8,1,0.17377394,0.18012422,0.0,0.19533311,0.34432126,0.16374269,0.16666667,12,Finished,1,0,0.00172326
2018,11,2018-07-22,hockenheimring,LEC,sauber,0,9,0,0.13533528,0.0310559,0.0,0.13520644,0.5,0.07602339,0.71428571,15,+1 Lap,1,0,0.00156776
2018,11,2018-07-22,hockenheimring,PER,force_india,0,10,3,0.10539922,0.19254658,0.0,0.16544109,0.31528212,0.14035088,0.14285714,7,Finished,1,0,0.00127341
2018,11,2018-07-22,hockenheimring,ALO,mclaren,0,11,3,0.082085,0.04968944,0.0,0.12522762,0.62747058,0.23391813,1.0,16,Retired,0,0,0.00191206
2018,11,2018-07-22,hockenheimring,SIR,williams,0,12,0,0.06392786,0.0,0.0,0.08032513,0.5,0.0,0.33333333,19,Engine,0,0,0.00086169
2018,11,2018-07-22,hockenheimring,ERI,sauber,0,13,2,0.04978707,0.0310559,0.0,0.11480919,0.20736159,0.01754386,0.28571429,9,Finished,1,0,0.0007016
2018,11,2018-07-22,hockenheimring,HAM,mercedes,0,14,3,0.03877421,0.70807453,0.0,0.74608848,0.99628395,0.95321637,0.625,1,Finished,1,1,0.01669472
2018,11,2018-07-22,hockenheimring,RIC,red_bull,0,15,3,0.03019738,0.73913043,0.0,0.64670052,0.76056298,0.61988304,0.5,20,Engine,0,0,0.00915496
2018,11,2018-07-22,hockenheimring,OCO,force_india,0,16,0,0.02351775,0.19254658,0.0,0.31455819,0.5,0.14619883,0.85714286,8,Finished,1,0,0.00186373
2018,11,2018-07-22,hockenheimring,GAS,toro_rosso,0,17,0,0.01831564,0.03726708,0.0,0.16823739,0.5,0.10526316,0.5,14,+1 Lap,1,0,0.00100914
2018,11,2018-07-22,hockenheimring,HAR,toro_rosso,0,18,0,0.01426423,0.03726708,0.0,0.01885892,0.5,0.00584795,0.5,10,Finished,1,0,0.00078284
2018,11,2018-07-22,hockenheimring,STR,williams,0,19,0,0.011109,0.0,0.0,0.05734311,0.5,0.02339181,0.66666667,17,Engine,0,0,0.00084094
2018,11,2018-07-22,hockenheimring,VAN,mclaren,0,20,0,0.0086517,0.04968944,0.0,0.09399781,0.5,0.04678363,0.0,13,Finished,1,0,0.00068504
2018,12,2018-07-29,hungaroring,HAM,mercedes,0,1,3,1.0,0.90410959,0.0,1.0,0.76041587,1.0,0.66666667,1,Finished,1,1,0.65330796
2018,12,2018-07-29,hungaroring,BOT,mercedes,0,2,3,0.77880078,0.90410959,0.0,0.76114501,0.45484613,0.64893617,0.33333333,5,Finished,1,0,0.11709459
2018,12,2018-07-29,hungaroring,RAI,ferrari,0,3,3,0.60653066,1.0,0.0,0.97843081,0.57120505,0.69680851,0.5,3,Finished,1,0,0.10178678
2018,12,2018-07-29,hungaroring,VET,ferrari,0,4,3,0.47236655,1.0,0.0,0.95458752,1.0,0.90957447,0.5,2,Finished,1,0,0.09304714
2018,12,2018-07-29,hungaroring,SAI,renault,0,5,3,0.36787944,0.23287671,0.0,0.21872313,0.25147017,0.14893617,0.14285714,9,+1 Lap,1,0,0.00310618
2018,12,2018-07-29,hungaroring,GAS,toro_rosso,0,6,0,0.2865048,0.00684932,0.0,0.1333091,0.5,0.09574468,0.33333333,6,Finished,1,0,0.00192071
2018,12,2018-07-29,hungaroring,VER,red_bull,0,7,3,0.22313016,0.71232877,0.0,0.92956148,0.55104692,0.55851064,0.5,19,Power loss,0,0,0.01313524
2018,12,2018-07-29,hungaroring,HAR,toro_rosso,0,8,0,0.17377394,0.00684932,0.0,0.07330725,0.5,0.0106383,0.66666667,11,+1 Lap,1,0,0.00127203
2018,12,2018-07-29,hungaroring,MAG,haas,0,9,2,0.13533528,0.2739726,0.0,0.38100839,0.23450435,0.20744681,0.57142857,7,+1 Lap,1,0,0.00193319
2018,12,2018-07-29,hungaroring,GRO,haas,0,10,3,0.10539922,0.2739726,0.0,0.35581648,0.10752151,0.10638298,0.42857143,10,+1 Lap,1,0,0.00133687
2018,12,2018-07-29,hungaroring,ALO,mclaren,0,11,3,0.082085,0.05479452,0.0,0.15091338,0.42638438,0.21276596,1.0,8,+1 Lap,1,0,0.00130111
2018,12,2018-07-29,hungaroring,RIC,red_bull,0,12,3,0.06392786,0.71232877,0.0,0.47335495,0.42691734,0.56382979,0.5,4,Finished,1,0,0.00413182
2018,12,2018-07-29,hungaroring,HUL,renault,0,13,3,0.04978707,0.23287671,0.0,0.40400092,0.0614113,0.27659574,0.85714286,12,+1 Lap,1,0,0.00141231
2018,12,2018-07-29,hungaroring,ERI,sauber,0,14,3,0.03877421,0.04794521,0.0,0.1587252,0.07860023,0.02659574,0.375,15,+2 Laps,1,0,0.00056613
2018,12,2018-07-29,hungaroring,STR,williams,0,15,1,0.03019738,0.0,0.0,0.05663199,0.33468945,0.0212766,0.66666667,17,+2 Laps,1,0,0.00063287
2018,12,2018-07-29,hungaroring,VAN,mclaren,0,16,1,0.02351775,0.05479452,0.0,0.11830979,0.37720278,0.04255319,0.0,18,Gearbox,0,0,0.0005478
2018,12,2018-07-29,hungaroring,LEC,sauber,0,17,0,0.01831564,0.04794521,0.0,0.18154636,0.5,0.06914894,0.625,20,Suspension,0,0,0.00083271
2018,12,2018-07-29,hungaroring,OCO,force_india,0,18,1,0.01426423,0.2260274,0.0,0.34196656,0.39429569,0.15425532,0.75,13,+1 Lap,1,0,0.00126959
2018,12,2018-07-29,hungaroring,PER,force_india,0,19,3,0.011109,0.2260274,0.0,0.25763326,0.18115775,0.15957447,0.25,14,+1 Lap,1,0,0.00079562
2018,12,2018-07-29,hungaroring,SIR,williams,0,20,0,0.0086517,0.0,0.0,0.08156638,0.5,0.0,0.33333333,16,+2 Laps,1,0,0.00056934
2018,13,2018-08-26,spa,HAM,mercedes,0,1,3,1.0,0.95205479,0.0,1.0,1.0,1.0,0.7,2,Finished,1,0,0.73464861
2018,13,2018-08-26,spa,VET,ferrari,0,2,3,0.77880078,1.0,0.0,0.76946503,0.54653323,0.88732394,0.55555556,1,Finished,1,1,0.17820734
2018,13,2018-08-26,spa,OCO,force_india,0,3,2,0.60653066,0.21232877,0.0,0.26354007,0.27612938,0.13615023,0.77777778,6,Finished,1,0,0.00769904
2018,13,2018-08-26,spa,PER,force_india,0,4,3,0.47236655,0.21232877,0.0,0.22048187,0.27381077,0.14084507,0.22222222,5,Finished,1,0,0.00365287
2018,13,2018-08-26,spa,GRO,haas,0,5,3,0.36787944,0.32191781,0.0,0.31877745,0.35539725,0.09859155,0.375,7,Finished,1,0,0.00403643
2018,13,2018-08-26,spa,RAI,ferrari,0,6,3,0.2865048,1.0,0.0,0.91653776,0.42693787,0.68544601,0.44444444,17,Brakes,0,0,0.0352173
2018,13,2018-08-26,spa,VER,red_bull,0,7,3,0.22313016,0.60958904,0.0,0.61998149,0.11072035,0.49295775,0.5,3,Finished,1,0,0.00727072
2018,13,2018-08-26,spa,RIC,red_bull,0,8,3,0.17377394,0.60958904,0.0,0.40509592,0.63143226,0.55399061,0.5,16,Retired,0,0,0.00803775
2018,13,2018-08-26,spa,MAG,haas,0,9,2,0.13533528,0.32191781,0.0,0.38118278,0.20097571,0.21126761,0.625,8,Finished,1,0,0.00240788
2018,13,2018-08-26,spa,BOT,mercedes,0,10,3,0.10539922,0.95205479,0.0,0.55465172,0.31583346,0.61971831,0.3,4,Finished,1,0,0.00986316
2018,13,2018-08-26,spa,GAS,toro_rosso,0,11,0,0.082085,0.06164384,0.0,0.17498124,0.5,0.12206573,0.5,9,Finished,1,0,0.00118515
2018,13,2018-08-26,spa,HAR,toro_rosso,0,12,0,0.06392786,0.06164384,0.0,0.09817601,0.5,0.00938967,0.5,14,+1 Lap,1,0,0.00093059
2018,13,2018-08-26,spa,LEC,sauber,0,13,0,0.04978707,0.04109589,0.0,0.11208056,0.5,0.06103286,0.625,18,Accident,0,0,0.00098138
2018,13,2018-08-26,spa,ERI,sauber,0,14,3,0.03877421,0.04109589,0.0,0.13583661,0.06725315,0.02347418,0.375,10,+1 Lap,1,0,0.00056954
2018,13,2018-08-26,spa,HUL,renault,0,15,3,0.03019738,0.17808219,0.0,0.29588577,0.38190047,0.24413146,0.75,20,Accident,0,0,0.00162467
2018,13,2018-08-26,spa,SAI,renault,0,16,3,0.02351775,0.17808219,0.0,0.1754771,0.08394113,0.14084507,0.25,11,+1 Lap,1,0,0.00074691
2018,13,2018-08-26,spa,ALO,mclaren,0,17,3,0.01831564,0.08219178,0.0,0.19372691,0.13009943,0.20657277,1.0,19,Accident,0,0,0.00106143
2018,13,2018-08-26,spa,SIR,williams,0,18,0,0.01426423,0.0,0.0,0.07216761,0.5,0.0,0.42857143,12,+1 Lap,1,0,0.00067301
2018,13,2018-08-26,spa,STR,williams,0,19,1,0.011109,0.0,0.0,0.05913979,0.36047816,0.01877934,0.57142857,13,+1 Lap,1,0,0.00063899
2018,13,2018-08-26,spa,VAN,mclaren,0,20,1,0.0086517,0.08219178,0.0,0.08821161,0.33319112,0.03755869,0.0,15,+1 Lap,1,0,0.00054722
2018,14,2018-09-02,monza,RAI,ferrari,0,1,3,1.0,1.0,0.0,0.77793013,0.51042193,0.63203463,0.44444444,2,Finished,1,0,0.30483734
2018,14,2018-09-02,monza,VET,ferrari,0,2,3,0.77880078,1.0,0.0,0.95919937,0.74714237,0.92640693,0.55555556,4,Finished,1,0,0.32902971
2018,14,2018-09-02,monza,HAM,mercedes,0,3,3,0.60653066,0.94520548,0.0,1.0,1.0,1.0,0.72727273,1,Finished,1,1,0.27562943
2018,14,2018-09-02,monza,BOT,mercedes,0,4,3,0.47236655,0.94520548,0.0,0.65036647,0.65150966,0.62337662,0.27272727,3,Finished,1,0,0.05132784
2018,14,2018-09-02,monza,VER,red_bull,0,5,3,0.36787944,0.50684932,0.0,0.61007702,0.2081588,0.51948052,0.5,5,Finished,1,0,0.01247853
2018,14,2018-09-02,monza,GRO,haas,0,6,3,0.2865048,0.33561644,0.0,0.38026084,0.07502962,0.11688312,0.44444444,20,Disqualified,0,0,0.00346559
2018,14,2018-09-02,monza,SAI,renault,0,7,3,0.22313016,0.1369863,0.0,0.1536341,0.08900065,0.12987013,0.25,8,Finished,1,0,0.00146886
2018,14,2018-09-02,monza,OCO,force_india,0,8,2,0.17377394,0.33561644,0.0,0.37780964,0.33374809,0.16017316,0.7,6,Finished,1,0,0.00368244
2018,14,2018-09-02,monza,GAS,toro_rosso,0,9,0,0.13533528,0.07534247,0.0,0.23920604,0.5,0.12121212,0.6,14,+1 Lap,1,0,0.00193677
2018,14,2018-09-02,monza,STR,williams,0,10,1,0.10539922,0.0,0.0,0.08702687,0.42785174,0.01731602,0.5,9,+1 Lap,1,0,0.00106713
2018,14,2018-09-02,monza,MAG,haas,0,11,2,0.082085,0.33561644,0.0,0.36683603,0.24149068,0.21212121,0.55555556,16,+1 Lap,1,0,0.00247538
2018,14,2018-09-02,monza,SIR,williams,0,12,0,0.06392786,0.0,0.0,0.08950796,0.5,0.0,0.5,10,+1 Lap,1,0,0.00099227
2018,14,2018-09-02,monza,ALO,mclaren,0,13,3,0.04978707,0.08219178,0.0,0.20338109,0.03312805,0.19047619,1.0,18,Engine,0,0,0.00128275
2018,14,2018-09-02,monza,HUL,renault,0,14,3,0.03877421,0.1369863,0.0,0.25512615,0.17221663,0.22510823,0.75,13,+1 Lap,1,0,0.00146402
2018,14,2018-09-02,monza,RIC,red_bull,0,15,3,0.03019738,0.50684932,0.0,0.27440582,0.47592249,0.51082251,0.5,17,Engine,0,0,0.00385337
2018,14,2018-09-02,monza,PER,force_india,0,16,3,0.02351775,0.33561644,0.0,0.35499753,0.26937968,0.17316017,0.3,7,Finished,1,0,0.0017713
2018,14,2018-09-02,monza,LEC,sauber,0,17,0,0.01831564,0.04109589,0.0,0.0722225,0.5,0.05627706,0.625,11,+1 Lap,1,0,0.0010189
2018,14,2018-09-02,monza,HAR,toro_rosso,0,18,0,0.01426423,0.07534247,0.0,0.10306851,0.5,0.00865801,0.4,19,Brakes,0,0,0.0009384
2018,14,2018-09-02,monza,ERI,sauber,0,19,3,0.011109,0.04109589,0.0,0.16310945,0.06550502,0.02597403,0.375,15,+1 Lap,1,0,0.00065058
2018,14,2018-09-02,monza,VAN,mclaren,0,20,1,0.0086517,0.08219178,0.0,0.0788636,0.3,0.03463203,0.0,12,+1 Lap,1,0,0.00062938
2018,15,2018-09-16,marina_bay,HAM,mercedes,0,1,3,1.0,1.0,0.0,1.0,0.81568831,1.0,0.75,1,Finished,1,1,0.82700052
2018,15,2018-09-16,marina_bay,VER,red_bull,0,2,3,0.77880078,0.33146067,0.0,0.35977887,0.21142154,0.5078125,0.5,2,Finished,1,0,0.03089276
2018,15,2018-09-16,marina_bay,VET,ferrari,0,3,3,0.60653066,0.80337079,0.0,0.72616072,0.45221342,0.8828125,0.5,3,Finished,1,0,0.06599397
2018,15,2018-09-16,marina_bay,BOT,mercedes,0,4,3,0.47236655,1.0,0.0,0.65466916,0.49688026,0.62109375,0.25,4,Finished,1,0,0.03626604
2018,15,2018-09-16,marina_bay,RAI,ferrari,0,5,3,0.36787944,0.80337079,0.0,0.610181,0.39935882,0.640625,0.5,5,Finished,1,0,0.01873767
2018,15,2018-09-16,marina_bay,RIC,red_bull,0,6,3,0.2865048,0.33146067,0.0,0.21523426,1.0,0.4609375,0.5,6,Finished,1,0,0.00663289
2018,15,2018-09-16,marina_bay,PER,force_india,0,7,3,0.22313016,0.2752809,0.0,0.27844756,0.42890332,0.1796875,0.27272727,16,+1 Lap,1,0,0.00250876
2018,15,2018-09-16,marina_bay,GRO,haas,0,8,3,0.17377394,0.15168539,0.0,0.1799201,0.11208953,0.10546875,0.44444444,15,+1 Lap,1,0,0.00129845
2018,15,2018-09-16,marina_bay,OCO,force_india,0,9,2,0.13533528,0.2752809,0.0,0.29634058,0.26310561,0.17578125,0.72727273,20,Collision,0,0,0.00196514
2018,15,2018-09-16,marina_bay,HUL,renault,0,10,3,0.10539922,0.13483146,0.0,0.21967396,0.0,0.203125,0.66666667,10,+1 Lap,1,0,0.00110412
2018,15,2018-09-16,marina_bay,ALO,mclaren,0,11,3,0.082085,0.04494382,0.0,0.10634998,0.11705255,0.171875,1.0,7,Finished,1,0,0.00098629
2018,15,2018-09-16,marina_bay,SAI,renault,0,12,3,0.06392786,0.13483146,0.0,0.1497871,0.3896005,0.1328125,0.33333333,8,+1 Lap,1,0,0.00094873
2018,15,2018-09-16,marina_bay,LEC,sauber,0,13,0,0.04978707,0.01685393,0.0,0.04229584,0.5,0.05078125,0.66666667,9,+1 Lap,1,0,0.00081662
2018,15,2018-09-16,marina_bay,ERI,sauber,0,14,3,0.03877421,0.01685393,0.0,0.10540584,0.05340927,0.0234375,0.33333333,11,+1 Lap,1,0,0.00051094
2018,15,2018-09-16,marina_bay,GAS,toro_rosso,0,15,0,0.03019738,0.06179775,0.0,0.17445774,0.5,0.109375,0.6,13,+1 Lap,1,0,0.00092594
2018,15,2018-09-16,marina_bay,MAG,haas,0,16,2,0.02351775,0.15168539,0.0,0.20157796,0.22903701,0.19140625,0.55555556,18,+2 Laps,1,0,0.00089505
2018,15,2018-09-16,marina_bay,HAR,toro_rosso,0,17,0,0.01831564,0.06179775,0.0,0.08084331,0.5,0.0078125,0.4,17,+1 Lap,1,0,0.00068557
2018,15,2018-09-16,marina_bay,VAN,mclaren,0,18,1,0.01426423,0.04494382,0.0,0.08575089,0.44715178,0.03125,0.0,12,+1 Lap,1,0,0.00054285
2018,15,2018-09-16,marina_bay,SIR,williams,0,19,0,0.011109,0.01685393,0.0,0.08628917,0.5,0.00390625,0.44444444,19,+2 Laps,1,0,0.00064176
2018,15,2018-09-16,marina_bay,STR,williams,0,20,1,0.0086517,0.01685393,0.0,0.09578081,0.42047768,0.0234375,0.55555556,14,+1 Lap,1,0,0.00064593
2018,16,2018-09-30,sochi,BOT,mercedes,0,1,3,1.0,1.0,0.0,0.63004206,0.85341166,0.60854093,0.23076923,2,Finished,1,0,0.3597813
2018,16,2018-09-30,sochi,HAM,mercedes,0,2,3,0.77880078,1.0,0.0,1.0,1.0,1.0,0.76923077,1,Finished,1,1,0.49901441
2018,16,2018-09-30,sochi,VET,ferrari,0,3,3,0.60653066,0.69189189,0.0,0.63042793,0.75718515,0.85765125,0.54545455,3,Finished,1,0,0.0775608
2018,16,2018-09-30,sochi,RAI,ferrari,0,4,3,0.47236655,0.69189189,0.0,0.54136658,0.77860813,0.61921708,0.45454545,4,Finished,1,0,0.03576487
2018,16,2018-09-30,sochi,MAG,haas,0,5,2,0.36787944,0.13513514,0.0,0.15902254,0.33139461,0.17437722,0.5,8,+1 Lap,1,0,0.00367446
2018,16,2018-09-30,sochi,OCO,force_india,0,6,1,0.2865048,0.22702703,0.0,0.22268806,0.46341767,0.16014235,0.72727273,9,+1 Lap,1,0,0.00417974
2018,16,2018-09-30,sochi,LEC,sauber,0,7,0,0.22313016,0.02702703,0.0,0.08260305,0.5,0.05338078,0.7,7,Finished,1,0,0.00200656
2018,16,2018-09-30,sochi,PER,force_india,0,8,3,0.17377394,0.22702703,0.0,0.2440016,0.52059619,0.16370107,0.27272727,10,+1 Lap,1,0,0.00243317
2018,16,2018-09-30,sochi,GRO,haas,0,9,3,0.13533528,0.13513514,0.0,0.18577145,0.1064279,0.09608541,0.5,11,+1 Lap,1,0,0.0013373
2018,16,2018-09-30,sochi,ERI,sauber,0,10,3,0.10539922,0.02702703,0.0,0.12952598,0.06954803,0.02135231,0.3,13,+1 Lap,1,0,0.00080315
2018,16,2018-09-30,sochi,VER,red_bull,0,11,3,0.082085,0.40540541,0.0,0.51615073,0.32799236,0.52669039,0.57142857,5,Finished,1,0,0.00410588
2018,16,2018-09-30,sochi,RIC,red_bull,0,12,3,0.06392786,0.40540541,0.0,0.19023497,0.05840887,0.44839858,0.42857143,6,Finished,1,0,0.00192112
2018,16,2018-09-30,sochi,GAS,toro_rosso,0,13,0,0.04978707,0.05945946,0.0,0.16789506,0.5,0.09964413,0.66666667,19,Brakes,0,0,0.00129641
2018,16,2018-09-30,sochi,SAI,renault,0,14,3,0.03877421,0.11351351,0.0,0.19532714,0.1497365,0.13523132,0.4,17,+2 Laps,1,0,0.00095332
2018,16,2018-09-30,sochi,HUL,renault,0,15,3,0.03019738,0.11351351,0.0,0.16937011,0.15203986,0.1886121,0.6,12,+1 Lap,1,0,0.00103749
2018,16,2018-09-30,sochi,HAR,toro_rosso,0,16,0,0.02351775,0.05945946,0.0,0.08626129,0.5,0.00711744,0.33333333,20,Brakes,0,0,0.00085546
2018,16,2018-09-30,sochi,ALO,mclaren,0,17,3,0.01831564,0.05405405,0.0,0.11367956,0.20049239,0.17793594,1.0,14,+1 Lap,1,0,0.00107722
2018,16,2018-09-30,sochi,SIR,williams,0,18,0,0.01426423,0.01621622,0.0,0.07329997,0.5,0.00355872,0.4,18,+2 Laps,1,0,0.0007899
2018,16,2018-09-30,sochi,VAN,mclaren,0,19,1,0.011109,0.05405405,0.0,0.07743415,0.3402983,0.02846975,0.0,16,+2 Laps,1,0,0.00061304
2018,16,2018-09-30,sochi,STR,williams,0,20,1,0.0086517,0.01621622,0.0,0.08459702,0.37342829,0.02135231,0.6,15,+1 Lap,1,0,0.00079439
2018,17,2018-10-07,suzuka,HAM,mercedes,0,1,3,1.0,1.0,0.0,1.0,1.0,1.0,0.78571429,1,Finished,1,1,0.82695037
2018,17,2018-10-07,suzuka,BOT,mercedes,0,2,3,0.77880078,1.0,0.0,0.63004206,0.45154098,0.61764706,0.21428571,2,Finished,1,0,0.09382202
2018,17,2018-10-07,suzuka,VER,red_bull,0,3,3,0.60653066,0.43783784,0.0,0.49550574,0.75806029,0.51633987,0.625,3,Finished,1,0,0.02811276
2018,17,2018-10-07,suzuka,RAI,ferrari,0,4,3,0.47236655,0.75675676,0.0,0.51615073,0.52724578,0.60784314,0.41666667,5,Finished,1,0,0.02345419
2018,17,2018-10-07,suzuka,GRO,haas,0,5,3,0.36787944,0.11351351,0.0,0.13751307,0.22710891,0.08823529,0.45454545,8,Finished,1,0,0.00224574
2018,17,2018-10-07,suzuka,HAR,toro_rosso,0,6,0,0.2865048,0.05405405,0.0,0.05195789,0.5,0.00653595,0.33333333,13,+1 Lap,1,0,0.00155154
2018,17,2018-10-07,suzuka,GAS,toro_rosso,0,7,1,0.22313016,0.05405405,0.0,0.15248154,0.34053972,0.09150327,0.66666667,11,+1 Lap,1,0,0.00154519
2018,17,2018-10-07,suzuka,OCO,force_india,0,8,2,0.17377394,0.18918919,0.0,0.21341167,0.33762051,0.15359477,0.75,9,Finished,1,0,0.00185554
2018,17,2018-10-07,suzuka,VET,ferrari,0,9,3,0.13533528,0.75675676,0.0,0.76953511,0.36528509,0.83660131,0.58333333,6,Finished,1,0,0.01105724
2018,17,2018-10-07,suzuka,PER,force_india,0,10,3,0.10539922,0.18918919,0.0,0.21580013,0.28814992,0.15359477,0.25,7,Finished,1,0,0.00110548
2018,17,2018-10-07,suzuka,LEC,sauber,0,11,0,0.082085,0.04864865,0.0,0.13248842,0.5,0.06862745,0.72727273,18,Mechanical,0,0,0.00105873
2018,17,2018-10-07,suzuka,MAG,haas,0,12,2,0.06392786,0.11351351,0.0,0.18211196,0.30254546,0.17320261,0.54545455,20,Collision damage,0,0,0.00098158
2018,17,2018-10-07,suzuka,SAI,renault,0,13,3,0.04978707,0.05945946,0.0,0.18079199,0.0564603,0.12418301,0.36363636,10,+1 Lap,1,0,0.00062481
2018,17,2018-10-07,suzuka,STR,williams,0,14,1,0.03877421,0.01621622,0.0,0.09721654,0.3,0.01960784,0.63636364,17,+1 Lap,1,0,0.00065774
2018,17,2018-10-07,suzuka,RIC,red_bull,0,15,3,0.03019738,0.43783784,0.0,0.2665786,0.48660826,0.4379085,0.375,4,Finished,1,0,0.00202355
2018,17,2018-10-07,suzuka,HUL,renault,0,16,3,0.02351775,0.05945946,0.0,0.09911804,0.18106502,0.17320261,0.63636364,19,Engine,0,0,0.00068502
2018,17,2018-10-07,suzuka,SIR,williams,0,17,0,0.01831564,0.01621622,0.0,0.08022571,0.5,0.00326797,0.36363636,16,+1 Lap,1,0,0.00060811
2018,17,2018-10-07,suzuka,ALO,mclaren,0,18,3,0.01426423,0.05405405,0.0,0.12909307,0.12078558,0.16339869,1.0,14,+1 Lap,1,0,0.00076954
2018,17,2018-10-07,suzuka,VAN,mclaren,0,19,1,0.011109,0.05405405,0.0,0.06894003,0.33319112,0.02614379,0.0,15,+1 Lap,1,0,0.00046263
2018,17,2018-10-07,suzuka,ERI,sauber,0,20,3,0.0086517,0.04864865,0.0,0.10645381,0.04047474,0.01960784,0.27272727,12,+1 Lap,1,0,0.00042824
2018,18,2018-10-21,americas,HAM,mercedes,0,1,3,1.0,1.0,0.0,1.0,1.0,1.0,0.8,3,Finished,1,0,0.82691422
2018,18,2018-10-21,americas,VET,ferrari,0,2,3,0.77880078,0.64766839,0.0,0.67597285,0.69911769,0.79758308,0.53846154,4,Finished,1,0,0.09558689
2018,18,2018-10-21,americas,RAI,ferrari,0,3,3,0.60653066,0.64766839,0.0,0.47028988,0.30469093,0.59214502,0.46153846,1,Finished,1,1,0.02537884
2018,18,2018-10-21,americas,BOT,mercedes,0,4,3,0.47236655,1.0,0.0,0.70670162,0.22008178,0.62537764,0.2,5,Finished,1,0,0.02933208
2018,18,2018-10-21,americas,RIC,red_bull,0,5,3,0.36787944,0.49740933,0.0,0.2665786,0.25085158,0.44108761,0.33333333,16,Battery,0,0,0.00572706
2018,18,2018-10-21,americas,OCO,force_india,0,6,2,0.2865048,0.22279793,0.0,0.23648383,0.32459204,0.14803625,0.69230769,19,Disqualified,0,0,0.00280373
2018,18,2018-10-21,americas,HUL,renault,0,7,3,0.22313016,0.05181347,0.0,0.07612378,0.0,0.16012085,0.63636364,6,Finished,1,0,0.00111977
2018,18,2018-10-21,americas,GRO,haas,0,8,3,0.17377394,0.09326425,0.0,0.15438433,0.08635582,0.09365559,0.45454545,17,Collision damage,0,0,0.00101534
2018,18,2018-10-21,americas,LEC,sauber,0,9,0,0.13533528,0.04663212,0.0,0.13248842,0.5,0.06344411,0.72727273,15,Collision damage,0,0,0.00125402
2018,18,2018-10-21,americas,PER,force_india,0,10,3,0.10539922,0.22279793,0.0,0.2628915,0.29267242,0.16012085,0.30769231,8,Finished,1,0,0.00125971
2018,18,2018-10-21,americas,SAI,renault,0,11,3,0.082085,0.05181347,0.0,0.17319712,0.32241224,0.11782477,0.36363636,7,Finished,1,0,0.00083421
2018,18,2018-10-21,americas,MAG,haas,0,12,2,0.06392786,0.09326425,0.0,0.11960707,0.22369237,0.16012085,0.54545455,20,Disqualified,0,0,0.00082235
2018,18,2018-10-21,americas,GAS,toro_rosso,0,13,0,0.04978707,0.01036269,0.0,0.10422316,0.5,0.08459215,0.71428571,12,+1 Lap,1,0,0.00086746
2018,18,2018-10-21,americas,HAR,toro_rosso,0,14,1,0.03877421,0.01036269,0.0,0.04269874,0.33628718,0.0060423,0.28571429,9,+1 Lap,1,0,0.00052292
2018,18,2018-10-21,americas,VER,red_bull,0,15,3,0.03019738,0.49740933,0.0,0.63461292,0.37418975,0.52265861,0.66666667,2,Finished,1,0,0.00369082
2018,18,2018-10-21,americas,ALO,mclaren,0,16,3,0.02351775,0.03108808,0.0,0.09333191,0.17372633,0.1510574,1.0,18,Collision,0,0,0.00075744
2018,18,2018-10-21,americas,SIR,williams,0,17,0,0.01831564,0.01554404,0.0,0.08022571,0.5,0.00302115,0.41666667,13,+1 Lap,1,0,0.00061905
2018,18,2018-10-21,americas,STR,williams,0,18,1,0.01426423,0.01554404,0.0,0.09721654,0.35413411,0.01812689,0.58333333,14,+2 Laps,1,0,0.00060892
2018,18,2018-10-21,americas,ERI,sauber,0,19,3,0.011109,0.04663212,0.0,0.11682855,0.05127344,0.01812689,0.27272727,10,+1 Lap,1,0,0.00043558
2018,18,2018-10-21,americas,VAN,mclaren,0,20,1,0.0086517,0.03108808,0.0,0.08155955,0.34432126,0.02416918,0.0,11,+1 Lap,1,0,0.0004496
2018,19,2018-10-28,rodriguez,RIC,red_bull,0,1,3,1.0,0.52659574,0.0,0.27504978,0.46722837,0.42196532,0.33333333,17,Engine,0,0,0.14071337
2018,19,2018-10-28,rodriguez,VER,red_bull,0,2,3,0.77880078,0.52659574,0.0,0.68655669,1.0,0.55202312,0.66666667,1,Finished,1,1,0.20359764
2018,19,2018-10-28,rodriguez,HAM,mercedes,0,3,3,0.60653066,1.0,0.0,1.0,0.88293543,1.0,0.8125,4,Finished,1,0,0.44282908
2018,19,2018-10-28,rodriguez,VET,ferrari,0,4,3,0.47236655,0.7287234,0.0,0.60084593,0.58132946,0.79768786,0.5,2,Finished,1,0,0.06996939
2018,19,2018-10-28,rodriguez,BOT,mercedes,0,5,3,0.36787944,1.0,0.0,0.70785773,0.8932018,0.62716763,0.1875,5,+1 Lap,1,0,0.07841159
2018,19,2018-10-28,rodriguez,RAI,ferrari,0,6,3,0.2865048,0.7287234,0.0,0.69935257,0.62475618,0.63872832,0.5,3,Finished,1,0,0.0374709
2018,19,2018-10-28,rodriguez,HUL,renault,0,7,3,0.22313016,0.12765957,0.0,0.15731244,0.24337019,0.17630058,0.66666667,6,+2 Laps,1,0,0.00385339
2018,19,2018-10-28,rodriguez,SAI,renault,0,8,3,0.17377394,0.12765957,0.0,0.21421428,0.05400918,0.1300578,0.33333333,19,Suspension,0,0,0.00243769
2018,19,2018-10-28,rodriguez,LEC,sauber,0,9,0,0.13533528,0.04787234,0.0,0.13669856,0.5,0.06069364,0.72727273,7,+2 Laps,1,0,0.00284998
2018,19,2018-10-28,rodriguez,ERI,sauber,0,10,3,0.10539922,0.04787234,0.0,0.12054106,0.10109395,0.02023121,0.27272727,9,+2 Laps,1,0,0.00142925
2018,19,2018-10-28,rodriguez,OCO,force_india,0,11,2,0.082085,0.15425532,0.0,0.16522904,0.43676374,0.1416185,0.69230769,11,+2 Laps,1,0,0.00285349
2018,19,2018-10-28,rodriguez,ALO,mclaren,0,12,3,0.06392786,0.03191489,0.0,0.09629776,0.15406298,0.14450867,1.0,20,Engine,0,0,0.00193848
2018,19,2018-10-28,rodriguez,PER,force_india,0,13,3,0.04978707,0.15425532,0.0,0.22783692,0.36374382,0.16473988,0.30769231,18,Brakes,0,0,0.00217393
2018,19,2018-10-28,rodriguez,HAR,toro_rosso,0,14,1,0.03877421,0.0106383,0.0,0.07138198,0.3,0.01156069,0.375,14,+2 Laps,1,0,0.00124556
2018,19,2018-10-28,rodriguez,GAS,toro_rosso,0,15,1,0.03019738,0.0106383,0.0,0.08803036,0.35375457,0.08092486,0.625,10,+2 Laps,1,0,0.00153419
2018,19,2018-10-28,rodriguez,GRO,haas,0,16,3,0.02351775,0.04255319,0.0,0.09479914,0.10714247,0.08959538,0.45454545,16,+3 Laps,1,0,0.00120712
2018,19,2018-10-28,rodriguez,VAN,mclaren,0,17,1,0.01831564,0.03191489,0.0,0.1001085,0.36565598,0.02312139,0.0,8,+2 Laps,1,0,0.00109187
2018,19,2018-10-28,rodriguez,MAG,haas,0,18,2,0.01426423,0.04255319,0.0,0.070607,0.33083513,0.15317919,0.54545455,15,+2 Laps,1,0,0.00149343
2018,19,2018-10-28,rodriguez,STR,williams,0,19,1,0.011109,0.01595745,0.0,0.09678479,0.51798554,0.01734104,0.53846154,12,+2 Laps,1,0,0.00151625
2018,19,2018-10-28,rodriguez,SIR,williams,0,20,0,0.0086517,0.01595745,0.0,0.07847447,0.5,0.00289017,0.46153846,13,+2 Laps,1,0,0.00138343
2018,20,2018-11-11,interlagos,HAM,mercedes,0,1,3,1.0,1.0,0.0,1.0,1.0,1.0,0.82352941,1,Finished,1,1,0.71121679
2018,20,2018-11-11,interlagos,VET,ferrari,0,2,3,0.77880078,0.82352941,0.0,0.72907464,0.9948819,0.82122905,0.53333333,6,Finished,1,0,0.14709285
2018,20,2018-11-11,interlagos,BOT,mercedes,0,3,3,0.60653066,1.0,0.0,0.73117677,0.68637421,0.63407821,0.17647059,5,Finished,1,0,0.06337243
2018,20,2018-11-11,interlagos,RAI,ferrari,0,4,3,0.47236655,0.82352941,0.0,0.73896476,0.56973764,0.65921788,0.46666667,3,Finished,1,0,0.03492117
2018,20,2018-11-11,interlagos,VER,red_bull,0,5,3,0.36787944,0.67058824,0.0,0.89049378,0.61483258,0.60335196,0.66666667,2,Finished,1,0,0.02642466
2018,20,2018-11-11,interlagos,RIC,red_bull,0,6,3,0.2865048,0.67058824,0.0,0.30446324,0.36676721,0.40782123,0.33333333,4,Finished,1,0,0.00591606
2018,20,2018-11-11,interlagos,ERI,sauber,0,7,3,0.22313016,0.1,0.0,0.16687126,0.06972204,0.02513966,0.25,20,Collision,0,0,0.00088269
2018,20,2018-11-11,interlagos,LEC,sauber,0,8,0,0.17377394,0.1,0.0,0.19062807,0.5,0.07541899,0.75,7,Finished,1,0,0.00155289
2018,20,2018-11-11,interlagos,GRO,haas,0,9,3,0.13533528,0.04705882,0.0,0.11673714,0.11103069,0.08659218,0.41666667,8,Finished,1,0,0.00070356
2018,20,2018-11-11,interlagos,GAS,toro_rosso,0,10,1,0.10539922,0.01764706,0.0,0.11901863,0.3588036,0.08100559,0.66666667,13,+1 Lap,1,0,0.00086766
2018,20,2018-11-11,interlagos,MAG,haas,0,11,2,0.082085,0.04705882,0.0,0.08077024,0.20137477,0.14804469,0.58333333,9,Finished,1,0,0.00071781
2018,20,2018-11-11,interlagos,PER,force_india,0,12,3,0.06392786,0.08823529,0.0,0.18081378,0.38685028,0.15921788,0.30769231,10,+1 Lap,1,0,0.00083578
2018,20,2018-11-11,interlagos,OCO,force_india,0,13,2,0.04978707,0.08823529,0.0,0.12778182,0.21434653,0.13687151,0.69230769,15,+1 Lap,1,0,0.0007828
2018,20,2018-11-11,interlagos,HUL,renault,0,14,3,0.03877421,0.16470588,0.0,0.23982682,0.33776524,0.19273743,0.66666667,19,Overheating,0,0,0.00112667
2018,20,2018-11-11,interlagos,SIR,williams,0,15,0,0.03019738,0.0,0.0,0.06918958,0.5,0.0027933,0.42857143,16,+2 Laps,1,0,0.00059083
2018,20,2018-11-11,interlagos,SAI,renault,0,16,3,0.02351775,0.16470588,0.0,0.17867474,0.23691734,0.12569832,0.33333333,12,+1 Lap,1,0,0.00072442
2018,20,2018-11-11,interlagos,HAR,toro_rosso,0,17,1,0.01831564,0.01764706,0.0,0.09661947,0.3,0.01117318,0.33333333,11,+1 Lap,1,0,0.00048833
2018,20,2018-11-11,interlagos,ALO,mclaren,0,18,3,0.01426423,0.05882353,0.0,0.10659572,0.23683311,0.1396648,1.0,17,+2 Laps,1,0,0.0007903
2018,20,2018-11-11,interlagos,STR,williams,0,19,1,0.011109,0.0,0.0,0.08554428,0.32642216,0.01675978,0.57142857,18,+2 Laps,1,0,0.0005358
2018,20,2018-11-11,interlagos,VAN,mclaren,0,20,1,0.0086517,0.05882353,0.0,0.14299922,0.3,0.03351955,0.0,14,+1 Lap,1,0,0.0004565
2018,21,2018-11-25,yas_marina,HAM,mercedes,0,1,3,1.0,1.0,0.0,1.0,1.0,1.0,0.83333333,1,Finished,1,1,0.76988126
2018,21,2018-11-25,yas_marina,BOT,mercedes,0,2,3,0.77880078,1.0,0.0,0.70759782,0.54217161,0.61879896,0.16666667,5,Finished,1,0,0.09744054
2018,21,2018-11-25,yas_marina,VET,ferrari,0,3,3,0.60653066,0.82142857,0.0,0.6573915,0.73333994,0.78851175,0.5,2,Finished,1,0,0.06131775
2018,21,2018-11-25,yas_marina,RAI,ferrari,0,4,3,0.47236655,0.82142857,0.0,0.79134309,0.59202819,0.65535248,0.5,19,Power loss,0,0,0.03597705
2018,21,2018-11-25,yas_marina,RIC,red_bull,0,5,3,0.36787944,0.70238095,0.0,0.347347,0.25852964,0.41253264,0.3,4,Finished,1,0,0.00749697
2018,21,2018-11-25,yas_marina,VER,red_bull,0,6,3,0.2865048,0.70238095,0.0,0.89049378,0.44520117,0.61096606,0.7,3,Finished,1,0,0.01681349
2018,21,2018-11-25,yas_marina,GRO,haas,0,7,3,0.22313016,0.08333333,0.0,0.16077154,0.1716814,0.09138381,0.46153846,9,+1 Lap,1,0,0.00117168
2018,21,2018-11-25,yas_marina,LEC,sauber,0,8,0,0.17377394,0.125,0.0,0.21416317,0.5,0.08616188,0.75,7,Finished,1,0,0.0016554
2018,21,2018-11-25,yas_marina,OCO,force_india,0,9,2,0.13533528,0.0952381,0.0,0.14219475,0.31028808,0.12793734,0.64285714,17,Engine,0,0,0.00108396
2018,21,2018-11-25,yas_marina,HUL,renault,0,10,3,0.10539922,0.13690476,0.0,0.2006484,0.37825526,0.18015666,0.66666667,20,Collision,0,0,0.00123199
2018,21,2018-11-25,yas_marina,SAI,renault,0,11,3,0.082085,0.13690476,0.0,0.14648949,0.03509557,0.11749347,0.33333333,6,Finished,1,0,0.00066113
2018,21,2018-11-25,yas_marina,ERI,sauber,0,12,3,0.06392786,0.125,0.0,0.13479468,0.06247927,0.02349869,0.25,18,Power loss,0,0,0.0005488
2018,21,2018-11-25,yas_marina,MAG,haas,0,13,2,0.04978707,0.08333333,0.0,0.12071288,0.2145778,0.14360313,0.53846154,10,+1 Lap,1,0,0.00069126
2018,21,2018-11-25,yas_marina,PER,force_india,0,14,3,0.03877421,0.0952381,0.0,0.20819188,0.36226232,0.15143603,0.35714286,8,Finished,1,0,0.00076975
2018,21,2018-11-25,yas_marina,ALO,mclaren,0,15,3,0.03019738,0.02380952,0.0,0.04486927,0.17529564,0.1305483,0.88888889,11,+1 Lap,1,0,0.0006216
2018,21,2018-11-25,yas_marina,HAR,toro_rosso,0,16,1,0.02351775,0.01785714,0.0,0.11903476,0.32775425,0.01044386,0.4,12,+1 Lap,1,0,0.00052621
2018,21,2018-11-25,yas_marina,GAS,toro_rosso,0,17,1,0.01831564,0.01785714,0.0,0.11901863,0.32272326,0.07571802,0.6,16,Engine,0,0,0.00059801
2018,21,2018-11-25,yas_marina,VAN,mclaren,0,18,1,0.01426423,0.02380952,0.0,0.13434114,0.35057153,0.03133159,0.11111111,14,+1 Lap,1,0,0.00046939
2018,21,2018-11-25,yas_marina,SIR,williams,0,19,0,0.011109,0.0,0.0,0.07451375,0.5,0.00261097,0.46666667,15,+1 Lap,1,0,0.0005504
2018,21,2018-11-25,yas_marina,STR,williams,0,20,1,0.0086517,0.0,0.0,0.07585027,0.31523185,0.0156658,0.53333333,13,+1 Lap,1,0,0.00049336
2019,1,2019-03-17,albert_park,HAM,mercedes,0,1,3,1.0,0.0,0.0,1.0,0.88504473,0.0,0.5,2,Finished,1,0,0.45202784
2019,1,2019-03-17,albert_park,BOT,mercedes,0,2,3,0.77880078,0.0,0.0,1.0,0.4123113,0.0,0.5,1,Finished,1,1,0.14542873
2019,1,2019-03-17,albert_park,VET,ferrari,0,3,3,0.60653066,0.0,0.0,1.0,1.0,0.0,0.5,4,Finished,1,0,0.12761316
2019,1,2019-03-17,albert_park,VER,red_bull,0,4,3,0.47236655,0.0,0.0,1.0,0.37592089,0.0,0.5,3,Finished,1,0,0.04918424
2019,1,2019-03-17,albert_park,LEC,ferrari,0,5,1,0.36787944,0.0,0.0,1.0,0.3392263,0.0,0.5,5,Finished,1,0,0.03334125
2019,1,2019-03-17,albert_park,GRO,haas,0,6,3,0.2865048,0.0,0.0,1.0,0.09038096,0.0,0.5,18,Wheel,0,0,0.02070972
2019,1,2019-03-17,albert_park,MAG,haas,0,7,3,0.22313016,0.0,0.0,1.0,0.02722222,0.0,0.5,6,Finished,1,0,0.01584091
2019,1,2019-03-17,albert_park,NOR,mclaren,0,8,0,0.17377394,0.0,0.0,1.0,0.5,0.0,0.5,12,+1 Lap,1,0,0.0193909
2019,1,2019-03-17,albert_park,RAI,alfa,0,9,3,0.13533528,0.0,0.0,1.0,0.51813527,0.0,0.5,8,+1 Lap,1,0,0.01723057
2019,1,2019-03-17,albert_park,PER,racing_point,0,10,3,0.10539922,0.0,0.0,1.0,0.19238301,0.0,0.5,13,+1 Lap,1,0,0.01202656
2019,1,2019-03-17,albert_park,HUL,renault,0,11,3,0.082085,0.0,0.0,1.0,0.26854204,0.0,0.5,7,+1 Lap,1,0,0.01178437
2019,1,2019-03-17,albert_park,RIC,renault,0,12,3,0.06392786,0.0,0.0,1.0,0.40449765,0.0,0.5,19,Damage,0,0,0.01232056
2019,1,2019-03-17,albert_park,ALB,toro_rosso,0,13,0,0.04978707,0.0,0.0,1.0,0.5,0.0,0.5,14,+1 Lap,1,0,0.01265118
2019,1,2019-03-17,albert_park,GIO,alfa,0,14,1,0.03877421,0.0,0.0,1.0,0.34791111,0.0,0.5,15,+1 Lap,1,0,0.01080579
2019,1,2019-03-17,albert_park,KVY,toro_rosso,0,15,2,0.03019738,0.0,0.0,1.0,0.25844828,0.0,0.5,10,+1 Lap,1,0,0.00977775
2019,1,2019-03-17,albert_park,STR,racing_point,0,16,2,0.02351775,0.0,0.0,1.0,0.20569891,0.0,0.5,9,+1 Lap,1,0,0.00916667
2019,1,2019-03-17,albert_park,GAS,red_bull,0,17,1,0.01831564,0.0,0.0,1.0,0.3,0.0,0.5,11,+1 Lap,1,0,0.00969778
2019,1,2019-03-17,albert_park,SAI,mclaren,0,18,3,0.01426423,0.0,0.0,1.0,0.21564153,0.0,0.5,20,Engine,0,0,0.00894889
2019,1,2019-03-17,albert_park,RUS,williams,0,19,0,0.011109,0.0,0.0,1.0,0.5,0.0,0.5,16,+2 Laps,1,0,0.01107323
2019,1,2019-03-17,albert_park,KUB,williams,0,20,0,0.0086517,0.0,0.0,1.0,0.5,0.0,0.5,17,+3 Laps,1,0,0.0109799
2019,2,2019-03-31,bahrain,LEC,ferrari,0,1,1,1.0,0.5,0.0,0.44932896,0.35735693,0.38461538,0.5,3,Finished,1,0,0.18923762
2019,2,2019-03-31,bahrain,VET,ferrari,0,2,3,0.77880078,0.5,0.0,0.54881164,1.0,0.46153846,0.5,5,Finished,1,0,0.17334906
2019,2,2019-03-31,bahrain,HAM,mercedes,0,3,3,0.60653066,1.0,0.0,0.81873075,0.92858329,0.69230769,0.5,1,Finished,1,1,0.30419445
2019,2,2019-03-31,bahrain,BOT,mercedes,0,4,3,0.47236655,1.0,0.0,1.0,0.81700179,1.0,0.5,2,Finished,1,0,0.2721026
2019,2,2019-03-31,bahrain,VER,red_bull,0,5,3,0.36787944,0.34090909,0.0,0.67032005,0.10819984,0.57692308,0.5,4,Finished,1,0,0.02060209
2019,2,2019-03-31,bahrain,MAG,haas,0,6,3,0.2865048,0.18181818,0.0,0.36787944,0.30411565,0.30769231,0.5,13,+1 Lap,1,0,0.0083742
2019,2,2019-03-31,bahrain,SAI,mclaren,0,7,3,0.22313016,0.0,0.0,0.0,0.07960899,0.0,0.5,19,Collision damage,0,0,0.00227337
2019,2,2019-03-31,bahrain,GRO,haas,0,8,3,0.17377394,0.18181818,0.0,0.0,0.28705901,0.0,0.5,20,Retired,0,0,0.00295345
2019,2,2019-03-31,bahrain,RAI,alfa,0,9,3,0.13533528,0.09090909,0.0,0.24659696,0.46678442,0.15384615,0.5,7,Finished,1,0,0.00384179
2019,2,2019-03-31,bahrain,NOR,mclaren,0,10,0,0.10539922,0.0,0.0,0.11080316,0.5,0.0,0.5,6,Finished,1,0,0.00237897
2019,2,2019-03-31,bahrain,RIC,renault,0,11,3,0.082085,0.13636364,0.0,0.0,0.346433,0.0,0.5,18,Out of fuel,0,0,0.00211026
2019,2,2019-03-31,bahrain,ALB,toro_rosso,0,12,0,0.06392786,0.02272727,0.0,0.07427358,0.5,0.0,0.5,9,Finished,1,0,0.00204998
2019,2,2019-03-31,bahrain,GAS,red_bull,0,13,1,0.04978707,0.34090909,0.0,0.13533528,0.58409073,0.0,0.5,8,Finished,1,0,0.0035648
2019,2,2019-03-31,bahrain,PER,racing_point,0,14,3,0.03877421,0.04545455,0.0,0.09071795,0.16795091,0.0,0.5,10,Finished,1,0,0.00152368
2019,2,2019-03-31,bahrain,KVY,toro_rosso,0,15,2,0.03019738,0.02272727,0.0,0.16529889,0.33415015,0.03846154,0.5,12,+1 Lap,1,0,0.00182193
2019,2,2019-03-31,bahrain,GIO,alfa,0,16,0,0.02351775,0.09090909,0.0,0.06081006,0.5,0.0,0.5,11,Finished,1,0,0.00194394
2019,2,2019-03-31,bahrain,HUL,renault,0,17,3,0.01831564,0.13636364,0.0,0.30119421,0.31741884,0.23076923,0.5,17,Engine,0,0,0.00275124
2019,2,2019-03-31,bahrain,STR,racing_point,0,18,2,0.01426423,0.04545455,0.0,0.20189652,0.21175129,0.07692308,0.5,14,+1 Lap,1,0,0.0017369
2019,2,2019-03-31,bahrain,RUS,williams,0,19,0,0.011109,0.0,0.0,0.04978707,0.5,0.0,0.5,15,+1 Lap,1,0,0.00160938
2019,2,2019-03-31,bahrain,KUB,williams,0,20,0,0.0086517,0.0,0.0,0.0407622,0.5,0.0,0.5,16,+2 Laps,1,0,0.0015803
2019,3,2019-04-14,shanghai,BOT,mercedes,0,1,3,1.0,1.0,0.0,1.0,0.69873025,1.0,0.5,2,Finished,1,0,0.60700616
2019,3,2019-04-14,shanghai,HAM,mercedes,0,2,3,0.77880078,1.0,0.0,1.0,0.84374214,0.97727273,0.5,1,Finished,1,1,0.31197582
2019,3,2019-04-14,shanghai,VET,ferrari,0,3,3,0.60653066,0.55172414,0.0,0.54881164,0.74104254,0.5,0.5,3,Finished,1,0,0.03456477
2019,3,2019-04-14,shanghai,LEC,ferrari,0,4,1,0.47236655,0.55172414,0.0,0.61562109,0.31449732,0.59090909,0.5,5,Finished,1,0,0.01797193
2019,3,2019-04-14,shanghai,VER,red_bull,0,5,3,0.36787944,0.35632184,0.0,0.67032005,0.628161,0.61363636,0.5,4,Finished,1,0,0.01299448
2019,3,2019-04-14,shanghai,GAS,red_bull,0,6,1,0.2865048,0.35632184,0.0,0.20999933,0.31770707,0.09090909,0.5,6,Finished,1,0,0.00309565
2019,3,2019-04-14,shanghai,RIC,renault,0,7,3,0.22313016,0.06896552,0.0,0.0,1.0,0.0,0.5,7,+1 Lap,1,0,0.00206637
2019,3,2019-04-14,shanghai,HUL,renault,0,8,3,0.17377394,0.06896552,0.0,0.16560682,0.28690109,0.13636364,0.5,20,Power Unit,0,0,0.00132447
2019,3,2019-04-14,shanghai,MAG,haas,0,9,3,0.13533528,0.09195402,0.0,0.25215244,0.21602767,0.18181818,0.5,13,+1 Lap,1,0,0.00129204
2019,3,2019-04-14,shanghai,GRO,haas,0,10,3,0.10539922,0.09195402,0.0,0.0,0.08993193,0.0,0.5,11,+1 Lap,1,0,0.0006961
2019,3,2019-04-14,shanghai,KVY,toro_rosso,0,11,2,0.082085,0.03448276,0.0,0.15181029,0.41297565,0.02272727,0.5,19,Collision,0,0,0.00091316
2019,3,2019-04-14,shanghai,PER,racing_point,0,12,3,0.06392786,0.03448276,0.0,0.14076676,0.19281526,0.02272727,0.5,8,+1 Lap,1,0,0.00071272
2019,3,2019-04-14,shanghai,RAI,alfa,0,13,3,0.04978707,0.11494253,0.0,0.30119421,0.72924984,0.22727273,0.5,9,+1 Lap,1,0,0.00162975
2019,3,2019-04-14,shanghai,SAI,mclaren,0,14,3,0.03877421,0.09195402,0.0,0.0,0.30971228,0.0,0.5,14,+1 Lap,1,0,0.0006579
2019,3,2019-04-14,shanghai,NOR,mclaren,0,15,0,0.03019738,0.09195402,0.0,0.26319597,0.5,0.18181818,0.5,18,Collision,0,0,0.00113839
2019,3,2019-04-14,shanghai,STR,racing_point,0,16,2,0.02351775,0.03448276,0.0,0.15184771,0.21266922,0.04545455,0.5,12,+1 Lap,1,0,0.000649
2019,3,2019-04-14,shanghai,RUS,williams,0,17,0,0.01831564,0.0,0.0,0.06081006,0.5,0.0,0.5,16,+2 Laps,1,0,0.00066413
2019,3,2019-04-14,shanghai,KUB,williams,0,18,0,0.01426423,0.0,0.0,0.04978707,0.5,0.0,0.5,17,+2 Laps,1,0,0.00064716
2019,4,2019-04-28,baku,BOT,mercedes,0,1,3,1.0,1.0,0.0,0.93569118,0.4918489,0.91176471,0.33333333,1,Finished,1,1,0.42503147
2019,4,2019-04-28,baku,HAM,mercedes,0,2,3,0.77880078,1.0,0.0,1.0,1.0,1.0,0.66666667,2,Finished,1,0,0.47621949
2019,4,2019-04-28,baku,VET,ferrari,0,3,3,0.60653066,0.56153846,0.0,0.59191913,0.87210871,0.54411765,0.66666667,3,Finished,1,0,0.05252377
2019,4,2019-04-28,baku,VER,red_bull,0,4,3,0.47236655,0.4,0.0,0.62721256,0.08010584,0.57352941,1.0,4,Finished,1,0,0.01758858
2019,4,2019-04-28,baku,PER,racing_point,0,5,3,0.36787944,0.05384615,0.0,0.1783121,0.65325071,0.07352941,0.66666667,6,Finished,1,0,0.00385967
2019,4,2019-04-28,baku,KVY,toro_rosso,0,6,2,0.2865048,0.03076923,0.0,0.09795261,0.175,0.01470588,0.5,19,Collision,0,0,0.00152917
2019,4,2019-04-28,baku,NOR,mclaren,0,7,0,0.22313016,0.06153846,0.0,0.16982204,0.5,0.11764706,0.5,8,Finished,1,0,0.00209653
2019,4,2019-04-28,baku,GIO,alfa,0,8,0,0.17377394,0.09230769,0.0,0.09115997,0.5,0.0,0.0,12,+1 Lap,1,0,0.00119732
2019,4,2019-04-28,baku,LEC,ferrari,0,9,1,0.13533528,0.56153846,0.0,0.5566257,0.5103268,0.52941176,0.33333333,5,Finished,1,0,0.00753396
2019,4,2019-04-28,baku,SAI,mclaren,0,10,3,0.10539922,0.06153846,0.0,0.02635001,0.40407287,0.0,0.5,7,Finished,1,0,0.00103826
2019,4,2019-04-28,baku,RIC,renault,0,11,3,0.082085,0.09230769,0.0,0.10685455,0.55262474,0.08823529,0.5,20,Collision,0,0,0.00137357
2019,4,2019-04-28,baku,ALB,toro_rosso,0,12,0,0.06392786,0.03076923,0.0,0.15661978,0.5,0.04411765,0.5,11,+1 Lap,1,0,0.0011501
2019,4,2019-04-28,baku,MAG,haas,0,13,3,0.04978707,0.06153846,0.0,0.19488039,0.22004408,0.11764706,0.5,13,+1 Lap,1,0,0.00101527
2019,4,2019-04-28,baku,STR,racing_point,0,14,2,0.03877421,0.05384615,0.0,0.13728635,0.56619921,0.02941176,0.33333333,9,Finished,1,0,0.0010349
2019,4,2019-04-28,baku,GRO,haas,0,15,3,0.03019738,0.06153846,0.0,0.04801285,0.0707263,0.0,0.5,18,Brakes,0,0,0.0006397
2019,4,2019-04-28,baku,HUL,renault,0,16,3,0.02351775,0.09230769,0.0,0.10685455,0.06558511,0.08823529,0.5,14,+1 Lap,1,0,0.00075911
2019,4,2019-04-28,baku,RUS,williams,0,17,0,0.01831564,0.0,0.0,0.05689944,0.5,0.0,1.0,15,+2 Laps,1,0,0.00107041
2019,4,2019-04-28,baku,KUB,williams,0,18,0,0.01426423,0.0,0.0,0.04658532,0.5,0.0,0.0,16,+2 Laps,1,0,0.0006099
2019,4,2019-04-28,baku,RAI,alfa,0,19,3,0.011109,0.09230769,0.0,0.26596641,0.7102003,0.17647059,1.0,10,+1 Lap,1,0,0.00217354
2019,4,2019-04-28,baku,GAS,red_bull,0,20,1,0.0086517,0.4,0.0,0.2660104,0.36334921,0.19117647,0.0,17,Transmission,0,0,0.00155528
2019,5,2019-05-12,catalunya,BOT,mercedes,0,1,3,1.0,1.0,0.0,1.0,0.6137619,1.0,0.5,2,Finished,1,0,0.55284131
2019,5,2019-05-12,catalunya,HAM,mercedes,0,2,3,0.77880078,1.0,0.0,1.0,1.0,0.98850575,0.5,1,Finished,1,1,0.34661451
2019,5,2019-05-12,catalunya,VET,ferrari,0,3,3,0.60653066,0.57225434,0.0,0.64297057,0.85710776,0.59770115,0.75,4,Finished,1,0,0.05140829
2019,5,2019-05-12,catalunya,VER,red_bull,0,4,3,0.47236655,0.3699422,0.0,0.63691532,0.68842356,0.5862069,1.0,3,Finished,1,0,0.02342157
2019,5,2019-05-12,catalunya,LEC,ferrari,0,5,1,0.36787944,0.57225434,0.0,0.55486689,0.38556648,0.54022989,0.25,5,Finished,1,0,0.01059018
2019,5,2019-05-12,catalunya,GAS,red_bull,0,6,1,0.2865048,0.3699422,0.0,0.20613598,0.3,0.14942529,0.0,6,Finished,1,0,0.00247305
2019,5,2019-05-12,catalunya,GRO,haas,0,7,3,0.22313016,0.04624277,0.0,0.03720597,0.06806425,0.0,0.5,10,Finished,1,0,0.00097264
2019,5,2019-05-12,catalunya,MAG,haas,0,8,3,0.17377394,0.04624277,0.0,0.17595603,0.26882808,0.09195402,0.5,7,Finished,1,0,0.0012007
2019,5,2019-05-12,catalunya,KVY,toro_rosso,0,9,2,0.13533528,0.02312139,0.0,0.07590515,0.3321544,0.01149425,0.5,9,Finished,1,0,0.00089995
2019,5,2019-05-12,catalunya,RIC,renault,0,10,3,0.10539922,0.06936416,0.0,0.08280341,0.70174048,0.06896552,0.5,12,Finished,1,0,0.00122558
2019,5,2019-05-12,catalunya,NOR,mclaren,0,11,0,0.082085,0.10404624,0.0,0.19939168,0.5,0.13793103,0.5,20,Collision,0,0,0.00121651
2019,5,2019-05-12,catalunya,ALB,toro_rosso,0,12,0,0.06392786,0.02312139,0.0,0.1585733,0.5,0.03448276,0.5,11,Finished,1,0,0.00089437
2019,5,2019-05-12,catalunya,SAI,mclaren,0,13,3,0.04978707,0.10404624,0.0,0.10322248,0.40939405,0.06896552,0.5,8,Finished,1,0,0.00086503
2019,5,2019-05-12,catalunya,RAI,alfa,0,14,3,0.03877421,0.07514451,0.0,0.25154536,0.24080316,0.14942529,1.0,14,Finished,1,0,0.00111809
2019,5,2019-05-12,catalunya,PER,racing_point,0,15,3,0.03019738,0.0982659,0.0,0.23931339,0.43333045,0.14942529,0.75,15,Finished,1,0,0.00114057
2019,5,2019-05-12,catalunya,HUL,renault,0,16,3,0.02351775,0.06936416,0.0,0.10322248,0.15147977,0.06896552,0.5,13,Finished,1,0,0.0006128
2019,5,2019-05-12,catalunya,STR,racing_point,0,17,2,0.01831564,0.0982659,0.0,0.16189031,0.2592098,0.04597701,0.25,19,Collision,0,0,0.0006327
2019,5,2019-05-12,catalunya,GIO,alfa,0,18,0,0.01426423,0.07514451,0.0,0.10110308,0.5,0.0,0.0,16,Finished,1,0,0.000582
2019,5,2019-05-12,catalunya,RUS,williams,0,19,0,0.011109,0.0,0.0,0.06081006,0.5,0.0,1.0,17,+1 Lap,1,0,0.00080683
2019,5,2019-05-12,catalunya,KUB,williams,0,20,0,0.0086517,0.0,0.0,0.04978707,0.5,0.0,0.0,18,+1 Lap,1,0,0.00048331
2019,6,2019-05-26,monaco,HAM,mercedes,0,1,3,1.0,1.0,0.0,1.0,0.73520908,1.0,0.6,1,Finished,1,1,0.70826298
2019,6,2019-05-26,monaco,BOT,mercedes,0,2,3,0.77880078,1.0,0.0,0.96091197,0.47317348,0.9375,0.4,3,Finished,1,0,0.20793372
2019,6,2019-05-26,monaco,VER,red_bull,0,3,3,0.60653066,0.40092166,0.0,0.64411855,0.27490137,0.58928571,1.0,4,Finished,1,0,0.03074395
2019,6,2019-05-26,monaco,VET,ferrari,0,4,3,0.47236655,0.55760369,0.0,0.62266659,0.95451223,0.57142857,0.8,2,Finished,1,0,0.03224607
2019,6,2019-05-26,monaco,GAS,red_bull,0,5,1,0.36787944,0.40092166,0.0,0.24101356,0.44109039,0.1875,0.0,5,Finished,1,0,0.00439276
2019,6,2019-05-26,monaco,MAG,haas,0,6,3,0.2865048,0.06912442,0.0,0.2029618,0.10988414,0.125,0.5,14,+1 Lap,1,0,0.00186105
2019,6,2019-05-26,monaco,RIC,renault,0,7,3,0.22313016,0.05529954,0.0,0.08884114,1.0,0.05357143,0.5,9,Finished,1,0,0.00228824
2019,6,2019-05-26,monaco,KVY,toro_rosso,0,8,2,0.17377394,0.02764977,0.0,0.10307332,0.175,0.02678571,0.66666667,7,Finished,1,0,0.00107998
2019,6,2019-05-26,monaco,SAI,mclaren,0,9,3,0.13533528,0.10138249,0.0,0.13413907,0.29070375,0.08928571,0.5,6,Finished,1,0,0.00111499
2019,6,2019-05-26,monaco,ALB,toro_rosso,0,10,0,0.10539922,0.02764977,0.0,0.15356236,0.5,0.02678571,0.33333333,8,Finished,1,0,0.00094403
2019,6,2019-05-26,monaco,HUL,renault,0,11,3,0.082085,0.05529954,0.0,0.10052606,0.22918083,0.05357143,0.5,13,+1 Lap,1,0,0.00076803
2019,6,2019-05-26,monaco,NOR,mclaren,0,12,0,0.06392786,0.10138249,0.0,0.15639581,0.5,0.10714286,0.5,11,Finished,1,0,0.00101378
2019,6,2019-05-26,monaco,GRO,haas,0,13,3,0.04978707,0.06912442,0.0,0.06482731,0.14840226,0.00892857,0.5,10,Finished,1,0,0.00060861
2019,6,2019-05-26,monaco,RAI,alfa,0,14,3,0.03877421,0.05990783,0.0,0.21331933,0.59721574,0.11607143,1.0,17,+1 Lap,1,0,0.00123981
2019,6,2019-05-26,monaco,GIO,alfa,0,15,0,0.03019738,0.05990783,0.0,0.09003754,0.5,0.0,0.0,19,+2 Laps,1,0,0.00058319
2019,6,2019-05-26,monaco,LEC,ferrari,0,16,1,0.02351775,0.55760369,0.0,0.53210919,0.3,0.50892857,0.2,20,Collision,0,0,0.00233222
2019,6,2019-05-26,monaco,PER,racing_point,0,17,3,0.01831564,0.07834101,0.0,0.20082179,0.2711959,0.11607143,0.75,12,+1 Lap,1,0,0.00082075
2019,6,2019-05-26,monaco,STR,racing_point,0,18,2,0.01426423,0.07834101,0.0,0.12698106,0.1932521,0.03571429,0.25,16,+1 Lap,1,0,0.00053652
2019,6,2019-05-26,monaco,RUS,williams,0,19,0,0.011109,0.0,0.0,0.05648704,0.5,0.0,1.0,15,+1 Lap,1,0,0.00075552
2019,6,2019-05-26,monaco,KUB,williams,0,20,0,0.0086517,0.0,0.0,0.04624768,0.5,0.0,0.0,18,+1 Lap,1,0,0.00047381
2019,7,2019-06-09,villeneuve,VET,ferrari,0,1,3,1.0,0.54929577,0.0,0.65525791,1.0,0.59854015,0.8,2,Finished,1,0,0.33524496
2019,7,2019-06-09,villeneuve,HAM,mercedes,0,2,3,0.77880078,1.0,0.0,1.0,0.91959751,1.0,0.66666667,1,Finished,1,1,0.53305347
2019,7,2019-06-09,villeneuve,LEC,ferrari,0,3,1,0.60653066,0.54929577,0.0,0.41884617,0.38110416,0.41605839,0.2,3,Finished,1,0,0.02651118
2019,7,2019-06-09,villeneuve,RIC,renault,0,4,3,0.47236655,0.03755869,0.0,0.12739742,0.65158123,0.05839416,0.5,6,+1 Lap,1,0,0.00619375
2019,7,2019-06-09,villeneuve,GAS,red_bull,0,5,1,0.36787944,0.44600939,0.0,0.29710828,0.36640247,0.23357664,0.0,8,+1 Lap,1,0,0.00680512
2019,7,2019-06-09,villeneuve,BOT,mercedes,0,6,3,0.2865048,1.0,0.0,0.85634839,0.96290495,0.87591241,0.33333333,4,Finished,1,0,0.06667772
2019,7,2019-06-09,villeneuve,HUL,renault,0,7,3,0.22313016,0.03755869,0.0,0.05306573,0.33292412,0.04379562,0.5,7,+1 Lap,1,0,0.00186313
2019,7,2019-06-09,villeneuve,NOR,mclaren,0,8,0,0.17377394,0.14084507,0.0,0.15560357,0.5,0.08759124,0.5,20,Suspension,0,0,0.00241509
2019,7,2019-06-09,villeneuve,SAI,mclaren,0,9,3,0.13533528,0.14084507,0.0,0.20543671,0.19377682,0.13138686,0.5,11,+1 Lap,1,0,0.00181608
2019,7,2019-06-09,villeneuve,MAG,haas,0,10,3,0.10539922,0.03755869,0.0,0.13439673,0.10770565,0.10218978,0.33333333,17,+2 Laps,1,0,0.00109576
2019,7,2019-06-09,villeneuve,VER,red_bull,0,11,3,0.082085,0.44600939,0.0,0.59467248,0.52674001,0.56934307,1.0,5,Finished,1,0,0.00848277
2019,7,2019-06-09,villeneuve,KVY,toro_rosso,0,12,2,0.06392786,0.07042254,0.0,0.12739742,0.21137708,0.06569343,0.75,10,+1 Lap,1,0,0.00128075
2019,7,2019-06-09,villeneuve,GIO,alfa,0,13,0,0.04978707,0.04225352,0.0,0.07970134,0.5,0.0,0.0,13,+1 Lap,1,0,0.00091576
2019,7,2019-06-09,villeneuve,ALB,toro_rosso,0,14,0,0.03877421,0.07042254,0.0,0.18354687,0.5,0.05109489,0.25,19,Collision damage,0,0,0.00121082
2019,7,2019-06-09,villeneuve,GRO,haas,0,15,3,0.03019738,0.03755869,0.0,0.09669207,0.14699986,0.01459854,0.66666667,14,+1 Lap,1,0,0.00092091
2019,7,2019-06-09,villeneuve,PER,racing_point,0,16,3,0.02351775,0.07042254,0.0,0.1974355,0.26286283,0.09489051,0.8,12,+1 Lap,1,0,0.00131285
2019,7,2019-06-09,villeneuve,RAI,alfa,0,17,3,0.01831564,0.04225352,0.0,0.1625792,0.4252249,0.09489051,1.0,15,+1 Lap,1,0,0.00149362
2019,7,2019-06-09,villeneuve,STR,racing_point,0,18,2,0.01426423,0.07042254,0.0,0.09063804,0.24128336,0.02919708,0.2,9,+1 Lap,1,0,0.00078724
2019,7,2019-06-09,villeneuve,RUS,williams,0,19,0,0.011109,0.0,0.0,0.05664966,0.5,0.0,1.0,16,+2 Laps,1,0,0.00120142
2019,7,2019-06-09,villeneuve,KUB,williams,0,20,0,0.0086517,0.0,0.0,0.04297457,0.5,0.0,0.0,18,+3 Laps,1,0,0.00071762
2019,8,2019-06-23,ricard,HAM,mercedes,0,1,1,1.0,1.0,0.0,1.0,0.7,1.0,0.71428571,1,Finished,1,1,0.75706137
2019,8,2019-06-23,ricard,BOT,mercedes,0,2,1,0.77880078,1.0,0.0,0.80033382,0.42047768,0.82098765,0.28571429,2,Finished,1,0,0.16070127
2019,8,2019-06-23,ricard,LEC,ferrari,0,3,1,0.60653066,0.59615385,0.0,0.41884617,0.36611956,0.44444444,0.16666667,3,Finished,1,0,0.02174265
2019,8,2019-06-23,ricard,VER,red_bull,0,4,1,0.47236655,0.44711538,0.0,0.57402749,0.6274923,0.54320988,1.0,4,Finished,1,0,0.02601622
2019,8,2019-06-23,ricard,NOR,mclaren,0,5,0,0.36787944,0.10576923,0.0,0.07925993,0.5,0.07407407,0.5,9,+1 Lap,1,0,0.00313814
2019,8,2019-06-23,ricard,SAI,mclaren,0,6,1,0.2865048,0.10576923,0.0,0.23352197,0.39863879,0.11111111,0.5,6,Finished,1,0,0.00266365
2019,8,2019-06-23,ricard,VET,ferrari,0,7,1,0.22313016,0.59615385,0.0,0.73191747,0.47973159,0.61728395,0.83333333,5,Finished,1,0,0.01417054
2019,8,2019-06-23,ricard,RIC,renault,0,8,1,0.17377394,0.10576923,0.0,0.20374106,0.51952465,0.09876543,1.0,11,+1 Lap,1,0,0.00243671
2019,8,2019-06-23,ricard,GAS,red_bull,0,9,1,0.13533528,0.44711538,0.0,0.29710828,0.3,0.22222222,0.0,10,+1 Lap,1,0,0.0022156
2019,8,2019-06-23,ricard,GIO,alfa,0,10,0,0.10539922,0.01442308,0.0,0.07044219,0.5,0.0,0.14285714,16,+1 Lap,1,0,0.00087034
2019,8,2019-06-23,ricard,ALB,toro_rosso,0,11,0,0.082085,0.06730769,0.0,0.14164859,0.5,0.04320988,0.25,15,+1 Lap,1,0,0.00102297
2019,8,2019-06-23,ricard,RAI,alfa,0,12,1,0.06392786,0.01442308,0.0,0.11269384,0.56812802,0.08024691,0.85714286,7,+1 Lap,1,0,0.00126149
2019,8,2019-06-23,ricard,HUL,renault,0,13,1,0.04978707,0.10576923,0.0,0.11557062,0.38075861,0.07407407,0.0,8,+1 Lap,1,0,0.00077679
2019,8,2019-06-23,ricard,PER,racing_point,0,14,1,0.03877421,0.07692308,0.0,0.18612635,0.3,0.08024691,0.66666667,12,+1 Lap,1,0,0.00101267
2019,8,2019-06-23,ricard,MAG,haas,0,15,1,0.03019738,0.03846154,0.0,0.12402974,0.44715178,0.08641975,0.25,17,+1 Lap,1,0,0.00079831
2019,8,2019-06-23,ricard,KVY,toro_rosso,0,16,0,0.02351775,0.06730769,0.0,0.13870657,0.5,0.0617284,0.75,14,+1 Lap,1,0,0.00108156
2019,8,2019-06-23,ricard,GRO,haas,0,17,1,0.01831564,0.03846154,0.0,0.11210559,0.35413411,0.01234568,0.75,20,Retired,0,0,0.00084822
2019,8,2019-06-23,ricard,STR,racing_point,0,18,1,0.01426423,0.07692308,0.0,0.11712281,0.3,0.03703704,0.33333333,13,+1 Lap,1,0,0.00070853
2019,8,2019-06-23,ricard,RUS,williams,0,19,0,0.011109,0.0,0.0,0.05436213,0.5,0.0,1.0,19,+2 Laps,1,0,0.00092258
2019,8,2019-06-23,ricard,KUB,williams,0,20,0,0.0086517,0.0,0.0,0.03956832,0.5,0.0,0.0,18,+2 Laps,1,0,0.0005504
2019,9,2019-06-30,red_bull_ring,LEC,ferrari,0,1,1,1.0,0.60096154,0.0,0.46470702,0.42099318,0.46524064,0.28571429,2,Finished,1,0,0.17457765
2019,9,2019-06-30,red_bull_ring,HAM,mercedes,0,2,3,0.77880078,1.0,0.0,1.0,0.60212168,1.0,0.75,5,Finished,1,0,0.57884517
2019,9,2019-06-30,red_bull_ring,VER,red_bull,0,3,3,0.60653066,0.40865385,0.0,0.57402749,0.95978287,0.53475936,1.0,1,Finished,1,1,0.0875285
2019,9,2019-06-30,red_bull_ring,BOT,mercedes,0,4,3,0.47236655,1.0,0.0,0.80033382,0.54544864,0.80748663,0.25,3,Finished,1,0,0.10429552
2019,9,2019-06-30,red_bull_ring,MAG,haas,0,5,3,0.36787944,0.03846154,0.0,0.11366274,0.33128492,0.07486631,0.25,19,+2 Laps,1,0,0.00397196
2019,9,2019-06-30,red_bull_ring,NOR,mclaren,0,6,0,0.2865048,0.15384615,0.0,0.1211582,0.5,0.07486631,0.0,6,+1 Lap,1,0,0.00362274
2019,9,2019-06-30,red_bull_ring,RAI,alfa,0,7,3,0.22313016,0.03365385,0.0,0.13330044,1.0,0.10160428,0.875,9,+1 Lap,1,0,0.00575403
2019,9,2019-06-30,red_bull_ring,GIO,alfa,0,8,0,0.17377394,0.03365385,0.0,0.06815466,0.5,0.0,0.125,10,+1 Lap,1,0,0.00194783
2019,9,2019-06-30,red_bull_ring,GAS,red_bull,0,9,1,0.13533528,0.40865385,0.0,0.25506805,0.38110416,0.19786096,0.0,7,+1 Lap,1,0,0.00363595
2019,9,2019-06-30,red_bull_ring,VET,ferrari,0,10,3,0.10539922,0.60096154,0.0,0.68605662,0.84678136,0.59358289,0.71428571,4,Finished,1,0,0.01944919
2019,9,2019-06-30,red_bull_ring,GRO,haas,0,11,3,0.082085,0.03846154,0.0,0.08402033,0.65166891,0.01069519,0.75,16,+1 Lap,1,0,0.00224911
2019,9,2019-06-30,red_bull_ring,HUL,renault,0,12,3,0.06392786,0.09615385,0.0,0.16674529,0.04324548,0.0855615,0.25,13,+1 Lap,1,0,0.00129256
2019,9,2019-06-30,red_bull_ring,ALB,toro_rosso,0,13,0,0.04978707,0.0625,0.0,0.1199647,0.5,0.03743316,0.2,15,+1 Lap,1,0,0.00149886
2019,9,2019-06-30,red_bull_ring,RIC,renault,0,14,3,0.03877421,0.09615385,0.0,0.16932143,0.47254057,0.0855615,0.75,12,+1 Lap,1,0,0.00213139
2019,9,2019-06-30,red_bull_ring,SAI,mclaren,0,15,3,0.03019738,0.15384615,0.0,0.29445209,0.15942406,0.13903743,1.0,8,+1 Lap,1,0,0.00237846
2019,9,2019-06-30,red_bull_ring,PER,racing_point,0,16,3,0.02351775,0.05769231,0.0,0.15794594,0.34869437,0.06951872,0.71428571,11,+1 Lap,1,0,0.00166102
2019,9,2019-06-30,red_bull_ring,STR,racing_point,0,17,2,0.01831564,0.05769231,0.0,0.11295465,0.28383054,0.03208556,0.28571429,14,+1 Lap,1,0,0.00116114
2019,9,2019-06-30,red_bull_ring,KVY,toro_rosso,0,18,2,0.01426423,0.0625,0.0,0.15412009,0.20352023,0.05347594,0.8,17,+1 Lap,1,0,0.00148256
2019,9,2019-06-30,red_bull_ring,RUS,williams,0,19,0,0.011109,0.0,0.0,0.04970046,0.5,0.0,0.875,18,+2 Laps,1,0,0.00150054
2019,9,2019-06-30,red_bull_ring,KUB,williams,0,20,0,0.0086517,0.0,0.0,0.03803494,0.5,0.0,0.125,20,+3 Laps,1,0,0.00101582
2019,10,2019-07-14,silverstone,BOT,mercedes,0,1,3,1.0,1.0,0.0,0.7926843,0.57415282,0.84263959,0.33333333,2,Finished,1,0,0.42432964
2019,10,2019-07-14,silverstone,HAM,mercedes,0,2,3,0.77880078,1.0,0.0,1.0,1.0,1.0,0.66666667,1,Finished,1,1,0.46229743
2019,10,2019-07-14,silverstone,LEC,ferrari,0,3,1,0.60653066,0.67894737,0.0,0.58631309,0.3,0.53299492,0.375,3,Finished,1,0,0.03512248
2019,10,2019-07-14,silverstone,VER,red_bull,0,4,3,0.47236655,0.55263158,0.0,0.72309157,0.39308537,0.63959391,1.0,5,Finished,1,0,0.03388848
2019,10,2019-07-14,silverstone,GAS,red_bull,0,5,1,0.36787944,0.55263158,0.0,0.34393916,0.33954554,0.21827411,0.0,4,Finished,1,0,0.00659859
2019,10,2019-07-14,silverstone,VET,ferrari,0,6,3,0.2865048,0.67894737,0.0,0.71570652,0.64980642,0.62436548,0.625,16,+1 Lap,1,0,0.02147681
2019,10,2019-07-14,silverstone,RIC,renault,0,7,3,0.22313016,0.10526316,0.0,0.20828254,0.51431577,0.08121827,0.8,7,Finished,1,0,0.00273024
2019,10,2019-07-14,silverstone,NOR,mclaren,0,8,0,0.17377394,0.17894737,0.0,0.15847586,0.5,0.11167513,0.25,11,Finished,1,0,0.0018801
2019,10,2019-07-14,silverstone,ALB,toro_rosso,0,9,0,0.13533528,0.06842105,0.0,0.1131749,0.5,0.03553299,0.33333333,12,Finished,1,0,0.00130708
2019,10,2019-07-14,silverstone,HUL,renault,0,10,3,0.10539922,0.10526316,0.0,0.1842851,0.38439606,0.08121827,0.2,10,Finished,1,0,0.00119172
2019,10,2019-07-14,silverstone,GIO,alfa,0,11,0,0.082085,0.04736842,0.0,0.08606122,0.5,0.00507614,0.11111111,18,Spun off,0,0,0.0008964
2019,10,2019-07-14,silverstone,RAI,alfa,0,12,3,0.06392786,0.04736842,0.0,0.15259303,0.67577539,0.10659898,0.88888889,8,Finished,1,0,0.00165059
2019,10,2019-07-14,silverstone,SAI,mclaren,0,13,3,0.04978707,0.17894737,0.0,0.30662783,0.06107723,0.15228426,0.75,6,Finished,1,0,0.00134593
2019,10,2019-07-14,silverstone,GRO,haas,0,14,3,0.03877421,0.04210526,0.0,0.10218584,0.03145668,0.01015228,0.8,19,Collision,0,0,0.00075975
2019,10,2019-07-14,silverstone,PER,racing_point,0,15,3,0.03019738,0.01052632,0.0,0.11879428,0.24300723,0.06598985,0.75,17,+1 Lap,1,0,0.00086326
2019,10,2019-07-14,silverstone,MAG,haas,0,16,3,0.02351775,0.04210526,0.0,0.10885145,0.13843289,0.07106599,0.2,20,Collision,0,0,0.00061684
2019,10,2019-07-14,silverstone,KVY,toro_rosso,0,17,2,0.01831564,0.06842105,0.0,0.1760772,0.24855308,0.05076142,0.66666667,9,Finished,1,0,0.00091474
2019,10,2019-07-14,silverstone,STR,racing_point,0,18,2,0.01426423,0.01052632,0.0,0.09364898,0.235692,0.03045685,0.25,13,Finished,1,0,0.00060116
2019,10,2019-07-14,silverstone,RUS,williams,0,19,0,0.011109,0.0,0.0,0.04766029,0.5,0.0,0.88888889,14,+1 Lap,1,0,0.00091703
2019,10,2019-07-14,silverstone,KUB,williams,0,20,0,0.0086517,0.0,0.0,0.03503087,0.5,0.0,0.11111111,15,+1 Lap,1,0,0.00061174
2019,11,2019-07-28,hockenheimring,HAM,mercedes,0,1,3,1.0,1.0,0.0,1.0,1.0,1.0,0.7,9,Finished,1,0,0.79700482
2019,11,2019-07-28,hockenheimring,VER,red_bull,0,2,2,0.77880078,0.54736842,0.0,0.67342317,0.59577657,0.60986547,0.88888889,1,Finished,1,1,0.07863887
2019,11,2019-07-28,hockenheimring,BOT,mercedes,0,3,3,0.60653066,1.0,0.0,0.7926843,0.67288256,0.82511211,0.3,15,Accident,0,0,0.09084558
2019,11,2019-07-28,hockenheimring,GAS,red_bull,0,4,1,0.47236655,0.54736842,0.0,0.38460421,0.33211578,0.24663677,0.11111111,14,Collision,0,0,0.00833542
2019,11,2019-07-28,hockenheimring,RAI,alfa,0,5,3,0.36787944,0.06842105,0.0,0.19132322,0.48915234,0.11210762,0.88888889,12,Finished,1,0,0.00347233
2019,11,2019-07-28,hockenheimring,GRO,haas,0,6,3,0.2865048,0.00526316,0.0,0.06503442,0.21196466,0.00896861,0.8,7,Finished,1,0,0.00147911
2019,11,2019-07-28,hockenheimring,SAI,mclaren,0,7,2,0.22313016,0.2,0.0,0.33388643,0.24228662,0.17040359,0.8,5,Finished,1,0,0.00246606
2019,11,2019-07-28,hockenheimring,PER,racing_point,0,8,3,0.17377394,0.01052632,0.0,0.11428846,0.24546123,0.05829596,0.66666667,20,Spun off,0,0,0.00106593
2019,11,2019-07-28,hockenheimring,HUL,renault,0,9,3,0.13533528,0.14210526,0.0,0.20104739,0.39837753,0.07623318,0.16666667,16,Accident,0,0,0.00111414
2019,11,2019-07-28,hockenheimring,LEC,ferrari,0,10,1,0.10539922,0.64210526,0.0,0.6359815,0.32629418,0.53811659,0.44444444,17,Accident,0,0,0.00524579
2019,11,2019-07-28,hockenheimring,GIO,alfa,0,11,0,0.082085,0.06842105,0.0,0.07487143,0.5,0.0044843,0.11111111,13,Finished,1,0,0.00072289
2019,11,2019-07-28,hockenheimring,MAG,haas,0,12,3,0.06392786,0.00526316,0.0,0.04115715,0.13322515,0.06278027,0.2,8,Finished,1,0,0.00048876
2019,11,2019-07-28,hockenheimring,RIC,renault,0,13,3,0.04978707,0.14210526,0.0,0.2510735,0.3719861,0.09865471,0.83333333,19,Exhaust,0,0,0.00121226
2019,11,2019-07-28,hockenheimring,KVY,toro_rosso,0,14,2,0.03877421,0.06842105,0.0,0.1760772,0.20013414,0.05381166,0.71428571,3,Finished,1,0,0.00076753
2019,11,2019-07-28,hockenheimring,STR,racing_point,0,15,1,0.03019738,0.01052632,0.0,0.11403811,0.3,0.02690583,0.33333333,4,Finished,1,0,0.00056173
2019,11,2019-07-28,hockenheimring,NOR,mclaren,0,16,0,0.02351775,0.2,0.0,0.18889287,0.5,0.09865471,0.2,18,Power loss,0,0,0.0009133
2019,11,2019-07-28,hockenheimring,ALB,toro_rosso,0,17,0,0.01831564,0.06842105,0.0,0.10766123,0.5,0.03139013,0.28571429,6,Finished,1,0,0.00066928
2019,11,2019-07-28,hockenheimring,RUS,williams,0,18,0,0.01426423,0.0,0.0,0.05519208,0.5,0.0,0.9,11,Finished,1,0,0.00074397
2019,11,2019-07-28,hockenheimring,KUB,williams,0,19,0,0.011109,0.0,0.0,0.04119737,0.5,0.0,0.1,10,Finished,1,0,0.00048899
2019,11,2019-07-28,hockenheimring,VET,ferrari,0,20,3,0.0086517,0.64210526,0.0,0.60354925,0.28938073,0.55156951,0.55555556,2,Finished,1,0,0.00376327
2019,12,2019-08-04,hungaroring,VER,red_bull,0,1,3,1.0,0.70394737,0.0,0.9441952,0.28617125,0.72,0.88888889,2,Finished,1,0,0.41338613
2019,12,2019-08-04,hungaroring,BOT,mercedes,0,2,3,0.77880078,1.0,0.0,0.78236559,0.54108826,0.81777778,0.3,8,+1 Lap,1,0,0.21821816
2019,12,2019-08-04,hungaroring,HAM,mercedes,0,3,3,0.60653066,1.0,0.0,1.0,1.0,1.0,0.7,1,Finished,1,1,0.26046432
2019,12,2019-08-04,hungaroring,LEC,ferrari,0,4,1,0.47236655,0.80263158,0.0,0.77499757,0.3,0.53333333,0.44444444,4,Finished,1,0,0.0367115
2019,12,2019-08-04,hungaroring,VET,ferrari,0,5,3,0.36787944,0.80263158,0.0,0.73547613,0.95168607,0.62666667,0.55555556,3,Finished,1,0,0.04200067
2019,12,2019-08-04,hungaroring,GAS,red_bull,0,6,1,0.2865048,0.70394737,0.0,0.34561045,0.47181795,0.24444444,0.11111111,6,+1 Lap,1,0,0.00807282
2019,12,2019-08-04,hungaroring,NOR,mclaren,0,7,0,0.22313016,0.26315789,0.0,0.19311632,0.5,0.09777778,0.2,9,+1 Lap,1,0,0.0028707
2019,12,2019-08-04,hungaroring,SAI,mclaren,0,8,3,0.17377394,0.26315789,0.0,0.42917648,0.2844921,0.21333333,0.8,5,+1 Lap,1,0,0.00363337
2019,12,2019-08-04,hungaroring,GRO,haas,0,9,3,0.13533528,0.06578947,0.0,0.11646908,0.10744035,0.03555556,0.83333333,20,Water pressure,0,0,0.00138932
2019,12,2019-08-04,hungaroring,RAI,alfa,0,10,3,0.10539922,0.08552632,0.0,0.25232649,0.75756046,0.11111111,0.9,7,+1 Lap,1,0,0.00251027
2019,12,2019-08-04,hungaroring,HUL,renault,0,11,3,0.082085,0.16447368,0.0,0.22014746,0.10267269,0.07555556,0.16666667,12,+1 Lap,1,0,0.00108536
2019,12,2019-08-04,hungaroring,ALB,toro_rosso,0,12,0,0.06392786,0.17105263,0.0,0.1644113,0.5,0.06666667,0.25,10,+1 Lap,1,0,0.00132295
2019,12,2019-08-04,hungaroring,KVY,toro_rosso,0,13,2,0.04978707,0.17105263,0.0,0.31566148,0.2509787,0.12,0.75,15,+2 Laps,1,0,0.00157895
2019,12,2019-08-04,hungaroring,GIO,alfa,0,14,0,0.03877421,0.08552632,0.0,0.10859966,0.5,0.00444444,0.1,18,+2 Laps,1,0,0.00090515
2019,12,2019-08-04,hungaroring,MAG,haas,0,15,3,0.03019738,0.06578947,0.0,0.09734953,0.20969562,0.08,0.16666667,13,+1 Lap,1,0,0.0007449
2019,12,2019-08-04,hungaroring,RUS,williams,0,16,0,0.02351775,0.00657895,0.0,0.08766726,0.5,0.0,0.81818182,16,+2 Laps,1,0,0.00103251
2019,12,2019-08-04,hungaroring,PER,racing_point,0,17,3,0.01831564,0.09210526,0.0,0.10892338,0.16694853,0.05777778,0.66666667,11,+1 Lap,1,0,0.00088928
2019,12,2019-08-04,hungaroring,RIC,renault,0,18,3,0.01426423,0.16447368,0.0,0.25065888,0.46915752,0.09777778,0.83333333,14,+1 Lap,1,0,0.00152556
2019,12,2019-08-04,hungaroring,STR,racing_point,0,19,2,0.011109,0.09210526,0.0,0.27563831,0.21640938,0.08,0.33333333,17,+2 Laps,1,0,0.00092372
2019,12,2019-08-04,hungaroring,KUB,williams,0,20,0,0.0086517,0.00657895,0.0,0.08633437,0.5,0.00444444,0.18181818,19,+3 Laps,1,0,0.00073439
2019,13,2019-09-01,spa,LEC,ferrari,0,1,1,1.0,0.81118881,0.0,0.70952941,0.3,0.528,0.4,1,Finished,1,1,0.20767075
2019,13,2019-09-01,spa,VET,ferrari,0,2,3,0.77880078,0.81118881,0.0,0.66467487,0.94776417,0.624,0.6,4,Finished,1,0,0.21605946
2019,13,2019-09-01,spa,HAM,mercedes,0,3,3,0.60653066,1.0,0.0,0.95660166,1.0,1.0,0.72727273,2,Finished,1,0,0.38490014
2019,13,2019-09-01,spa,BOT,mercedes,0,4,3,0.47236655,1.0,0.0,0.66923359,0.53219985,0.752,0.27272727,3,Finished,1,0,0.07778262
2019,13,2019-09-01,spa,VER,red_bull,0,5,3,0.36787944,0.83916084,0.0,1.0,0.39807506,0.724,0.9,20,Accident,0,0,0.0793817
2019,13,2019-09-01,spa,RIC,renault,0,6,3,0.2865048,0.07692308,0.0,0.16285753,0.47391649,0.088,0.71428571,14,+1 Lap,1,0,0.0037751
2019,13,2019-09-01,spa,HUL,renault,0,7,3,0.22313016,0.07692308,0.0,0.16071198,0.28692166,0.068,0.28571429,8,Finished,1,0,0.00207323
2019,13,2019-09-01,spa,RAI,alfa,0,8,3,0.17377394,0.13286713,0.0,0.30435531,0.26167475,0.124,0.90909091,16,+1 Lap,1,0,0.00333788
2019,13,2019-09-01,spa,PER,racing_point,0,9,3,0.13533528,0.08391608,0.0,0.11062357,0.36355618,0.052,0.7,6,Finished,1,0,0.00200599
2019,13,2019-09-01,spa,MAG,haas,0,10,3,0.10539922,0.06993007,0.0,0.10621287,0.15597683,0.072,0.16666667,12,+1 Lap,1,0,0.00113993
2019,13,2019-09-01,spa,GRO,haas,0,11,3,0.082085,0.06993007,0.0,0.09195523,0.3006591,0.032,0.83333333,13,+1 Lap,1,0,0.00163888
2019,13,2019-09-01,spa,NOR,mclaren,0,12,0,0.06392786,0.36363636,0.0,0.23763121,0.5,0.096,0.16666667,11,Engine,0,0,0.00259857
2019,13,2019-09-01,spa,STR,racing_point,0,13,2,0.04978707,0.08391608,0.0,0.22145974,0.25914649,0.072,0.3,10,Finished,1,0,0.00133091
2019,13,2019-09-01,spa,ALB,red_bull,0,14,0,0.03877421,0.83916084,0.0,0.20058355,0.5,0.064,0.33333333,5,Finished,1,0,0.00529418
2019,13,2019-09-01,spa,GIO,alfa,0,15,0,0.03019738,0.13286713,0.0,0.08886262,0.5,0.004,0.09090909,18,Accident,0,0,0.0012046
2019,13,2019-09-01,spa,GAS,toro_rosso,0,16,1,0.02351775,0.18181818,0.0,0.3623869,0.39583571,0.252,0.1,9,Finished,1,0,0.00200992
2019,13,2019-09-01,spa,SAI,mclaren,0,17,3,0.01831564,0.36363636,0.0,0.49281561,0.13541494,0.232,0.83333333,19,Power loss,0,0,0.00361097
2019,13,2019-09-01,spa,KVY,toro_rosso,0,18,2,0.01426423,0.18181818,0.0,0.27458678,0.24886575,0.108,0.66666667,7,Finished,1,0,0.00186102
2019,13,2019-09-01,spa,RUS,williams,0,19,0,0.011109,0.00699301,0.0,0.08386264,0.5,0.0,0.83333333,15,+1 Lap,1,0,0.00137243
2019,13,2019-09-01,spa,KUB,williams,0,20,0,0.0086517,0.00699301,0.0,0.08100266,0.5,0.004,0.16666667,17,+1 Lap,1,0,0.00095171
2019,14,2019-09-08,monza,LEC,ferrari,0,1,1,1.0,0.96240602,0.0,0.87547572,0.35646013,0.5858209,0.45454545,1,Finished,1,1,0.27270029
2019,14,2019-09-08,monza,HAM,mercedes,0,2,3,0.77880078,1.0,0.0,1.0,1.0,1.0,0.75,3,Finished,1,0,0.50828625
2019,14,2019-09-08,monza,BOT,mercedes,0,3,3,0.60653066,1.0,0.0,0.69337123,0.67668281,0.75746269,0.25,2,Finished,1,0,0.09957577
2019,14,2019-09-08,monza,VET,ferrari,0,4,3,0.47236655,0.96240602,0.0,0.75979665,0.64151792,0.63059701,0.54545455,13,+1 Lap,1,0,0.06946151
2019,14,2019-09-08,monza,RIC,renault,0,5,3,0.36787944,0.08270677,0.0,0.16154225,0.28863308,0.08208955,0.625,4,Finished,1,0,0.00291115
2019,14,2019-09-08,monza,HUL,renault,0,6,3,0.2865048,0.08270677,0.0,0.17677945,0.11229442,0.07835821,0.375,5,Finished,1,0,0.00174331
2019,14,2019-09-08,monza,SAI,mclaren,0,7,3,0.22313016,0.31578947,0.0,0.43606727,0.155968,0.21641791,0.83333333,20,Wheel,0,0,0.00428305
2019,14,2019-09-08,monza,ALB,red_bull,0,8,0,0.17377394,0.87969925,0.0,0.33260377,0.5,0.09701493,0.33333333,6,Finished,1,0,0.0075446
2019,14,2019-09-08,monza,STR,racing_point,0,9,2,0.13533528,0.15789474,0.0,0.26509391,0.33959019,0.07089552,0.27272727,12,+1 Lap,1,0,0.00159693
2019,14,2019-09-08,monza,RAI,alfa,0,10,3,0.10539922,0.09774436,0.0,0.26233124,0.6673414,0.11567164,0.90909091,15,+1 Lap,1,0,0.00256602
2019,14,2019-09-08,monza,GIO,alfa,0,11,0,0.082085,0.09774436,0.0,0.08339878,0.5,0.00373134,0.09090909,9,+1 Lap,1,0,0.00098061
2019,14,2019-09-08,monza,MAG,haas,0,12,3,0.06392786,0.07518797,0.0,0.13701666,0.07817653,0.06716418,0.28571429,18,Hydraulics,0,0,0.0007787
2019,14,2019-09-08,monza,KVY,toro_rosso,0,13,2,0.04978707,0.2556391,0.0,0.36743491,0.21918628,0.12313433,0.7,19,Engine,0,0,0.00194428
2019,14,2019-09-08,monza,NOR,mclaren,0,14,0,0.03877421,0.31578947,0.0,0.20320465,0.5,0.08955224,0.16666667,10,+1 Lap,1,0,0.00158526
2019,14,2019-09-08,monza,GAS,toro_rosso,0,15,1,0.03019738,0.2556391,0.0,0.40916418,0.33098598,0.24253731,0.09090909,11,+1 Lap,1,0,0.00169472
2019,14,2019-09-08,monza,GRO,haas,0,16,3,0.02351775,0.07518797,0.0,0.12729245,0.05225964,0.02985075,0.71428571,16,+1 Lap,1,0,0.00081452
2019,14,2019-09-08,monza,PER,racing_point,0,17,3,0.01831564,0.15789474,0.0,0.19576968,0.26824194,0.07835821,0.72727273,7,Finished,1,0,0.00125717
2019,14,2019-09-08,monza,RUS,williams,0,18,0,0.01426423,0.0075188,0.0,0.10189733,0.5,0.0,0.84615385,14,+1 Lap,1,0,0.00106073
2019,14,2019-09-08,monza,KUB,williams,0,19,0,0.011109,0.0075188,0.0,0.09123044,0.5,0.00373134,0.15384615,17,+2 Laps,1,0,0.00071715
2019,14,2019-09-08,monza,VER,red_bull,0,20,3,0.0086517,0.87969925,0.0,0.94181583,0.33926569,0.67537313,0.9,8,Finished,1,0,0.01849798
2019,15,2019-09-22,marina_bay,LEC,ferrari,0,1,1,1.0,0.86619718,0.0,0.8721695,0.38729974,0.64084507,0.5,2,Finished,1,0,0.37327019
2019,15,2019-09-22,marina_bay,HAM,mercedes,0,2,3,0.77880078,1.0,0.0,1.0,1.0,1.0,0.69230769,4,Finished,1,0,0.46523394
2019,15,2019-09-22,marina_bay,VET,ferrari,0,3,3,0.60653066,0.86619718,0.0,0.59019197,0.43976126,0.59507042,0.5,1,Finished,1,1,0.06094056
2019,15,2019-09-22,marina_bay,VER,red_bull,0,4,3,0.47236655,0.68309859,0.0,0.68130387,0.49267402,0.65140845,0.81818182,3,Finished,1,0,0.03844499
2019,15,2019-09-22,marina_bay,BOT,mercedes,0,5,3,0.36787944,1.0,0.0,0.69206583,0.50022389,0.77816901,0.30769231,5,Finished,1,0,0.03459296
2019,15,2019-09-22,marina_bay,ALB,red_bull,0,6,0,0.2865048,0.68309859,0.0,0.39588479,0.5,0.11971831,0.4,6,Finished,1,0,0.00799921
2019,15,2019-09-22,marina_bay,SAI,mclaren,0,7,3,0.22313016,0.21830986,0.0,0.34314696,0.32818151,0.20422535,0.83333333,12,Finished,1,0,0.00362381
2019,15,2019-09-22,marina_bay,HUL,renault,0,8,3,0.17377394,0.23239437,0.0,0.26335461,0.08122157,0.10915493,0.33333333,9,Finished,1,0,0.00176255
2019,15,2019-09-22,marina_bay,NOR,mclaren,0,9,0,0.13533528,0.21830986,0.0,0.13615222,0.5,0.08802817,0.16666667,7,Finished,1,0,0.00161969
2019,15,2019-09-22,marina_bay,PER,racing_point,0,10,3,0.10539922,0.19014085,0.0,0.22898488,0.23959582,0.09507042,0.75,19,Engine,0,0,0.0016456
2019,15,2019-09-22,marina_bay,GIO,alfa,0,11,0,0.082085,0.08450704,0.0,0.08832089,0.5,0.01056338,0.16666667,10,Finished,1,0,0.00099204
2019,15,2019-09-22,marina_bay,GAS,toro_rosso,0,12,1,0.06392786,0.23943662,0.0,0.33972928,0.3392263,0.22887324,0.09090909,8,Finished,1,0,0.00146688
2019,15,2019-09-22,marina_bay,RAI,alfa,0,13,3,0.04978707,0.08450704,0.0,0.20839947,0.35561566,0.10915493,0.83333333,18,Collision,0,0,0.00128256
2019,15,2019-09-22,marina_bay,MAG,haas,0,14,3,0.03877421,0.07042254,0.0,0.12141004,0.05700914,0.06338028,0.28571429,17,Finished,1,0,0.0006773
2019,15,2019-09-22,marina_bay,KVY,toro_rosso,0,15,2,0.03019738,0.23943662,0.0,0.33439135,0.23341379,0.11619718,0.7,15,Finished,1,0,0.00143599
2019,15,2019-09-22,marina_bay,STR,racing_point,0,16,2,0.02351775,0.19014085,0.0,0.2591188,0.27704568,0.06690141,0.25,13,Finished,1,0,0.0009905
2019,15,2019-09-22,marina_bay,GRO,haas,0,17,3,0.01831564,0.07042254,0.0,0.11967097,0.09932272,0.02816901,0.71428571,11,Finished,1,0,0.00075972
2019,15,2019-09-22,marina_bay,RUS,williams,0,18,0,0.01426423,0.00704225,0.0,0.10687759,0.5,0.0,0.85714286,20,Collision,0,0,0.00094364
2019,15,2019-09-22,marina_bay,KUB,williams,0,19,0,0.011109,0.00704225,0.0,0.09075098,0.5,0.00352113,0.14285714,16,Finished,1,0,0.00066836
2019,15,2019-09-22,marina_bay,RIC,renault,0,20,3,0.0086517,0.23239437,0.0,0.27054112,0.6635136,0.11971831,0.66666667,14,Finished,1,0,0.00164951
2019,16,2019-09-29,sochi,LEC,ferrari,0,1,1,1.0,1.0,0.0,1.0,0.44778141,0.67567568,0.46153846,3,Finished,1,0,0.43897216
2019,16,2019-09-29,sochi,HAM,mercedes,0,2,3,0.77880078,0.79470199,0.0,0.96205439,1.0,1.0,0.71428571,1,Finished,1,1,0.32795329
2019,16,2019-09-29,sochi,VET,ferrari,0,3,3,0.60653066,1.0,0.0,0.92903965,0.69328594,0.65540541,0.53846154,18,Power loss,0,0,0.13000212
2019,16,2019-09-29,sochi,VER,red_bull,0,4,3,0.47236655,0.64900662,0.0,0.81235734,0.42589627,0.67567568,0.83333333,4,Finished,1,0,0.04091746
2019,16,2019-09-29,sochi,BOT,mercedes,0,5,3,0.36787944,0.79470199,0.0,0.64883422,0.99977868,0.78040541,0.28571429,2,Finished,1,0,0.03864903
2019,16,2019-09-29,sochi,SAI,mclaren,0,6,3,0.2865048,0.19205298,0.0,0.29976195,0.11813161,0.19594595,0.71428571,6,Finished,1,0,0.00320084
2019,16,2019-09-29,sochi,HUL,renault,0,7,3,0.22313016,0.18543046,0.0,0.29951386,0.15802383,0.11148649,0.4,10,Finished,1,0,0.00210719
2019,16,2019-09-29,sochi,NOR,mclaren,0,8,0,0.17377394,0.19205298,0.0,0.19847994,0.5,0.10472973,0.28571429,8,Finished,1,0,0.00198068
2019,16,2019-09-29,sochi,GRO,haas,0,9,3,0.13533528,0.06622517,0.0,0.17135182,0.14420347,0.02702703,0.75,20,Collision,0,0,0.00124995
2019,16,2019-09-29,sochi,RIC,renault,0,10,3,0.10539922,0.18543046,0.0,0.22913813,0.24284301,0.11486486,0.6,19,Collision,0,0,0.00153959
2019,16,2019-09-29,sochi,GAS,toro_rosso,0,11,1,0.082085,0.2384106,0.0,0.28261209,0.3,0.23310811,0.16666667,14,Finished,1,0,0.00151009
2019,16,2019-09-29,sochi,PER,racing_point,0,12,3,0.06392786,0.17880795,0.0,0.23887121,0.29202842,0.09121622,0.75,7,Finished,1,0,0.00146718
2019,16,2019-09-29,sochi,GIO,alfa,0,13,0,0.04978707,0.05960265,0.0,0.14588877,0.5,0.01351351,0.16666667,15,Finished,1,0,0.00088122
2019,16,2019-09-29,sochi,MAG,haas,0,14,3,0.03877421,0.06622517,0.0,0.1451742,0.25686536,0.06081081,0.25,9,Finished,1,0,0.00076448
2019,16,2019-09-29,sochi,STR,racing_point,0,15,2,0.03019738,0.17880795,0.0,0.2840035,0.24795129,0.06418919,0.25,11,Finished,1,0,0.00101412
2019,16,2019-09-29,sochi,RAI,alfa,0,16,3,0.02351775,0.05960265,0.0,0.15518572,0.75448587,0.10472973,0.83333333,13,Finished,1,0,0.00148191
2019,16,2019-09-29,sochi,RUS,williams,0,17,0,0.01831564,0.00662252,0.0,0.09508596,0.5,0.0,0.85714286,17,Brakes,0,0,0.00096181
2019,16,2019-09-29,sochi,KUB,williams,0,18,0,0.01426423,0.00662252,0.0,0.09619302,0.5,0.00337838,0.14285714,16,Brakes,0,0,0.00066998
2019,16,2019-09-29,sochi,ALB,red_bull,0,19,0,0.011109,0.64900662,0.0,0.51024337,0.5,0.14189189,0.36363636,5,Finished,1,0,0.00332936
2019,16,2019-09-29,sochi,KVY,toro_rosso,0,20,2,0.0086517,0.2384106,0.0,0.32460895,0.24693142,0.11148649,0.63636364,12,Finished,1,0,0.00134755
2019,17,2019-10-13,suzuka,VET,ferrari,0,1,3,1.0,0.91358025,0.0,0.57204763,0.31559448,0.60248447,0.53846154,2,Finished,1,0,0.31380018
2019,17,2019-10-13,suzuka,LEC,ferrari,0,2,1,0.77880078,0.91358025,0.0,1.0,0.3,0.66770186,0.46153846,6,+1 Lap,1,0,0.23307252
2019,17,2019-10-13,suzuka,BOT,mercedes,0,3,3,0.60653066,1.0,0.0,0.74388554,0.63166942,0.77329193,0.26666667,1,Finished,1,1,0.14212026
2019,17,2019-10-13,suzuka,HAM,mercedes,0,4,3,0.47236655,1.0,0.0,1.0,1.0,1.0,0.73333333,3,Finished,1,0,0.23743543
2019,17,2019-10-13,suzuka,VER,red_bull,0,5,3,0.36787944,0.58024691,0.0,0.56575959,0.81212137,0.65838509,0.84615385,18,Brakes,0,0,0.03882159
2019,17,2019-10-13,suzuka,ALB,red_bull,0,6,0,0.2865048,0.58024691,0.0,0.44571001,0.5,0.16149068,0.33333333,4,Finished,1,0,0.01058553
2019,17,2019-10-13,suzuka,SAI,mclaren,0,7,3,0.22313016,0.19135802,0.0,0.22982743,0.09123606,0.20496894,0.75,5,Finished,1,0,0.00349346
2019,17,2019-10-13,suzuka,NOR,mclaren,0,8,0,0.17377394,0.19135802,0.0,0.22660172,0.5,0.10869565,0.25,11,+1 Lap,1,0,0.00293701
2019,17,2019-10-13,suzuka,GAS,toro_rosso,0,9,2,0.13533528,0.08024691,0.0,0.25409033,0.25718406,0.21428571,0.15384615,7,+1 Lap,1,0,0.00192589
2019,17,2019-10-13,suzuka,GRO,haas,0,10,3,0.10539922,0.01234568,0.0,0.06831345,0.22386061,0.02484472,0.75,13,+1 Lap,1,0,0.00144615
2019,17,2019-10-13,suzuka,GIO,alfa,0,11,0,0.082085,0.05555556,0.0,0.11426311,0.5,0.01242236,0.15384615,14,+1 Lap,1,0,0.00137219
2019,17,2019-10-13,suzuka,STR,racing_point,0,12,2,0.06392786,0.12962963,0.0,0.13445666,0.19184792,0.05900621,0.23076923,9,+1 Lap,1,0,0.00124234
2019,17,2019-10-13,suzuka,RAI,alfa,0,13,3,0.04978707,0.05555556,0.0,0.12444934,0.48572285,0.09627329,0.84615385,12,+1 Lap,1,0,0.0018434
2019,17,2019-10-13,suzuka,KVY,toro_rosso,0,14,1,0.03877421,0.08024691,0.0,0.13215346,0.3392263,0.10248447,0.66666667,10,+1 Lap,1,0,0.00152152
2019,17,2019-10-13,suzuka,HUL,renault,0,15,3,0.03019738,0.17901235,0.0,0.29072919,0.06058417,0.10559006,0.4,20,Disqualified,0,0,0.00143259
2019,17,2019-10-13,suzuka,RIC,renault,0,16,3,0.02351775,0.17901235,0.0,0.19109922,0.59060485,0.10559006,0.6,19,Disqualified,0,0,0.00210498
2019,17,2019-10-13,suzuka,PER,racing_point,0,17,3,0.01831564,0.12962963,0.0,0.27380902,0.32558976,0.10248447,0.76923077,8,+1 Lap,1,0,0.00185005
2019,17,2019-10-13,suzuka,RUS,williams,0,18,0,0.01426423,0.0,0.0,0.0457843,0.5,0.0,0.85714286,16,+2 Laps,1,0,0.00130076
2019,17,2019-10-13,suzuka,MAG,haas,0,19,3,0.011109,0.01234568,0.0,0.11000371,0.10306544,0.0621118,0.25,15,+1 Lap,1,0,0.0008005
2019,17,2019-10-13,suzuka,KUB,williams,0,20,0,0.0086517,0.0,0.0,0.03928693,0.5,0.00310559,0.14285714,17,+2 Laps,1,0,0.00089366
2019,18,2019-10-27,rodriguez,VER,red_bull,0,1,3,1.0,0.45402299,0.0,0.38002467,1.0,0.62721893,0.84615385,6,Finished,1,0,0.30384951
2019,18,2019-10-27,rodriguez,LEC,ferrari,0,2,1,0.77880078,0.84482759,0.0,1.0,0.43424338,0.65976331,0.42857143,4,Finished,1,0,0.26438394
2019,18,2019-10-27,rodriguez,VET,ferrari,0,3,3,0.60653066,0.84482759,0.0,0.63736189,0.72303443,0.62721893,0.57142857,2,Finished,1,0,0.12947882
2019,18,2019-10-27,rodriguez,HAM,mercedes,0,4,3,0.47236655,1.0,0.0,0.96143364,0.60278347,1.0,0.6875,1,Finished,1,1,0.18814286
2019,18,2019-10-27,rodriguez,ALB,red_bull,0,5,0,0.36787944,0.45402299,0.0,0.56605339,0.5,0.18934911,0.33333333,5,Finished,1,0,0.01564225
2019,18,2019-10-27,rodriguez,BOT,mercedes,0,6,3,0.2865048,1.0,0.0,0.97411939,0.58029558,0.81065089,0.3125,3,Finished,1,0,0.07077248
2019,18,2019-10-27,rodriguez,SAI,mclaren,0,7,3,0.22313016,0.16666667,0.0,0.24060885,0.01260811,0.22485207,0.77777778,13,+1 Lap,1,0,0.00381088
2019,18,2019-10-27,rodriguez,NOR,mclaren,0,8,0,0.17377394,0.16666667,0.0,0.21997425,0.5,0.1035503,0.22222222,20,Withdrew,0,0,0.00319114
2019,18,2019-10-27,rodriguez,KVY,toro_rosso,0,9,1,0.13533528,0.1091954,0.0,0.16544409,0.31487459,0.10059172,0.61538462,11,+1 Lap,1,0,0.00253324
2019,18,2019-10-27,rodriguez,GAS,toro_rosso,0,10,2,0.10539922,0.1091954,0.0,0.24872022,0.27247864,0.22189349,0.21428571,9,+1 Lap,1,0,0.0021843
2019,18,2019-10-27,rodriguez,PER,racing_point,0,11,3,0.082085,0.15517241,0.0,0.31550087,0.14864492,0.10946746,0.78571429,7,Finished,1,0,0.00255058
2019,18,2019-10-27,rodriguez,HUL,renault,0,12,3,0.06392786,0.16666667,0.0,0.27563924,0.26259877,0.10059172,0.4,10,+1 Lap,1,0,0.00209706
2019,18,2019-10-27,rodriguez,RIC,renault,0,13,3,0.04978707,0.16666667,0.0,0.18080669,0.16975235,0.10059172,0.6,8,Finished,1,0,0.0018487
2019,18,2019-10-27,rodriguez,RAI,alfa,0,14,3,0.03877421,0.01724138,0.0,0.08092401,0.67032005,0.09171598,0.85714286,19,Overheating,0,0,0.00214145
2019,18,2019-10-27,rodriguez,GIO,alfa,0,15,0,0.03019738,0.01724138,0.0,0.13022767,0.5,0.01183432,0.14285714,14,+1 Lap,1,0,0.00126728
2019,18,2019-10-27,rodriguez,STR,racing_point,0,16,2,0.02351775,0.15517241,0.0,0.18254201,0.33191864,0.06213018,0.21428571,12,+1 Lap,1,0,0.00151667
2019,18,2019-10-27,rodriguez,MAG,haas,0,17,3,0.01831564,0.01149425,0.0,0.10740976,0.12854958,0.0591716,0.22222222,15,+2 Laps,1,0,0.00094804
2019,18,2019-10-27,rodriguez,GRO,haas,0,18,3,0.01426423,0.01149425,0.0,0.09503886,0.05244084,0.02366864,0.77777778,17,+2 Laps,1,0,0.00111048
2019,18,2019-10-27,rodriguez,RUS,williams,0,19,0,0.011109,0.0,0.0,0.04793209,0.5,0.0,0.86666667,16,+2 Laps,1,0,0.00149693
2019,18,2019-10-27,rodriguez,KUB,williams,0,20,0,0.0086517,0.0,0.0,0.04461415,0.5,0.00295858,0.13333333,18,+2 Laps,1,0,0.0010334
2019,19,2019-11-03,americas,BOT,mercedes,0,1,3,1.0,1.0,0.0,0.96597433,0.42172075,0.79614325,0.29411765,1,Finished,1,1,0.54417554
2019,19,2019-11-03,americas,VET,ferrari,0,2,3,0.77880078,0.77348066,0.0,0.70143034,0.74657222,0.63360882,0.6,20,Suspension,0,0,0.18035697
2019,19,2019-11-03,americas,VER,red_bull,0,3,3,0.60653066,0.48066298,0.0,0.47143099,0.64315137,0.60606061,0.78571429,3,Finished,1,0,0.04983091
2019,19,2019-11-03,americas,LEC,ferrari,0,4,1,0.47236655,0.77348066,0.0,0.87563547,0.3,0.65013774,0.4,4,Finished,1,0,0.04896372
2019,19,2019-11-03,americas,HAM,mercedes,0,5,3,0.36787944,1.0,0.0,1.0,1.0,1.0,0.70588235,2,Finished,1,0,0.14507248
2019,19,2019-11-03,americas,ALB,red_bull,0,6,0,0.2865048,0.48066298,0.0,0.56132036,0.5,0.20385675,0.38461538,5,Finished,1,0,0.00974698
2019,19,2019-11-03,americas,SAI,mclaren,0,7,3,0.22313016,0.16022099,0.0,0.26192111,0.37211272,0.20936639,0.77777778,8,+1 Lap,1,0,0.00389099
2019,19,2019-11-03,americas,NOR,mclaren,0,8,0,0.17377394,0.16022099,0.0,0.21813495,0.5,0.09641873,0.22222222,7,Finished,1,0,0.00241009
2019,19,2019-11-03,americas,RIC,renault,0,9,3,0.13533528,0.16574586,0.0,0.2236002,0.17919929,0.1046832,0.63636364,6,Finished,1,0,0.00205252
2019,19,2019-11-03,americas,GAS,toro_rosso,0,10,1,0.10539922,0.0718232,0.0,0.24664056,0.35213374,0.21212121,0.26666667,16,Suspension,0,0,0.00171786
2019,19,2019-11-03,americas,HUL,renault,0,11,3,0.082085,0.16574586,0.0,0.2524323,0.19669331,0.09641873,0.36363636,9,+1 Lap,1,0,0.00155261
2019,19,2019-11-03,americas,MAG,haas,0,12,3,0.06392786,0.01104972,0.0,0.09365815,0.04825512,0.05509642,0.3,18,Brakes,0,0,0.00081584
2019,19,2019-11-03,americas,KVY,toro_rosso,0,13,2,0.04978707,0.0718232,0.0,0.12141747,0.29195011,0.09366391,0.57142857,12,+1 Lap,1,0,0.00125019
2019,19,2019-11-03,americas,STR,racing_point,0,14,2,0.03877421,0.13259669,0.0,0.16700453,0.25101148,0.05785124,0.2,13,+1 Lap,1,0,0.00108462
2019,19,2019-11-03,americas,GRO,haas,0,15,3,0.03019738,0.01104972,0.0,0.08140029,0.07198819,0.02203857,0.7,15,+1 Lap,1,0,0.00086631
2019,19,2019-11-03,americas,GIO,alfa,0,16,0,0.02351775,0.01657459,0.0,0.14823494,0.5,0.01101928,0.14285714,14,+1 Lap,1,0,0.00096864
2019,19,2019-11-03,americas,RAI,alfa,0,17,3,0.01831564,0.01657459,0.0,0.06744683,0.78554686,0.08539945,0.85714286,11,+1 Lap,1,0,0.00164476
2019,19,2019-11-03,americas,RUS,williams,0,18,0,0.01426423,0.0,0.0,0.04469723,0.5,0.0,0.875,17,+2 Laps,1,0,0.00116334
2019,19,2019-11-03,americas,PER,racing_point,0,19,3,0.011109,0.13259669,0.0,0.29571767,0.29006443,0.1184573,0.8,10,+1 Lap,1,0,0.00164702
2019,19,2019-11-03,americas,KUB,williams,0,20,0,0.0086517,0.0,0.0,0.04234138,0.5,0.00275482,0.125,19,Oil leak,0,0,0.00078863
2019,20,2019-11-17,interlagos,VER,red_bull,0,1,3,1.0,0.52631579,0.0,0.55904113,0.77934714,0.6167979,0.8,1,Finished,1,1,0.24091916
2019,20,2019-11-17,interlagos,VET,ferrari,0,2,3,0.77880078,0.67368421,0.0,0.65318261,0.68600243,0.60367454,0.6,17,Collision,0,0,0.14533749
2019,20,2019-11-17,interlagos,HAM,mercedes,0,3,3,0.60653066,1.0,0.0,1.0,1.0,1.0,0.66666667,7,Finished,1,0,0.42575752
2019,20,2019-11-17,interlagos,LEC,ferrari,0,4,1,0.47236655,0.67368421,0.0,0.73171228,0.44067264,0.65354331,0.4,18,Collision,0,0,0.04881081
2019,20,2019-11-17,interlagos,BOT,mercedes,0,5,3,0.36787944,1.0,0.0,0.97536254,0.57856202,0.82414698,0.33333333,20,Power Unit,0,0,0.10186104
2019,20,2019-11-17,interlagos,ALB,red_bull,0,6,0,0.2865048,0.52631579,0.0,0.56086061,0.5,0.22047244,0.35714286,14,Finished,1,0,0.01283135
2019,20,2019-11-17,interlagos,GAS,toro_rosso,0,7,2,0.22313016,0.06842105,0.0,0.20405878,0.25012775,0.20209974,0.26666667,2,Finished,1,0,0.00251527
2019,20,2019-11-17,interlagos,GRO,haas,0,8,3,0.17377394,0.01052632,0.0,0.08113835,0.15347038,0.02099738,0.7,13,Finished,1,0,0.00170079
2019,20,2019-11-17,interlagos,RAI,alfa,0,9,3,0.13533528,0.00526316,0.0,0.08342444,0.60479957,0.08136483,0.86666667,4,Finished,1,0,0.00256461
2019,20,2019-11-17,interlagos,MAG,haas,0,10,3,0.10539922,0.01052632,0.0,0.09021576,0.12686411,0.05249344,0.3,11,Finished,1,0,0.00113668
2019,20,2019-11-17,interlagos,NOR,mclaren,0,11,0,0.082085,0.2,0.0,0.24377271,0.5,0.10761155,0.3,8,Finished,1,0,0.00249847
2019,20,2019-11-17,interlagos,RIC,renault,0,12,3,0.06392786,0.09473684,0.0,0.17057292,0.49338788,0.12073491,0.66666667,6,Finished,1,0,0.00224382
2019,20,2019-11-17,interlagos,GIO,alfa,0,13,0,0.04978707,0.00526316,0.0,0.11118003,0.5,0.01049869,0.13333333,5,Finished,1,0,0.00119139
2019,20,2019-11-17,interlagos,HUL,renault,0,14,3,0.03877421,0.09473684,0.0,0.18187613,0.14133894,0.09711286,0.33333333,15,Finished,1,0,0.0012764
2019,20,2019-11-17,interlagos,PER,racing_point,0,15,3,0.03019738,0.1,0.0,0.25119337,0.30837602,0.11548556,0.8125,9,Finished,1,0,0.00206851
2019,20,2019-11-17,interlagos,KVY,toro_rosso,0,16,1,0.02351775,0.06842105,0.0,0.14439584,0.34236978,0.08923885,0.57142857,10,Finished,1,0,0.00150151
2019,20,2019-11-17,interlagos,STR,racing_point,0,17,2,0.01831564,0.1,0.0,0.1558921,0.20545833,0.05511811,0.1875,19,Suspension,0,0,0.00110705
2019,20,2019-11-17,interlagos,RUS,williams,0,18,0,0.01426423,0.0,0.0,0.03475511,0.5,0.0,0.875,12,Finished,1,0,0.00143481
2019,20,2019-11-17,interlagos,KUB,williams,0,19,0,0.011109,0.0,0.0,0.03069013,0.5,0.00262467,0.125,16,+1 Lap,1,0,0.00094688
2019,20,2019-11-17,interlagos,SAI,mclaren,0,20,3,0.0086517,0.2,0.0,0.31336543,0.20671063,0.20997375,0.7,3,Finished,1,0,0.00229643
2019,21,2019-12-01,yas_marina,HAM,mercedes,0,1,3,1.0,1.0,0.0,1.0,1.0,1.0,0.66666667,1,Finished,1,1,0.74268135
2019,21,2019-12-01,yas_marina,BOT,mercedes,0,2,3,0.77880078,1.0,0.0,0.92053437,0.55439804,0.81136951,0.33333333,4,Finished,1,0,0.16386233
2019,21,2019-12-01,yas_marina,VER,red_bull,0,3,3,0.60653066,0.5862069,0.0,0.68254456,0.60742325,0.67183463,0.8125,2,Finished,1,0,0.04492038
2019,21,2019-12-01,yas_marina,LEC,ferrari,0,4,1,0.47236655,0.48850575,0.0,0.5635052,0.42785174,0.64341085,0.4,3,Finished,1,0,0.01492418
2019,21,2019-12-01,yas_marina,VET,ferrari,0,5,3,0.36787944,0.48850575,0.0,0.43201996,0.78293656,0.59431525,0.6,5,Finished,1,0,0.01268054
2019,21,2019-12-01,yas_marina,ALB,red_bull,0,6,0,0.2865048,0.5862069,0.0,0.52003818,0.5,0.21705426,0.33333333,6,Finished,1,0,0.00634912
2019,21,2019-12-01,yas_marina,NOR,mclaren,0,7,0,0.22313016,0.29310345,0.0,0.24529375,0.5,0.11627907,0.27272727,8,+1 Lap,1,0,0.00220515
2019,21,2019-12-01,yas_marina,RIC,renault,0,8,3,0.17377394,0.13793103,0.0,0.25918004,0.37309914,0.13953488,0.69230769,11,+1 Lap,1,0,0.0017017
2019,21,2019-12-01,yas_marina,SAI,mclaren,0,9,3,0.13533528,0.29310345,0.0,0.48145789,0.1774528,0.24547804,0.72727273,10,+1 Lap,1,0,0.00226028
2019,21,2019-12-01,yas_marina,HUL,renault,0,10,3,0.10539922,0.13793103,0.0,0.15653457,0.19685999,0.09560724,0.30769231,12,+1 Lap,1,0,0.0008373
2019,21,2019-12-01,yas_marina,PER,racing_point,0,11,3,0.082085,0.12068966,0.0,0.32087129,0.2801255,0.11886305,0.8125,7,+1 Lap,1,0,0.00125461
2019,21,2019-12-01,yas_marina,GAS,toro_rosso,0,12,2,0.06392786,0.16091954,0.0,0.368339,0.18914096,0.24547804,0.3125,18,+2 Laps,1,0,0.00105874
2019,21,2019-12-01,yas_marina,STR,racing_point,0,13,2,0.04978707,0.12068966,0.0,0.14214198,0.22128828,0.05426357,0.1875,20,Brakes,0,0,0.00061717
2019,21,2019-12-01,yas_marina,KVY,toro_rosso,0,14,1,0.03877421,0.16091954,0.0,0.18139708,0.3,0.09043928,0.53333333,9,+1 Lap,1,0,0.00085381
2019,21,2019-12-01,yas_marina,MAG,haas,0,15,3,0.03019738,0.01149425,0.0,0.12106128,0.11036621,0.05167959,0.36363636,14,+1 Lap,1,0,0.00047865
2019,21,2019-12-01,yas_marina,GRO,haas,0,16,3,0.02351775,0.01149425,0.0,0.07466751,0.17572564,0.02067183,0.63636364,15,+1 Lap,1,0,0.00052269
2019,21,2019-12-01,yas_marina,GIO,alfa,0,17,0,0.01831564,0.12643678,0.0,0.19338058,0.5,0.03617571,0.125,16,+1 Lap,1,0,0.00070284
2019,21,2019-12-01,yas_marina,RAI,alfa,0,18,3,0.01426423,0.12643678,0.0,0.23367039,0.27403633,0.11111111,0.875,13,+1 Lap,1,0,0.00092976
2019,21,2019-12-01,yas_marina,RUS,williams,0,19,0,0.011109,0.0,0.0,0.06625944,0.5,0.0,0.88235294,17,+1 Lap,1,0,0.00069941
2019,21,2019-12-01,yas_marina,KUB,williams,0,20,0,0.0086517,0.0,0.0,0.03269513,0.5,0.00258398,0.11764706,19,+2 Laps,1,0,0.00045999
2020,1,2020-07-05,red_bull_ring,BOT,mercedes,0,1,3,1.0,0.0,0.0,1.0,0.68842356,0.0,0.5,1,Finished,1,1,0.40575012
2020,1,2020-07-05,red_bull_ring,HAM,mercedes,0,2,3,0.77880078,0.0,0.0,1.0,0.42572634,0.0,0.5,4,Finished,1,0,0.15401295
2020,1,2020-07-05,red_bull_ring,VER,red_bull,0,3,3,0.60653066,0.0,0.0,1.0,1.0,0.0,0.5,20,Electronics,0,0,0.13372597
2020,1,2020-07-05,red_bull_ring,NOR,mclaren,0,4,1,0.47236655,0.0,0.0,1.0,0.49043171,0.0,0.5,3,Finished,1,0,0.05640254
2020,1,2020-07-05,red_bull_ring,ALB,red_bull,0,5,1,0.36787944,0.0,0.0,1.0,0.33147815,0.0,0.5,13,Electronics,0,0,0.03472586
2020,1,2020-07-05,red_bull_ring,PER,racing_point,0,6,3,0.2865048,0.0,0.0,1.0,0.29221667,0.0,0.5,6,Finished,1,0,0.02543924
2020,1,2020-07-05,red_bull_ring,LEC,ferrari,0,7,2,0.22313016,0.0,0.0,1.0,0.65004616,0.0,0.5,2,Finished,1,0,0.02710506
2020,1,2020-07-05,red_bull_ring,SAI,mclaren,0,8,3,0.17377394,0.0,0.0,1.0,0.19068187,0.0,0.5,5,Finished,1,0,0.01592792
2020,1,2020-07-05,red_bull_ring,STR,racing_point,0,9,3,0.13533528,0.0,0.0,1.0,0.1228909,0.0,0.5,18,Engine,0,0,0.01322763
2020,1,2020-07-05,red_bull_ring,RIC,renault,0,10,3,0.10539922,0.0,0.0,1.0,0.26233128,0.0,0.5,19,Overheating,0,0,0.01331613
2020,1,2020-07-05,red_bull_ring,VET,ferrari,0,11,3,0.082085,0.0,0.0,1.0,0.83964767,0.0,0.5,10,Finished,1,0,0.01935948
2020,1,2020-07-05,red_bull_ring,GAS,alphatauri,0,12,2,0.06392786,0.0,0.0,1.0,0.37090946,0.0,0.5,7,Finished,1,0,0.0125738
2020,1,2020-07-05,red_bull_ring,KVY,alphatauri,0,13,2,0.04978707,0.0,0.0,1.0,0.21241412,0.0,0.5,12,Suspension,0,0,0.01057117
2020,1,2020-07-05,red_bull_ring,OCO,renault,0,14,2,0.03877421,0.0,0.0,1.0,0.44244331,0.0,0.5,8,Finished,1,0,0.01219828
2020,1,2020-07-05,red_bull_ring,GRO,haas,0,15,3,0.03019738,0.0,0.0,1.0,0.36346761,0.0,0.5,16,Brakes,0,0,0.01112926
2020,1,2020-07-05,red_bull_ring,MAG,haas,0,16,3,0.02351775,0.0,0.0,1.0,0.20109059,0.0,0.5,17,Brakes,0,0,0.00957097
2020,1,2020-07-05,red_bull_ring,RUS,williams,0,17,1,0.01831564,0.0,0.0,1.0,0.31727558,0.0,0.5,15,Fuel pressure,0,0,0.01030147
2020,1,2020-07-05,red_bull_ring,GIO,alfa,0,18,1,0.01426423,0.0,0.0,1.0,0.38556648,0.0,0.5,9,Finished,1,0,0.01071984
2020,1,2020-07-05,red_bull_ring,RAI,alfa,0,19,3,0.011109,0.0,0.0,1.0,0.58804266,0.0,0.5,14,Wheel,0,0,0.01243647
2020,1,2020-07-05,red_bull_ring,LAT,williams,0,20,0,0.0086517,0.0,0.0,1.0,0.5,0.0,0.5,11,Finished,1,0,0.01150585
2020,2,2020-07-12,red_bull_ring,HAM,mercedes,0,1,3,1.0,1.0,0.0,0.54881164,0.57834096,0.48,0.5,1,Finished,1,1,0.52058331
2020,2,2020-07-12,red_bull_ring,VER,red_bull,0,2,3,0.77880078,0.0,0.0,0.0,0.80386362,0.0,0.5,3,Finished,1,0,0.02509033
2020,2,2020-07-12,red_bull_ring,SAI,mclaren,0,3,3,0.60653066,0.7027027,0.0,0.44932896,0.45374646,0.4,0.5,9,+1 Lap,1,0,0.06616096
2020,2,2020-07-12,red_bull_ring,BOT,mercedes,0,4,3,0.47236655,1.0,0.0,1.0,0.98421312,1.0,0.5,2,Finished,1,0,0.28569764
2020,2,2020-07-12,red_bull_ring,OCO,renault,0,5,2,0.36787944,0.10810811,0.0,0.24659696,0.45906372,0.16,0.5,18,Overheating,0,0,0.00807011
2020,2,2020-07-12,red_bull_ring,NOR,mclaren,0,6,2,0.2865048,0.7027027,0.0,0.67032005,0.69782856,0.64,0.5,5,Finished,1,0,0.0408597
2020,2,2020-07-12,red_bull_ring,ALB,red_bull,0,7,2,0.22313016,0.0,0.0,0.0,0.19898622,0.0,0.5,4,Finished,1,0,0.00229873
2020,2,2020-07-12,red_bull_ring,GAS,alphatauri,0,8,3,0.17377394,0.16216216,0.0,0.30119421,0.38833164,0.24,0.5,15,+1 Lap,1,0,0.00478647
2020,2,2020-07-12,red_bull_ring,RIC,renault,0,9,3,0.13533528,0.10810811,0.0,0.0,0.05195787,0.0,0.5,8,Finished,1,0,0.00177499
2020,2,2020-07-12,red_bull_ring,VET,ferrari,0,10,3,0.10539922,0.51351351,0.0,0.16529889,0.59259959,0.04,0.5,20,Collision damage,0,0,0.0055024
2020,2,2020-07-12,red_bull_ring,LEC,ferrari,0,11,3,0.082085,0.51351351,0.0,0.81873075,1.0,0.72,0.5,19,Collision damage,0,0,0.02424748
2020,2,2020-07-12,red_bull_ring,RUS,williams,0,12,2,0.06392786,0.0,0.0,0.0,0.18816391,0.0,0.5,16,+2 Laps,1,0,0.00131718
2020,2,2020-07-12,red_bull_ring,STR,racing_point,0,13,3,0.04978707,0.21621622,0.0,0.0,0.05970583,0.0,0.5,7,Finished,1,0,0.00156021
2020,2,2020-07-12,red_bull_ring,KVY,alphatauri,0,14,2,0.03877421,0.16216216,0.0,0.0,0.19107844,0.0,0.5,10,+1 Lap,1,0,0.00153806
2020,2,2020-07-12,red_bull_ring,MAG,haas,0,15,3,0.03019738,0.0,0.0,0.0,0.16331232,0.0,0.5,12,+1 Lap,1,0,0.00114998
2020,2,2020-07-12,red_bull_ring,RAI,alfa,0,16,3,0.02351775,0.05405405,0.0,0.0,0.36890168,0.0,0.5,11,+1 Lap,1,0,0.00143102
2020,2,2020-07-12,red_bull_ring,PER,racing_point,0,17,3,0.01831564,0.21621622,0.0,0.36787944,0.41078184,0.32,0.5,6,Finished,1,0,0.00353593
2020,2,2020-07-12,red_bull_ring,LAT,williams,0,18,1,0.01426423,0.0,0.0,0.13533528,0.37978015,0.0,0.5,17,+2 Laps,1,0,0.0014945
2020,2,2020-07-12,red_bull_ring,GIO,alfa,0,19,2,0.011109,0.05405405,0.0,0.20189652,0.35396849,0.08,0.5,14,+1 Lap,1,0,0.00179576
2020,2,2020-07-12,red_bull_ring,GRO,haas,0,20,3,0.0086517,0.0,0.0,0.0,0.20716688,0.0,0.5,13,+1 Lap,1,0,0.00110524
2020,3,2020-07-19,hungaroring,HAM,mercedes,0,1,3,1.0,1.0,0.0,0.85158929,1.0,0.86046512,0.5,1,Finished,1,1,0.69673119
2020,3,2020-07-19,hungaroring,BOT,mercedes,0,2,3,0.77880078,1.0,0.0,1.0,0.45395291,1.0,0.5,3,Finished,1,0,0.25364052
2020,3,2020-07-19,hungaroring,STR,racing_point,0,3,3,0.60653066,0.275,0.0,0.16560682,0.05390611,0.13953488,0.5,4,Finished,1,0,0.00874024
2020,3,2020-07-19,hungaroring,PER,racing_point,0,4,3,0.47236655,0.275,0.0,0.40454525,0.15732595,0.37209302,0.5,7,+1 Lap,1,0,0.00831468
2020,3,2020-07-19,hungaroring,VET,ferrari,0,5,3,0.36787944,0.2375,0.0,0.09088695,0.88301582,0.02325581,0.5,6,+1 Lap,1,0,0.00505253
2020,3,2020-07-19,hungaroring,LEC,ferrari,0,6,2,0.2865048,0.2375,0.0,0.450166,0.40881588,0.41860465,0.5,11,+1 Lap,1,0,0.00494448
2020,3,2020-07-19,hungaroring,VER,red_bull,0,7,3,0.22313016,0.3375,0.0,0.36856475,0.52846037,0.34883721,0.5,2,Finished,1,0,0.00421962
2020,3,2020-07-19,hungaroring,NOR,mclaren,0,8,1,0.17377394,0.4875,0.0,0.61562109,0.38998603,0.60465116,0.5,13,+1 Lap,1,0,0.00589734
2020,3,2020-07-19,hungaroring,SAI,mclaren,0,9,3,0.13533528,0.4875,0.0,0.35806591,0.37543124,0.30232558,0.5,9,+1 Lap,1,0,0.00314006
2020,3,2020-07-19,hungaroring,GAS,alphatauri,0,10,2,0.10539922,0.0875,0.0,0.19904226,0.4414435,0.13953488,0.5,20,Engine,0,0,0.00130373
2020,3,2020-07-19,hungaroring,RIC,renault,0,11,3,0.082085,0.1,0.0,0.13558739,0.23219225,0.09302326,0.5,8,+1 Lap,1,0,0.00094693
2020,3,2020-07-19,hungaroring,RUS,williams,0,12,1,0.06392786,0.0,0.0,0.02737462,0.32219028,0.0,0.5,18,+1 Lap,1,0,0.00069196
2020,3,2020-07-19,hungaroring,ALB,red_bull,0,13,1,0.04978707,0.3375,0.0,0.3017553,0.37367433,0.27906977,0.5,5,Finished,1,0,0.00170756
2020,3,2020-07-19,hungaroring,OCO,renault,0,14,2,0.03877421,0.1,0.0,0.13558739,0.27386074,0.09302326,0.5,14,+1 Lap,1,0,0.00082346
2020,3,2020-07-19,hungaroring,LAT,williams,0,15,0,0.03019738,0.0,0.0,0.09682439,0.5,0.0,0.5,19,+5 Laps,1,0,0.00073726
2020,3,2020-07-19,hungaroring,MAG,haas,0,16,3,0.02351775,0.0,0.0,0.06092334,0.17570495,0.0,0.5,10,+1 Lap,1,0,0.00054983
2020,3,2020-07-19,hungaroring,KVY,alphatauri,0,17,2,0.01831564,0.0875,0.0,0.09088695,0.24126834,0.02325581,0.5,12,+1 Lap,1,0,0.00066483
2020,3,2020-07-19,hungaroring,GRO,haas,0,18,3,0.01426423,0.0,0.0,0.04987981,0.05860458,0.0,0.5,16,+1 Lap,1,0,0.00048242
2020,3,2020-07-19,hungaroring,GIO,alfa,0,19,1,0.011109,0.025,0.0,0.15184771,0.31487459,0.04651163,0.5,17,+1 Lap,1,0,0.00067637
2020,3,2020-07-19,hungaroring,RAI,alfa,0,20,3,0.0086517,0.025,0.0,0.07441194,0.59753857,0.0,0.5,15,+1 Lap,1,0,0.00073498
2020,4,2020-08-02,silverstone,HAM,mercedes,0,1,3,1.0,1.0,0.0,1.0,1.0,1.0,0.66666667,1,Finished,1,1,0.72767863
2020,4,2020-08-02,silverstone,BOT,mercedes,0,2,3,0.77880078,1.0,0.0,0.97655345,0.77770262,0.92063492,0.33333333,11,Finished,1,0,0.22164677
2020,4,2020-08-02,silverstone,VER,red_bull,0,3,3,0.60653066,0.45454545,0.0,0.58421375,0.34910557,0.52380952,0.5,2,Finished,1,0,0.02028779
2020,4,2020-08-02,silverstone,LEC,ferrari,0,4,2,0.47236655,0.2231405,0.0,0.37431799,0.44698607,0.28571429,0.5,3,Finished,1,0,0.00648002
2020,4,2020-08-02,silverstone,NOR,mclaren,0,5,1,0.36787944,0.33884298,0.0,0.47487501,0.35744749,0.41269841,0.66666667,5,Finished,1,0,0.00668569
2020,4,2020-08-02,silverstone,STR,racing_point,0,6,3,0.2865048,0.33057851,0.0,0.33349104,0.09318056,0.28571429,0.5,9,Finished,1,0,0.00289912
2020,4,2020-08-02,silverstone,SAI,mclaren,0,7,3,0.22313016,0.33884298,0.0,0.33471363,0.1774528,0.23809524,0.33333333,13,Finished,1,0,0.00224004
2020,4,2020-08-02,silverstone,RIC,renault,0,8,3,0.17377394,0.09917355,0.0,0.19349956,0.40537567,0.12698413,0.5,4,Finished,1,0,0.00135502
2020,4,2020-08-02,silverstone,OCO,renault,0,9,2,0.13533528,0.09917355,0.0,0.12589025,0.36725188,0.06349206,0.5,6,Finished,1,0,0.0010184
2020,4,2020-08-02,silverstone,VET,ferrari,0,10,3,0.10539922,0.2231405,0.0,0.20918703,0.43431536,0.14285714,0.5,10,Finished,1,0,0.00135468
2020,4,2020-08-02,silverstone,GAS,alphatauri,0,11,2,0.082085,0.05785124,0.0,0.14202865,0.42344988,0.0952381,0.5,7,Finished,1,0,0.00086982
2020,4,2020-08-02,silverstone,ALB,red_bull,0,12,1,0.06392786,0.45454545,0.0,0.39161019,0.34703402,0.34920635,0.5,8,Finished,1,0,0.00221118
2020,4,2020-08-02,silverstone,HUL,racing_point,0,13,3,0.04978707,0.33057851,0.0,0.58850955,0.29267804,0.0,0.5,20,Power Unit,0,0,0.00157973
2020,4,2020-08-02,silverstone,KVY,alphatauri,0,14,2,0.03877421,0.05785124,0.0,0.10832579,0.27419244,0.01587302,0.5,18,Accident,0,0,0.00060343
2020,4,2020-08-02,silverstone,RUS,williams,0,15,1,0.03019738,0.0,0.0,0.0326271,0.33152785,0.0,0.5,12,Finished,1,0,0.00051204
2020,4,2020-08-02,silverstone,MAG,haas,0,16,3,0.02351775,0.00826446,0.0,0.10832579,0.09489559,0.01587302,0.5,19,Collision,0,0,0.00046208
2020,4,2020-08-02,silverstone,GIO,alfa,0,17,1,0.01831564,0.01652893,0.0,0.12434512,0.3,0.03174603,0.5,14,Finished,1,0,0.00055631
2020,4,2020-08-02,silverstone,RAI,alfa,0,18,3,0.01426423,0.01652893,0.0,0.07695561,0.50695826,0.0,0.5,17,+1 Lap,1,0,0.00059825
2020,4,2020-08-02,silverstone,GRO,haas,0,19,3,0.011109,0.00826446,0.0,0.0551257,0.02187966,0.0,0.5,16,Finished,1,0,0.00038972
2020,4,2020-08-02,silverstone,LAT,williams,0,20,0,0.0086517,0.0,0.0,0.07981022,0.5,0.0,0.5,15,Finished,1,0,0.00057129
2020,5,2020-08-09,silverstone,BOT,mercedes,0,1,3,1.0,1.0,0.0,0.73951124,0.46594708,0.65909091,0.25,3,Finished,1,0,0.3559634
2020,5,2020-08-09,silverstone,HAM,mercedes,0,2,3,0.77880078,1.0,0.0,1.0,1.0,1.0,0.75,2,Finished,1,0,0.5610364
2020,5,2020-08-09,silverstone,HUL,racing_point,0,3,3,0.60653066,0.28767123,0.0,0.0,0.14205644,0.0,0.5,7,Finished,1,0,0.00751343
2020,5,2020-08-09,silverstone,VER,red_bull,0,4,3,0.47236655,0.53424658,0.0,0.650297,0.53725212,0.59090909,1.0,1,Finished,1,1,0.03827816
2020,5,2020-08-09,silverstone,RIC,renault,0,5,3,0.36787944,0.21917808,0.0,0.29362098,0.46663896,0.22727273,0.5,14,+1 Lap,1,0,0.0063338
2020,5,2020-08-09,silverstone,STR,racing_point,0,6,3,0.2865048,0.28767123,0.0,0.29640975,0.15208397,0.22727273,0.5,6,Finished,1,0,0.00414582
2020,5,2020-08-09,silverstone,GAS,alphatauri,0,7,3,0.22313016,0.0890411,0.0,0.18687903,0.34641762,0.13636364,0.5,11,Finished,1,0,0.0023952
2020,5,2020-08-09,silverstone,LEC,ferrari,0,8,3,0.17377394,0.29452055,0.0,0.45772677,0.54023077,0.375,0.66666667,4,Finished,1,0,0.0055982
2020,5,2020-08-09,silverstone,ALB,red_bull,0,9,2,0.13533528,0.53424658,0.0,0.35074771,0.30426877,0.29545455,0.0,5,Finished,1,0,0.00349625
2020,5,2020-08-09,silverstone,NOR,mclaren,0,10,2,0.10539922,0.34931507,0.0,0.46767653,0.39196267,0.40909091,0.75,9,Finished,1,0,0.00461683
2020,5,2020-08-09,silverstone,OCO,renault,0,11,2,0.082085,0.21917808,0.0,0.19407905,0.40578115,0.13636364,0.5,8,Finished,1,0,0.00188568
2020,5,2020-08-09,silverstone,VET,ferrari,0,12,3,0.06392786,0.29452055,0.0,0.19682003,0.3319244,0.11363636,0.33333333,12,Finished,1,0,0.00169535
2020,5,2020-08-09,silverstone,SAI,mclaren,0,13,3,0.04978707,0.34931507,0.0,0.26595944,0.16508926,0.17045455,0.25,13,Finished,1,0,0.00166079
2020,5,2020-08-09,silverstone,GRO,haas,0,14,3,0.03877421,0.00684932,0.0,0.05362136,0.02360287,0.0,0.5,16,+1 Lap,1,0,0.00067801
2020,5,2020-08-09,silverstone,RUS,williams,0,15,2,0.03019738,0.0,0.0,0.0546559,0.23991954,0.0,1.0,18,+1 Lap,1,0,0.00098925
2020,5,2020-08-09,silverstone,KVY,alphatauri,0,16,2,0.02351775,0.0890411,0.0,0.07780127,0.23135886,0.01136364,0.5,10,Finished,1,0,0.00088591
2020,5,2020-08-09,silverstone,MAG,haas,0,17,3,0.01831564,0.00684932,0.0,0.07780127,0.04785717,0.01136364,0.5,20,Retired,0,0,0.00066708
2020,5,2020-08-09,silverstone,LAT,williams,0,18,1,0.01426423,0.0,0.0,0.07445627,0.32536917,0.0,0.0,19,+1 Lap,1,0,0.00062561
2020,5,2020-08-09,silverstone,GIO,alfa,0,19,2,0.011109,0.01369863,0.0,0.11023574,0.20461895,0.02272727,0.33333333,17,+1 Lap,1,0,0.00071598
2020,5,2020-08-09,silverstone,RAI,alfa,0,20,3,0.0086517,0.01369863,0.0,0.06675687,0.26004983,0.0,0.66666667,15,+1 Lap,1,0,0.00081884
2020,6,2020-08-16,catalunya,HAM,mercedes,0,1,3,1.0,1.0,0.0,1.0,1.0,1.0,0.8,1,Finished,1,1,0.79133896
2020,6,2020-08-16,catalunya,BOT,mercedes,0,2,3,0.77880078,1.0,0.0,0.75436157,0.63265558,0.68224299,0.2,3,Finished,1,0,0.12289642
2020,6,2020-08-16,catalunya,VER,red_bull,0,3,3,0.60653066,0.62777778,0.0,0.75735534,0.51797458,0.71962617,1.0,2,Finished,1,0,0.05484745
2020,6,2020-08-16,catalunya,PER,racing_point,0,4,3,0.47236655,0.31111111,0.0,0.39570427,0.21661066,0.20560748,0.5,5,+1 Lap,1,0,0.00602283
2020,6,2020-08-16,catalunya,STR,racing_point,0,5,3,0.36787944,0.31111111,0.0,0.32507568,0.05437647,0.26168224,0.66666667,4,+1 Lap,1,0,0.00388702
2020,6,2020-08-16,catalunya,ALB,red_bull,0,6,1,0.2865048,0.62777778,0.0,0.38787638,0.35413411,0.3364486,0.0,8,+1 Lap,1,0,0.00485307
2020,6,2020-08-16,catalunya,SAI,mclaren,0,7,3,0.22313016,0.29444444,0.0,0.23687415,0.27637728,0.14018692,0.2,6,+1 Lap,1,0,0.00180128
2020,6,2020-08-16,catalunya,NOR,mclaren,0,8,1,0.17377394,0.29444444,0.0,0.4262334,0.3,0.35514019,0.8,10,+1 Lap,1,0,0.00302387
2020,6,2020-08-16,catalunya,LEC,ferrari,0,9,2,0.13533528,0.30555556,0.0,0.49757908,0.39104401,0.42056075,0.75,20,Electronics,0,0,0.00321026
2020,6,2020-08-16,catalunya,GAS,alphatauri,0,10,2,0.10539922,0.07777778,0.0,0.18283366,0.31565979,0.11214953,0.5,9,+1 Lap,1,0,0.00096188
2020,6,2020-08-16,catalunya,VET,ferrari,0,11,3,0.082085,0.30555556,0.0,0.18529422,0.61015689,0.09345794,0.25,7,+1 Lap,1,0,0.00136868
2020,6,2020-08-16,catalunya,KVY,alphatauri,0,12,2,0.06392786,0.07777778,0.0,0.10106392,0.30623274,0.01869159,0.5,12,+1 Lap,1,0,0.00070382
2020,6,2020-08-16,catalunya,RIC,renault,0,13,3,0.04978707,0.2,0.0,0.25558519,0.34567884,0.18691589,0.66666667,11,+1 Lap,1,0,0.0012132
2020,6,2020-08-16,catalunya,RAI,alfa,0,14,3,0.03877421,0.01111111,0.0,0.06816594,0.03376072,0.0,0.75,14,+1 Lap,1,0,0.00050758
2020,6,2020-08-16,catalunya,OCO,renault,0,15,2,0.03019738,0.2,0.0,0.21415864,0.29526158,0.14953271,0.33333333,13,+1 Lap,1,0,0.00085882
2020,6,2020-08-16,catalunya,MAG,haas,0,16,3,0.02351775,0.00555556,0.0,0.0632168,0.27083937,0.00934579,0.5,15,+1 Lap,1,0,0.00051007
2020,6,2020-08-16,catalunya,GRO,haas,0,17,3,0.01831564,0.00555556,0.0,0.05496894,0.11270379,0.0,0.5,19,+2 Laps,1,0,0.00043521
2020,6,2020-08-16,catalunya,RUS,williams,0,18,1,0.01426423,0.0,0.0,0.05205142,0.31630488,0.0,1.0,17,+1 Lap,1,0,0.00063705
2020,6,2020-08-16,catalunya,LAT,williams,0,19,0,0.011109,0.0,0.0,0.06675493,0.5,0.0,0.0,18,+2 Laps,1,0,0.00045235
2020,6,2020-08-16,catalunya,GIO,alfa,0,20,1,0.0086517,0.01111111,0.0,0.09890415,0.31991483,0.01869159,0.25,16,+1 Lap,1,0,0.0004702
2020,7,2020-08-30,spa,HAM,mercedes,0,1,3,1.0,1.0,0.0,1.0,1.0,1.0,0.83333333,1,Finished,1,1,0.80020844
2020,7,2020-08-30,spa,BOT,mercedes,0,2,3,0.77880078,1.0,0.0,0.61531269,0.67614129,0.67424242,0.16666667,2,Finished,1,0,0.10515679
2020,7,2020-08-30,spa,VER,red_bull,0,3,3,0.60653066,0.73369565,0.0,0.85634839,0.24802492,0.71969697,1.0,3,Finished,1,0,0.06151843
2020,7,2020-08-30,spa,RIC,renault,0,4,3,0.47236655,0.17391304,0.0,0.25973944,0.21642058,0.15151515,0.75,4,Finished,1,0,0.00430643
2020,7,2020-08-30,spa,ALB,red_bull,0,5,1,0.36787944,0.73369565,0.0,0.40273333,0.50900764,0.3030303,0.0,6,Finished,1,0,0.00904803
2020,7,2020-08-30,spa,OCO,renault,0,6,2,0.2865048,0.17391304,0.0,0.16175794,0.4014105,0.12121212,0.25,5,Finished,1,0,0.0019297
2020,7,2020-08-30,spa,SAI,mclaren,0,7,3,0.22313016,0.19565217,0.0,0.19779241,0.09376265,0.17424242,0.33333333,20,Exhaust,0,0,0.00145194
2020,7,2020-08-30,spa,PER,racing_point,0,8,3,0.17377394,0.38043478,0.0,0.38682476,0.36071174,0.24242424,0.33333333,10,Finished,1,0,0.00282223
2020,7,2020-08-30,spa,STR,racing_point,0,9,3,0.13533528,0.38043478,0.0,0.40852945,0.1567092,0.3030303,0.75,9,Finished,1,0,0.00285795
2020,7,2020-08-30,spa,NOR,mclaren,0,10,1,0.10539922,0.19565217,0.0,0.28152046,0.3,0.29545455,0.66666667,7,Finished,1,0,0.0017943
2020,7,2020-08-30,spa,KVY,alphatauri,0,11,2,0.082085,0.05434783,0.0,0.11459534,0.3434078,0.01515152,0.66666667,11,Finished,1,0,0.00089193
2020,7,2020-08-30,spa,GAS,alphatauri,0,12,2,0.06392786,0.05434783,0.0,0.14510794,0.32760893,0.10606061,0.33333333,8,Finished,1,0,0.00078131
2020,7,2020-08-30,spa,LEC,ferrari,0,13,2,0.04978707,0.22826087,0.0,0.28108376,0.61963351,0.34090909,0.75,14,Finished,1,0,0.00229617
2020,7,2020-08-30,spa,VET,ferrari,0,14,3,0.03877421,0.22826087,0.0,0.19614619,0.87648798,0.12121212,0.25,13,Finished,1,0,0.00158547
2020,7,2020-08-30,spa,RUS,williams,0,15,1,0.03019738,0.0,0.0,0.05563684,0.32828611,0.0,1.0,19,Debris,0,0,0.00076157
2020,7,2020-08-30,spa,RAI,alfa,0,16,3,0.02351775,0.0,0.0,0.07719692,0.17136359,0.0,0.8,12,Finished,1,0,0.00060083
2020,7,2020-08-30,spa,GRO,haas,0,17,3,0.01831564,0.00543478,0.0,0.05549239,0.23900037,0.0,0.0,15,Finished,1,0,0.00040085
2020,7,2020-08-30,spa,GIO,alfa,0,18,1,0.01426423,0.0,0.0,0.05807725,0.3,0.01515152,0.2,18,Accident,0,0,0.0004683
2020,7,2020-08-30,spa,LAT,williams,0,19,0,0.011109,0.0,0.0,0.039345,0.5,0.0,0.0,16,Finished,1,0,0.00047777
2020,7,2020-08-30,spa,MAG,haas,0,20,3,0.0086517,0.00543478,0.0,0.06991719,0.16588384,0.00757576,1.0,17,Finished,1,0,0.00064155
2020,8,2020-09-06,monza,HAM,mercedes,0,1,3,1.0,1.0,0.0,1.0,1.0,1.0,0.85714286,7,Finished,1,0,0.80912685
2020,8,2020-09-06,monza,BOT,mercedes,0,2,3,0.77880078,1.0,0.0,0.61531269,0.90750252,0.68152866,0.14285714,5,Finished,1,0,0.12728654
2020,8,2020-09-06,monza,SAI,mclaren,0,3,3,0.60653066,0.1576087,0.0,0.15589414,0.11214908,0.14649682,0.33333333,2,Finished,1,0,0.00400781
2020,8,2020-09-06,monza,PER,racing_point,0,4,3,0.47236655,0.32065217,0.0,0.31675771,0.32773985,0.21019108,0.25,10,Finished,1,0,0.00515583
2020,8,2020-09-06,monza,VER,red_bull,0,5,3,0.36787944,0.71195652,0.0,0.85634839,0.3442067,0.70063694,1.0,17,Power Unit,0,0,0.03123965
2020,8,2020-09-06,monza,NOR,mclaren,0,6,1,0.2865048,0.1576087,0.0,0.25077901,0.3777744,0.2866242,0.66666667,4,Finished,1,0,0.00294797
2020,8,2020-09-06,monza,RIC,renault,0,7,3,0.22313016,0.27717391,0.0,0.32245609,0.44014791,0.21019108,0.8,6,Finished,1,0,0.00342443
2020,8,2020-09-06,monza,STR,racing_point,0,8,3,0.17377394,0.32065217,0.0,0.38792285,0.21532562,0.26751592,0.8,3,Finished,1,0,0.00296878
2020,8,2020-09-06,monza,ALB,red_bull,0,9,1,0.13533528,0.71195652,0.0,0.36518564,0.47309011,0.30573248,0.0,15,Finished,1,0,0.00406943
2020,8,2020-09-06,monza,GAS,alphatauri,0,10,2,0.10539922,0.07065217,0.0,0.18366309,0.25925023,0.11464968,0.5,1,Finished,1,1,0.00098472
2020,8,2020-09-06,monza,KVY,alphatauri,0,11,2,0.082085,0.07065217,0.0,0.10837719,0.20988361,0.01273885,0.5,9,Finished,1,0,0.00073791
2020,8,2020-09-06,monza,OCO,renault,0,12,2,0.06392786,0.27717391,0.0,0.25500427,0.45627143,0.1656051,0.2,8,Finished,1,0,0.00139345
2020,8,2020-09-06,monza,LEC,ferrari,0,13,2,0.04978707,0.22826087,0.0,0.29649728,0.66735695,0.2866242,0.6,18,Accident,0,0,0.00214121
2020,8,2020-09-06,monza,RAI,alfa,0,14,3,0.03877421,0.0,0.0,0.07210593,0.45905837,0.0,0.8,13,Finished,1,0,0.00079915
2020,8,2020-09-06,monza,MAG,haas,0,15,3,0.03019738,0.00543478,0.0,0.05538204,0.05481339,0.00636943,0.75,19,Power Unit,0,0,0.00053246
2020,8,2020-09-06,monza,GRO,haas,0,16,3,0.02351775,0.00543478,0.0,0.0492858,0.04287614,0.0,0.25,12,Finished,1,0,0.00038978
2020,8,2020-09-06,monza,VET,ferrari,0,17,3,0.01831564,0.22826087,0.0,0.2149723,0.43310562,0.10191083,0.4,20,Brakes,0,0,0.00110856
2020,8,2020-09-06,monza,GIO,alfa,0,18,1,0.01426423,0.0,0.0,0.04266374,0.39499387,0.01273885,0.2,16,Finished,1,0,0.00049714
2020,8,2020-09-06,monza,RUS,williams,0,19,1,0.011109,0.0,0.0,0.04530486,0.33494629,0.0,1.0,14,Finished,1,0,0.00071379
2020,8,2020-09-06,monza,LAT,williams,0,20,0,0.0086517,0.0,0.0,0.04121788,0.5,0.0,0.0,11,Finished,1,0,0.00047453
2020,9,2020-09-13,mugello,HAM,mercedes,0,1,0,1.0,1.0,0.0,1.0,0.5,1.0,0.75,1,Finished,1,1,0.72069831
2020,9,2020-09-13,mugello,BOT,mercedes,0,2,0,0.77880078,1.0,0.0,0.66604007,0.5,0.71341463,0.25,2,Finished,1,0,0.14622917
2020,9,2020-09-13,mugello,VER,red_bull,0,3,0,0.60653066,0.64375,0.0,0.80287422,0.5,0.67073171,1.0,19,Collision,0,0,0.07743961
2020,9,2020-09-13,mugello,ALB,red_bull,0,4,0,0.47236655,0.64375,0.0,0.3328246,0.5,0.29268293,0.0,3,Finished,1,0,0.01331488
2020,9,2020-09-13,mugello,LEC,ferrari,0,5,0,0.36787944,0.2125,0.0,0.31393903,0.5,0.27439024,0.6,8,Finished,1,0,0.00637758
2020,9,2020-09-13,mugello,PER,racing_point,0,6,0,0.2865048,0.35625,0.0,0.31551009,0.5,0.20731707,0.2,5,Finished,1,0,0.00464959
2020,9,2020-09-13,mugello,STR,racing_point,0,7,0,0.22313016,0.35625,0.0,0.48321369,0.5,0.34756098,0.83333333,13,Puncture,0,0,0.00683514
2020,9,2020-09-13,mugello,RIC,renault,0,8,0,0.17377394,0.36875,0.0,0.40658788,0.5,0.25,0.83333333,4,Finished,1,0,0.00500669
2020,9,2020-09-13,mugello,SAI,mclaren,0,9,0,0.13533528,0.35625,0.0,0.33205607,0.5,0.25,0.42857143,18,Collision,0,0,0.00325464
2020,9,2020-09-13,mugello,OCO,renault,0,10,0,0.10539922,0.36875,0.0,0.34008393,0.5,0.18292683,0.16666667,14,Brakes,0,0,0.00251542
2020,9,2020-09-13,mugello,NOR,mclaren,0,11,0,0.082085,0.35625,0.0,0.40450499,0.5,0.34756098,0.57142857,6,Finished,1,0,0.00339464
2020,9,2020-09-13,mugello,KVY,alphatauri,0,12,0,0.06392786,0.25,0.0,0.14887015,0.5,0.02439024,0.4,7,Finished,1,0,0.00147302
2020,9,2020-09-13,mugello,RAI,alfa,0,13,0,0.04978707,0.0,0.0,0.09159559,0.5,0.0,0.83333333,9,Finished,1,0,0.00110693
2020,9,2020-09-13,mugello,VET,ferrari,0,14,0,0.03877421,0.2125,0.0,0.16214232,0.5,0.09756098,0.4,10,Finished,1,0,0.00137341
2020,9,2020-09-13,mugello,GRO,haas,0,15,0,0.03019738,0.0,0.0,0.07245547,0.5,0.0,0.25,12,Finished,1,0,0.00076061
2020,9,2020-09-13,mugello,GAS,alphatauri,0,16,0,0.02351775,0.25,0.0,0.45753818,0.5,0.26219512,0.6,20,Collision,0,0,0.00238188
2020,9,2020-09-13,mugello,GIO,alfa,0,17,0,0.01831564,0.0,0.0,0.05209073,0.5,0.01219512,0.16666667,17,Collision,0,0,0.00069212
2020,9,2020-09-13,mugello,RUS,williams,0,18,0,0.01426423,0.0,0.0,0.06291673,0.5,0.0,0.83333333,11,Finished,1,0,0.00094951
2020,9,2020-09-13,mugello,LAT,williams,0,19,0,0.011109,0.0,0.0,0.07442597,0.5,0.0,0.16666667,15,Collision,0,0,0.00068506
2020,9,2020-09-13,mugello,MAG,haas,0,20,0,0.0086517,0.0,0.0,0.02465391,0.5,0.00609756,0.75,16,Collision,0,0,0.00086178
2020,10,2020-09-27,sochi,HAM,mercedes,0,1,3,1.0,1.0,0.0,1.0,1.0,1.0,0.77777778,3,Finished,1,0,0.79931527
2020,10,2020-09-27,sochi,VER,red_bull,0,2,3,0.77880078,0.53072626,0.0,0.60414955,0.5510551,0.57894737,1.0,2,Finished,1,0,0.06837845
2020,10,2020-09-27,sochi,BOT,mercedes,0,3,3,0.60653066,1.0,0.0,0.83191577,0.9581831,0.71052632,0.22222222,1,Finished,1,1,0.10072391
2020,10,2020-09-27,sochi,PER,racing_point,0,4,3,0.47236655,0.36312849,0.0,0.37296059,0.30431594,0.23157895,0.2,4,Finished,1,0,0.0061139
2020,10,2020-09-27,sochi,RIC,renault,0,5,3,0.36787944,0.2849162,0.0,0.40658788,0.13042689,0.27894737,0.83333333,5,Finished,1,0,0.00487271
2020,10,2020-09-27,sochi,SAI,mclaren,0,6,3,0.2865048,0.30726257,0.0,0.31003675,0.24263625,0.21578947,0.42857143,19,Accident,0,0,0.00291915
2020,10,2020-09-27,sochi,OCO,renault,0,7,2,0.22313016,0.2849162,0.0,0.25079118,0.35084067,0.15789474,0.16666667,7,Finished,1,0,0.00194765
2020,10,2020-09-27,sochi,NOR,mclaren,0,8,1,0.17377394,0.30726257,0.0,0.38473533,0.40990918,0.34210526,0.57142857,15,+1 Lap,1,0,0.0029017
2020,10,2020-09-27,sochi,GAS,alphatauri,0,9,2,0.13533528,0.22346369,0.0,0.38443146,0.20664354,0.22631579,0.6,9,Finished,1,0,0.00177136
2020,10,2020-09-27,sochi,ALB,red_bull,0,10,1,0.10539922,0.53072626,0.0,0.43567189,0.50026759,0.33157895,0.0,10,Finished,1,0,0.00270872
2020,10,2020-09-27,sochi,LEC,ferrari,0,11,2,0.082085,0.12849162,0.0,0.21109175,0.55040797,0.25789474,0.66666667,6,Finished,1,0,0.00147522
2020,10,2020-09-27,sochi,KVY,alphatauri,0,12,2,0.06392786,0.22346369,0.0,0.22197687,0.25525124,0.05263158,0.4,8,Finished,1,0,0.00095414
2020,10,2020-09-27,sochi,STR,racing_point,0,13,3,0.04978707,0.36312849,0.0,0.43420879,0.12437664,0.3,0.83333333,20,Collision,0,0,0.00190636
2020,10,2020-09-27,sochi,RUS,williams,0,14,1,0.03877421,0.0,0.0,0.06887124,0.3,0.0,0.83333333,18,+1 Lap,1,0,0.00065562
2020,10,2020-09-27,sochi,VET,ferrari,0,15,3,0.03019738,0.12849162,0.0,0.16214232,0.44498927,0.08947368,0.33333333,13,+1 Lap,1,0,0.00080051
2020,10,2020-09-27,sochi,GRO,haas,0,16,3,0.02351775,0.0,0.0,0.08726547,0.04798137,0.0,0.25,17,+1 Lap,1,0,0.00039053
2020,10,2020-09-27,sochi,GIO,alfa,0,17,1,0.01831564,0.01117318,0.0,0.03406284,0.32710327,0.01052632,0.16666667,11,+1 Lap,1,0,0.00044387
2020,10,2020-09-27,sochi,MAG,haas,0,18,3,0.01426423,0.0,0.0,0.02465391,0.21265809,0.00526316,0.75,12,+1 Lap,1,0,0.00051681
2020,10,2020-09-27,sochi,LAT,williams,0,19,0,0.011109,0.0,0.0,0.05966598,0.5,0.0,0.16666667,16,+1 Lap,1,0,0.00049758
2020,10,2020-09-27,sochi,RAI,alfa,0,20,3,0.0086517,0.01117318,0.0,0.13070657,0.41027337,0.01052632,0.83333333,14,+1 Lap,1,0,0.00070653
2020,11,2020-10-11,nurburgring,BOT,mercedes,0,1,1,1.0,1.0,0.0,0.94601461,0.3244281,0.78536585,0.3,19,Power Unit,0,0,0.46606613
2020,11,2020-10-11,nurburgring,HAM,mercedes,0,2,3,0.77880078,1.0,0.0,1.0,0.650122,1.0,0.7,1,Finished,1,1,0.42970093
2020,11,2020-10-11,nurburgring,VER,red_bull,0,3,0,0.60653066,0.42473118,0.0,0.58108354,0.5,0.62439024,1.0,2,Finished,1,0,0.04944149
2020,11,2020-10-11,nurburgring,LEC,ferrari,0,4,0,0.47236655,0.10215054,0.0,0.17342251,0.5,0.27804878,0.71428571,7,Finished,1,0,0.00823143
2020,11,2020-10-11,nurburgring,ALB,red_bull,0,5,0,0.36787944,0.42473118,0.0,0.3804356,0.5,0.31219512,0.0,17,Radiator,0,0,0.00836251
2020,11,2020-10-11,nurburgring,RIC,renault,0,6,2,0.2865048,0.33870968,0.0,0.51621795,0.23593773,0.30731707,0.85714286,3,Finished,1,0,0.00795266
2020,11,2020-10-11,nurburgring,OCO,renault,0,7,0,0.22313016,0.33870968,0.0,0.27391016,0.5,0.17560976,0.14285714,18,Gearbox,0,0,0.00384072
2020,11,2020-10-11,nurburgring,NOR,mclaren,0,8,0,0.17377394,0.28494624,0.0,0.36358783,0.5,0.31707317,0.57142857,16,Power Unit,0,0,0.00455226
2020,11,2020-10-11,nurburgring,PER,racing_point,0,9,2,0.13533528,0.33870968,0.0,0.44770514,0.33508631,0.27317073,0.2,4,Finished,1,0,0.00334174
2020,11,2020-10-11,nurburgring,SAI,mclaren,0,10,0,0.10539922,0.28494624,0.0,0.29878029,0.5,0.2,0.42857143,5,Finished,1,0,0.00285052
2020,11,2020-10-11,nurburgring,VET,ferrari,0,11,3,0.082085,0.10215054,0.0,0.16314407,1.0,0.08292683,0.28571429,11,Finished,1,0,0.00218522
2020,11,2020-10-11,nurburgring,GAS,alphatauri,0,12,0,0.06392786,0.24193548,0.0,0.41555686,0.5,0.2195122,0.5,6,Finished,1,0,0.0027679
2020,11,2020-10-11,nurburgring,KVY,alphatauri,0,13,0,0.04978707,0.24193548,0.0,0.25074218,0.5,0.06829268,0.5,15,Finished,1,0,0.00195799
2020,11,2020-10-11,nurburgring,GIO,alfa,0,14,0,0.03877421,0.01075269,0.0,0.05914858,0.5,0.0097561,0.28571429,10,Finished,1,0,0.00093595
2020,11,2020-10-11,nurburgring,MAG,haas,0,15,0,0.03019738,0.0,0.0,0.05347467,0.5,0.00487805,0.8,13,Finished,1,0,0.00114049
2020,11,2020-10-11,nurburgring,GRO,haas,0,16,1,0.02351775,0.0,0.0,0.08825407,0.62889357,0.0,0.2,9,Finished,1,0,0.00094981
2020,11,2020-10-11,nurburgring,RUS,williams,0,17,0,0.01831564,0.0,0.0,0.07144487,0.5,0.0,0.71428571,20,Collision,0,0,0.00106606
2020,11,2020-10-11,nurburgring,LAT,williams,0,18,0,0.01426423,0.0,0.0,0.06755174,0.5,0.0,0.28571429,14,Finished,1,0,0.00084783
2020,11,2020-10-11,nurburgring,RAI,alfa,0,19,2,0.011109,0.01075269,0.0,0.13898094,0.55898895,0.0097561,0.71428571,12,Finished,1,0,0.00119992
2020,11,2020-10-11,nurburgring,HUL,racing_point,0,20,1,0.0086517,0.33870968,0.0,0.62948282,0.38110416,0.02926829,0.5,8,Finished,1,0,0.00260843
2020,12,2020-10-25,portimao,HAM,mercedes,0,1,0,1.0,1.0,0.0,1.0,0.5,1.0,0.7,1,Finished,1,1,0.72720829
2020,12,2020-10-25,portimao,BOT,mercedes,0,2,0,0.77880078,1.0,0.0,0.77723263,0.5,0.7,0.3,2,Finished,1,0,0.17298033
2020,12,2020-10-25,portimao,VER,red_bull,0,3,0,0.60653066,0.44705882,0.0,0.58108354,0.5,0.63913043,1.0,3,Finished,1,0,0.04596037
2020,12,2020-10-25,portimao,LEC,ferrari,0,4,0,0.47236655,0.11176471,0.0,0.24926115,0.5,0.27391304,0.75,4,Finished,1,0,0.00817426
2020,12,2020-10-25,portimao,PER,racing_point,0,5,0,0.36787944,0.33529412,0.0,0.47275419,0.5,0.29565217,0.33333333,7,+1 Lap,1,0,0.00837365
2020,12,2020-10-25,portimao,ALB,red_bull,0,6,0,0.2865048,0.44705882,0.0,0.31834418,0.5,0.27826087,0.0,12,+1 Lap,1,0,0.00528531
2020,12,2020-10-25,portimao,SAI,mclaren,0,7,0,0.22313016,0.31764706,0.0,0.31928872,0.5,0.22173913,0.42857143,6,+1 Lap,1,0,0.00414963
2020,12,2020-10-25,portimao,NOR,mclaren,0,8,0,0.17377394,0.31764706,0.0,0.3219667,0.5,0.2826087,0.57142857,13,+1 Lap,1,0,0.00395165
2020,12,2020-10-25,portimao,GAS,alphatauri,0,9,0,0.13533528,0.3,0.0,0.45735022,0.5,0.23043478,0.57142857,5,+1 Lap,1,0,0.00374779
2020,12,2020-10-25,portimao,RIC,renault,0,10,0,0.10539922,0.45882353,0.0,0.65092344,0.5,0.33913043,0.85714286,9,+1 Lap,1,0,0.0066075
2020,12,2020-10-25,portimao,OCO,renault,0,11,0,0.082085,0.45882353,0.0,0.251068,0.5,0.15652174,0.14285714,8,+1 Lap,1,0,0.00241049
2020,12,2020-10-25,portimao,STR,racing_point,0,12,0,0.06392786,0.33529412,0.0,0.27452267,0.5,0.24782609,0.83333333,20,Collision damage,0,0,0.00292111
2020,12,2020-10-25,portimao,KVY,alphatauri,0,13,0,0.04978707,0.3,0.0,0.23815426,0.5,0.06086957,0.42857143,19,+2 Laps,1,0,0.00179578
2020,12,2020-10-25,portimao,RUS,williams,0,14,0,0.03877421,0.0,0.0,0.06118123,0.5,0.0,0.71428571,14,+1 Lap,1,0,0.00100577
2020,12,2020-10-25,portimao,VET,ferrari,0,15,0,0.03019738,0.11176471,0.0,0.12138193,0.5,0.07391304,0.25,10,+1 Lap,1,0,0.00103676
2020,12,2020-10-25,portimao,RAI,alfa,0,16,0,0.02351775,0.01764706,0.0,0.14817884,0.5,0.00869565,0.625,11,+1 Lap,1,0,0.00103701
2020,12,2020-10-25,portimao,GIO,alfa,0,17,0,0.01831564,0.01764706,0.0,0.08823366,0.5,0.01304348,0.375,15,+1 Lap,1,0,0.000847
2020,12,2020-10-25,portimao,GRO,haas,0,18,0,0.01426423,0.01176471,0.0,0.1322103,0.5,0.00869565,0.33333333,17,+1 Lap,1,0,0.00084788
2020,12,2020-10-25,portimao,MAG,haas,0,19,0,0.011109,0.01176471,0.0,0.06100527,0.5,0.00434783,0.66666667,16,+1 Lap,1,0,0.00091177
2020,12,2020-10-25,portimao,LAT,williams,0,20,0,0.0086517,0.0,0.0,0.07785015,0.5,0.0,0.28571429,18,+2 Laps,1,0,0.00074764
2020,13,2020-11-01,imola,BOT,mercedes,0,1,0,1.0,1.0,0.0,0.77723263,0.5,0.69921875,0.27272727,2,Finished,1,0,0.49208707
2020,13,2020-11-01,imola,HAM,mercedes,0,2,0,0.77880078,1.0,0.0,1.0,0.5,1.0,0.72727273,1,Finished,1,1,0.39157656
2020,13,2020-11-01,imola,VER,red_bull,0,3,0,0.60653066,0.39766082,0.0,0.58108354,0.5,0.6328125,1.0,17,Puncture,0,0,0.05120422
2020,13,2020-11-01,imola,GAS,alphatauri,0,4,0,0.47236655,0.33333333,0.0,0.50839675,0.5,0.24609375,0.625,20,Water pressure,0,0,0.01659174
2020,13,2020-11-01,imola,RIC,renault,0,5,0,0.36787944,0.35672515,0.0,0.5635726,0.5,0.3125,0.75,3,Finished,1,0,0.01331549
2020,13,2020-11-01,imola,ALB,red_bull,0,6,0,0.2865048,0.39766082,0.0,0.25361414,0.5,0.25,0.0,15,Finished,1,0,0.00515879
2020,13,2020-11-01,imola,LEC,ferrari,0,7,0,0.22313016,0.1871345,0.0,0.36874657,0.5,0.29296875,0.77777778,5,Finished,1,0,0.00496261
2020,13,2020-11-01,imola,KVY,alphatauri,0,8,0,0.17377394,0.33333333,0.0,0.21095769,0.5,0.0546875,0.375,4,Finished,1,0,0.00300191
2020,13,2020-11-01,imola,NOR,mclaren,0,9,0,0.13533528,0.32748538,0.0,0.26897023,0.5,0.25390625,0.5,8,Finished,1,0,0.00330793
2020,13,2020-11-01,imola,SAI,mclaren,0,10,0,0.10539922,0.32748538,0.0,0.41191824,0.5,0.23046875,0.5,7,Finished,1,0,0.00332992
2020,13,2020-11-01,imola,PER,racing_point,0,11,0,0.082085,0.35087719,0.0,0.5069717,0.5,0.2890625,0.33333333,6,Finished,1,0,0.00333321
2020,13,2020-11-01,imola,OCO,renault,0,12,0,0.06392786,0.35672515,0.0,0.20002147,0.5,0.15625,0.25,19,Gearbox,0,0,0.0020273
2020,13,2020-11-01,imola,RUS,williams,0,13,0,0.04978707,0.0,0.0,0.07988281,0.5,0.0,0.75,16,Accident,0,0,0.00118139
2020,13,2020-11-01,imola,VET,ferrari,0,14,0,0.03877421,0.1871345,0.0,0.1401609,0.5,0.0703125,0.22222222,12,Finished,1,0,0.00128167
2020,13,2020-11-01,imola,STR,racing_point,0,15,0,0.03019738,0.35087719,0.0,0.21097748,0.5,0.22265625,0.83333333,13,Finished,1,0,0.00242494
2020,13,2020-11-01,imola,GRO,haas,0,16,0,0.02351775,0.01169591,0.0,0.12716239,0.5,0.0078125,0.28571429,14,Finished,1,0,0.00092695
2020,13,2020-11-01,imola,MAG,haas,0,17,0,0.01831564,0.01169591,0.0,0.06327767,0.5,0.00390625,0.71428571,18,Illness,0,0,0.00103016
2020,13,2020-11-01,imola,RAI,alfa,0,18,3,0.01426423,0.01754386,0.0,0.15435586,1.0,0.0078125,0.66666667,9,Finished,1,0,0.00156876
2020,13,2020-11-01,imola,LAT,williams,0,19,0,0.011109,0.0,0.0,0.07371727,0.5,0.0,0.25,11,Finished,1,0,0.00080719
2020,13,2020-11-01,imola,GIO,alfa,0,20,0,0.0086517,0.01754386,0.0,0.10354522,0.5,0.01171875,0.33333333,10,Finished,1,0,0.00088219
2020,14,2020-11-15,istanbul,STR,racing_point,0,1,0,1.0,0.26262626,0.0,0.02428044,0.5,0.20212766,0.71428571,9,Finished,1,0,0.16772133
2020,14,2020-11-15,istanbul,VER,red_bull,0,2,0,0.77880078,0.34343434,0.0,0.49413777,0.5,0.57446809,1.0,6,Finished,1,0,0.22634206
2020,14,2020-11-15,istanbul,PER,racing_point,0,3,1,0.60653066,0.26262626,0.0,0.47449123,0.34895349,0.29078014,0.42857143,2,Finished,1,0,0.05824809
2020,14,2020-11-15,istanbul,ALB,red_bull,0,4,0,0.47236655,0.34343434,0.0,0.21566662,0.5,0.22695035,0.0,7,Finished,1,0,0.02709897
2020,14,2020-11-15,istanbul,RIC,renault,0,5,0,0.36787944,0.32323232,0.0,0.54400495,0.5,0.33687943,0.75,10,Finished,1,0,0.04129721
2020,14,2020-11-15,istanbul,HAM,mercedes,0,6,3,0.2865048,1.0,0.0,1.0,0.9693,1.0,0.75,1,Finished,1,1,0.33854858
2020,14,2020-11-15,istanbul,OCO,renault,0,7,0,0.22313016,0.32323232,0.0,0.117292,0.5,0.14184397,0.25,11,+1 Lap,1,0,0.01059877
2020,14,2020-11-15,istanbul,RAI,alfa,0,8,1,0.17377394,0.03030303,0.0,0.1550654,0.43306939,0.0141844,0.7,15,+1 Lap,1,0,0.00647176
2020,14,2020-11-15,istanbul,BOT,mercedes,0,9,0,0.13533528,1.0,0.0,0.74003328,0.5,0.69858156,0.25,14,+1 Lap,1,0,0.06470116
2020,14,2020-11-15,istanbul,GIO,alfa,0,10,0,0.10539922,0.03030303,0.0,0.11278523,0.5,0.0141844,0.3,20,Gearbox,0,0,0.00422934
2020,14,2020-11-15,istanbul,NOR,mclaren,0,11,0,0.082085,0.18181818,0.0,0.1640154,0.5,0.24468085,0.44444444,8,Finished,1,0,0.0066419
2020,14,2020-11-15,istanbul,VET,ferrari,0,12,3,0.06392786,0.21212121,0.0,0.14291401,1.0,0.06382979,0.2,3,Finished,1,0,0.0072698
2020,14,2020-11-15,istanbul,SAI,mclaren,0,13,0,0.04978707,0.18181818,0.0,0.23947023,0.5,0.23049645,0.55555556,5,Finished,1,0,0.00673514
2020,14,2020-11-15,istanbul,LEC,ferrari,0,14,0,0.03877421,0.21212121,0.0,0.4097816,0.5,0.30141844,0.8,4,Finished,1,0,0.00972418
2020,14,2020-11-15,istanbul,GAS,alphatauri,0,15,0,0.03019738,0.21212121,0.0,0.2182088,0.5,0.22340426,0.625,13,+1 Lap,1,0,0.00662048
2020,14,2020-11-15,istanbul,MAG,haas,0,16,0,0.02351775,0.01010101,0.0,0.05380963,0.5,0.0035461,0.71428571,17,Withdrew,0,0,0.00353188
2020,14,2020-11-15,istanbul,KVY,alphatauri,0,17,0,0.01831564,0.21212121,0.0,0.25367354,0.5,0.09219858,0.375,12,+1 Lap,1,0,0.00526629
2020,14,2020-11-15,istanbul,RUS,williams,0,18,0,0.01426423,0.0,0.0,0.05202687,0.5,0.0,0.75,16,+1 Lap,1,0,0.00341405
2020,14,2020-11-15,istanbul,GRO,haas,0,19,0,0.011109,0.01010101,0.0,0.10031382,0.5,0.0070922,0.28571429,18,Collision damage,0,0,0.00289026
2020,14,2020-11-15,istanbul,LAT,williams,0,20,0,0.0086517,0.0,0.0,0.06268718,0.5,0.0,0.25,19,Collision damage,0,0,0.00264874
2020,15,2020-11-29,bahrain,HAM,mercedes,0,1,3,1.0,1.0,0.0,1.0,1.0,1.0,0.76923077,1,Finished,1,1,0.81380313
2020,15,2020-11-29,bahrain,BOT,mercedes,0,2,3,0.77880078,1.0,0.0,0.58063153,0.91930802,0.64169381,0.23076923,8,Finished,1,0,0.13101365
2020,15,2020-11-29,bahrain,VER,red_bull,0,3,3,0.60653066,0.37430168,0.0,0.57290742,0.29214028,0.55374593,1.0,2,Finished,1,0,0.02369978
2020,15,2020-11-29,bahrain,ALB,red_bull,0,4,1,0.47236655,0.37430168,0.0,0.13663011,0.39457571,0.22801303,0.0,3,Finished,1,0,0.00477427
2020,15,2020-11-29,bahrain,PER,racing_point,0,5,3,0.36787944,0.34636872,0.0,0.55358683,0.18670761,0.3257329,0.5,18,Engine,0,0,0.00588722
2020,15,2020-11-29,bahrain,RIC,renault,0,6,3,0.2865048,0.29608939,0.0,0.46188793,0.11959212,0.31270358,0.77777778,7,Finished,1,0,0.00402531
2020,15,2020-11-29,bahrain,OCO,renault,0,7,2,0.22313016,0.29608939,0.0,0.14626973,0.30082707,0.13029316,0.22222222,9,Finished,1,0,0.00174783
2020,15,2020-11-29,bahrain,GAS,alphatauri,0,8,2,0.17377394,0.20111732,0.0,0.23763315,0.45743786,0.20521173,0.55555556,6,Finished,1,0,0.00200046
2020,15,2020-11-29,bahrain,NOR,mclaren,0,9,1,0.13533528,0.24022346,0.0,0.13804663,0.47232819,0.24104235,0.4,4,Finished,1,0,0.00160688
2020,15,2020-11-29,bahrain,KVY,alphatauri,0,10,2,0.10539922,0.20111732,0.0,0.21290737,0.25934441,0.08469055,0.44444444,11,+1 Lap,1,0,0.00113382
2020,15,2020-11-29,bahrain,VET,ferrari,0,11,3,0.082085,0.3575419,0.0,0.25104818,0.87796139,0.10749186,0.27272727,13,+1 Lap,1,0,0.00209168
2020,15,2020-11-29,bahrain,LEC,ferrari,0,12,2,0.06392786,0.3575419,0.0,0.47449123,0.50987943,0.31596091,0.72727273,10,+1 Lap,1,0,0.0027602
2020,15,2020-11-29,bahrain,STR,racing_point,0,13,3,0.04978707,0.34636872,0.0,0.07831756,0.06721271,0.19218241,0.625,19,Collision,0,0,0.00102529
2020,15,2020-11-29,bahrain,RUS,williams,0,14,1,0.03877421,0.0,0.0,0.03370945,0.32848566,0.0,0.75,12,+1 Lap,1,0,0.00063341
2020,15,2020-11-29,bahrain,SAI,mclaren,0,15,3,0.03019738,0.24022346,0.0,0.33567969,0.05042863,0.24429967,0.6,5,Finished,1,0,0.00109958
2020,15,2020-11-29,bahrain,GIO,alfa,0,16,1,0.02351775,0.02234637,0.0,0.11278523,0.363396,0.01302932,0.3,16,+1 Lap,1,0,0.00056311
2020,15,2020-11-29,bahrain,RAI,alfa,0,17,3,0.01831564,0.02234637,0.0,0.12485624,0.30640013,0.01302932,0.7,15,+1 Lap,1,0,0.00065234
2020,15,2020-11-29,bahrain,MAG,haas,0,18,3,0.01426423,0.01117318,0.0,0.05380963,0.21571943,0.00325733,0.71428571,17,+1 Lap,1,0,0.0005452
2020,15,2020-11-29,bahrain,GRO,haas,0,19,3,0.011109,0.01117318,0.0,0.07658886,0.09943687,0.00651466,0.28571429,20,Collision,0,0,0.00040956
2020,15,2020-11-29,bahrain,LAT,williams,0,20,0,0.0086517,0.0,0.0,0.06268718,0.5,0.0,0.25,14,+1 Lap,1,0,0.00052728
2020,16,2020-12-06,bahrain,BOT,mercedes,0,1,3,1.0,1.0,0.0,0.73190589,1.0,0.60542169,0.21428571,8,Finished,1,0,0.67203928
2020,16,2020-12-06,bahrain,RUS,mercedes,0,2,2,0.77880078,1.0,0.0,0.08777786,0.27996636,0.0,0.77777778,9,Finished,1,0,0.07259694
2020,16,2020-12-06,bahrain,VER,red_bull,0,3,3,0.60653066,0.49101796,0.0,1.0,0.9787035,0.56927711,1.0,19,Accident,0,0,0.15375253
2020,16,2020-12-06,bahrain,LEC,ferrari,0,4,3,0.47236655,0.34131737,0.0,0.7525039,0.56133689,0.29518072,0.75,20,Collision,0,0,0.03047651
2020,16,2020-12-06,bahrain,PER,racing_point,0,5,3,0.36787944,0.2994012,0.0,0.76116371,0.11439732,0.30120482,0.5,1,Finished,1,1,0.01260927
2020,16,2020-12-06,bahrain,KVY,alphatauri,0,6,2,0.2865048,0.22754491,0.0,0.33004325,0.32070675,0.07831325,0.4,7,Finished,1,0,0.00504869
2020,16,2020-12-06,bahrain,RIC,renault,0,7,3,0.22313016,0.26946108,0.0,0.75085361,0.24505786,0.30722892,0.8,5,Finished,1,0,0.00935333
2020,16,2020-12-06,bahrain,SAI,mclaren,0,8,3,0.17377394,0.38922156,0.0,0.75385505,0.42063917,0.2560241,0.54545455,4,Finished,1,0,0.00919295
2020,16,2020-12-06,bahrain,GAS,alphatauri,0,9,3,0.13533528,0.22754491,0.0,0.47681893,0.6630221,0.21385542,0.6,11,Finished,1,0,0.00565168
2020,16,2020-12-06,bahrain,STR,racing_point,0,10,3,0.10539922,0.2994012,0.0,0.13670196,0.07251663,0.17771084,0.625,3,Finished,1,0,0.00242465
2020,16,2020-12-06,bahrain,OCO,renault,0,11,2,0.082085,0.26946108,0.0,0.21819983,0.39236893,0.12650602,0.2,2,Finished,1,0,0.00234384
2020,16,2020-12-06,bahrain,ALB,red_bull,0,12,2,0.06392786,0.49101796,0.0,0.42723181,0.73049051,0.2560241,0.0,6,Finished,1,0,0.00501449
2020,16,2020-12-06,bahrain,VET,ferrari,0,13,3,0.04978707,0.34131737,0.0,0.43820025,0.73652874,0.09939759,0.25,12,Finished,1,0,0.00389221
2020,16,2020-12-06,bahrain,GIO,alfa,0,14,2,0.03877421,0.0239521,0.0,0.16489193,0.2739105,0.01204819,0.27272727,13,Finished,1,0,0.00114444
2020,16,2020-12-06,bahrain,NOR,mclaren,0,15,2,0.03019738,0.38922156,0.0,0.42334344,0.72684926,0.25903614,0.45454545,10,Finished,1,0,0.00478191
2020,16,2020-12-06,bahrain,MAG,haas,0,16,3,0.02351775,0.01197605,0.0,0.06774671,0.26762367,0.00301205,0.71428571,15,Finished,1,0,0.00117908
2020,16,2020-12-06,bahrain,LAT,williams,0,17,1,0.01831564,0.0,0.0,0.11857097,0.35317886,0.0,0.22222222,18,Engine,0,0,0.00100705
2020,16,2020-12-06,bahrain,AIT,williams,0,18,0,0.01426423,0.0,0.0,0.93434856,0.5,0.0,0.5,16,Finished,1,0,0.00309077
2020,16,2020-12-06,bahrain,RAI,alfa,0,19,3,0.011109,0.0239521,0.0,0.21290256,0.22101683,0.01204819,0.72727273,14,Finished,1,0,0.00131471
2020,16,2020-12-06,bahrain,FIT,haas,0,20,0,0.0086517,0.01197605,0.0,0.93434856,0.5,0.0,0.5,17,Finished,1,0,0.00308566
2020,17,2020-12-13,yas_marina,VER,red_bull,0,1,3,1.0,0.47651007,0.0,0.37138605,0.71709685,0.56927711,1.0,1,Finished,1,1,0.26386082
2020,17,2020-12-13,yas_marina,BOT,mercedes,0,2,3,0.77880078,1.0,0.0,0.4409858,0.646328,0.61746988,0.26666667,2,Finished,1,0,0.1969632
2020,17,2020-12-13,yas_marina,HAM,mercedes,0,3,3,0.60653066,1.0,0.0,1.0,1.0,1.0,0.78571429,3,Finished,1,0,0.45933911
2020,17,2020-12-13,yas_marina,NOR,mclaren,0,4,1,0.47236655,0.45637584,0.0,0.25960448,0.40287707,0.26204819,0.41666667,5,Finished,1,0,0.01696355
2020,17,2020-12-13,yas_marina,ALB,red_bull,0,5,1,0.36787944,0.47651007,0.0,0.30220138,0.45347455,0.28012048,0.0,4,Finished,1,0,0.01097974
2020,17,2020-12-13,yas_marina,SAI,mclaren,0,6,3,0.2865048,0.45637584,0.0,0.42330864,0.20044631,0.29216867,0.58333333,6,Finished,1,0,0.01011944
2020,17,2020-12-13,yas_marina,KVY,alphatauri,0,7,1,0.22313016,0.24161074,0.0,0.2246936,0.38422862,0.09638554,0.45454545,11,+1 Lap,1,0,0.004443
2020,17,2020-12-13,yas_marina,STR,racing_point,0,8,3,0.17377394,0.4966443,0.0,0.1925869,0.0380158,0.22289157,0.55555556,10,Finished,1,0,0.00466353
2020,17,2020-12-13,yas_marina,LEC,ferrari,0,9,2,0.13533528,0.34228188,0.0,0.34245022,0.52638895,0.29518072,0.75,13,+1 Lap,1,0,0.00654576
2020,17,2020-12-13,yas_marina,GAS,alphatauri,0,10,3,0.10539922,0.24161074,0.0,0.20865233,0.02762291,0.21385542,0.54545455,8,Finished,1,0,0.00252168
2020,17,2020-12-13,yas_marina,OCO,renault,0,11,2,0.082085,0.38926174,0.0,0.2805119,0.24383686,0.18072289,0.27272727,9,Finished,1,0,0.00315916
2020,17,2020-12-13,yas_marina,RIC,renault,0,12,3,0.06392786,0.38926174,0.0,0.35760773,0.24628423,0.3373494,0.72727273,7,Finished,1,0,0.00457277
2020,17,2020-12-13,yas_marina,VET,ferrari,0,13,3,0.04978707,0.34228188,0.0,0.22958864,0.64360614,0.09939759,0.25,14,+1 Lap,1,0,0.0031712
2020,17,2020-12-13,yas_marina,GIO,alfa,0,14,1,0.03877421,0.02013423,0.0,0.07332279,0.32077052,0.01204819,0.33333333,16,+1 Lap,1,0,0.00120871
2020,17,2020-12-13,yas_marina,PER,racing_point,0,15,3,0.03019738,0.4966443,0.0,0.49756088,0.29601756,0.37650602,0.55555556,20,Transmission,0,0,0.00547088
2020,17,2020-12-13,yas_marina,RAI,alfa,0,16,3,0.02351775,0.02013423,0.0,0.1066251,0.1730965,0.01204819,0.66666667,12,+1 Lap,1,0,0.00124709
2020,17,2020-12-13,yas_marina,MAG,haas,0,17,3,0.01831564,0.0,0.0,0.03027187,0.11156994,0.00301205,0.75,18,+1 Lap,1,0,0.00107893
2020,17,2020-12-13,yas_marina,RUS,williams,0,18,1,0.01426423,0.0,0.0,0.08735206,0.31700547,0.00903614,0.7,15,+1 Lap,1,0,0.00130432
2020,17,2020-12-13,yas_marina,FIT,haas,0,19,0,0.011109,0.0,0.0,0.0407622,0.5,0.0,0.5,19,+2 Laps,1,0,0.00127497
2020,17,2020-12-13,yas_marina,LAT,williams,0,20,0,0.0086517,0.0,0.0,0.04859643,0.5,0.0,0.22222222,17,+1 Lap,1,0,0.00111211
2021,2,2021-04-18,imola,HAM,mercedes,0,1,1,1.0,1.0,0.0,1.0,0.7,1.0,0.5,2,Finished,1,0,0.81530718
2021,2,2021-04-18,imola,PER,red_bull,0,2,1,0.77880078,0.68292683,0.0,0.44932896,0.44715178,0.4,0.5,11,Finished,1,0,0.07091432
2021,2,2021-04-18,imola,VER,red_bull,0,3,1,0.60653066,0.68292683,0.0,0.81873075,0.3,0.72,0.5,1,Finished,1,1,0.05879428
2021,2,2021-04-18,imola,LEC,ferrari,0,4,1,0.47236655,0.29268293,0.0,0.36787944,0.47973159,0.32,0.5,4,Finished,1,0,0.01130177
2021,2,2021-04-18,imola,GAS,alphatauri,0,5,1,0.36787944,0.04878049,0.0,0.0,0.3,0.0,0.5,7,Finished,1,0,0.00263787
2021,2,2021-04-18,imola,RIC,mclaren,0,6,1,0.2865048,0.43902439,0.0,0.30119421,0.56812802,0.24,0.5,6,Finished,1,0,0.00626004
2021,2,2021-04-18,imola,NOR,mclaren,0,7,1,0.22313016,0.43902439,0.0,0.54881164,0.39863879,0.48,0.5,3,Finished,1,0,0.00655371
2021,2,2021-04-18,imola,BOT,mercedes,0,8,1,0.17377394,1.0,0.0,0.67032005,0.6274923,0.64,0.5,18,Collision,0,0,0.01705606
2021,2,2021-04-18,imola,OCO,alpine,0,9,1,0.13533528,0.0,0.0,0.09071795,0.3,0.0,0.5,9,Finished,1,0,0.00108724
2021,2,2021-04-18,imola,STR,aston_martin,0,10,1,0.10539922,0.02439024,0.0,0.16529889,0.33628718,0.04,0.5,8,Finished,1,0,0.00113549
2021,2,2021-04-18,imola,SAI,ferrari,0,11,1,0.082085,0.29268293,0.0,0.24659696,0.42047768,0.16,0.5,5,Finished,1,0,0.00186166
2021,2,2021-04-18,imola,RUS,williams,0,12,1,0.06392786,0.0,0.0,0.07427358,0.3,0.0,0.5,19,Collision,0,0,0.00080897
2021,2,2021-04-18,imola,VET,aston_martin,0,13,1,0.04978707,0.02439024,0.0,0.06081006,0.34432126,0.0,0.5,15,Gearbox,0,0,0.00080559
2021,2,2021-04-18,imola,LAT,williams,0,14,1,0.03877421,0.0,0.0,0.0,0.35413411,0.0,0.5,20,Collision,0,0,0.00070839
2021,2,2021-04-18,imola,ALO,alpine,0,15,2,0.03019738,0.0,0.0,0.0,0.75569117,0.0,0.5,10,Finished,1,0,0.00091285
2021,2,2021-04-18,imola,RAI,alfa,0,16,3,0.02351775,0.0,0.0,0.13533528,0.23473945,0.0,0.5,13,Finished,1,0,0.00069993
2021,2,2021-04-18,imola,GIO,alfa,0,17,1,0.01831564,0.0,0.0,0.11080316,0.36611956,0.0,0.5,14,+1 Lap,1,0,0.00073542
2021,2,2021-04-18,imola,MSC,haas,0,18,0,0.01426423,0.0,0.0,0.04978707,0.5,0.0,0.5,16,+2 Laps,1,0,0.00075019
2021,2,2021-04-18,imola,MAZ,haas,0,19,0,0.011109,0.0,0.0,0.0,0.5,0.0,0.5,17,+2 Laps,1,0,0.00070558
2021,2,2021-04-18,imola,TSU,alphatauri,0,20,0,0.0086517,0.04878049,0.0,0.20189652,0.5,0.08,0.5,12,Finished,1,0,0.00096345
2021,3,2021-05-02,portimao,BOT,mercedes,0,1,1,1.0,1.0,0.0,0.36856475,0.6274923,0.36363636,0.5,3,Finished,1,0,0.27756008
2021,3,2021-05-02,portimao,HAM,mercedes,0,2,1,0.77880078,1.0,0.0,1.0,0.7,1.0,0.5,1,Finished,1,1,0.44843495
2021,3,2021-05-02,portimao,VER,red_bull,0,3,1,0.60653066,0.88333333,0.0,1.0,0.56812802,0.97727273,0.5,2,Finished,1,0,0.18465281
2021,3,2021-05-02,portimao,PER,red_bull,0,4,1,0.47236655,0.88333333,0.0,0.32146828,0.42047768,0.22727273,0.5,4,Finished,1,0,0.02752667
2021,3,2021-05-02,portimao,SAI,ferrari,0,5,1,0.36787944,0.56666667,0.0,0.38264373,0.44715178,0.31818182,0.5,11,Finished,1,0,0.01410619
2021,3,2021-05-02,portimao,OCO,alpine,0,6,1,0.2865048,0.05,0.0,0.16088938,0.39863879,0.04545455,0.5,7,Finished,1,0,0.00303649
2021,3,2021-05-02,portimao,NOR,mclaren,0,7,1,0.22313016,0.68333333,0.0,0.67032005,0.33628718,0.61363636,0.5,5,Finished,1,0,0.01607074
2021,3,2021-05-02,portimao,LEC,ferrari,0,8,1,0.17377394,0.56666667,0.0,0.50402792,0.51952465,0.45454545,0.5,6,Finished,1,0,0.00971607
2021,3,2021-05-02,portimao,GAS,alphatauri,0,9,1,0.13533528,0.13333333,0.0,0.16560682,0.47973159,0.13636364,0.5,10,Finished,1,0,0.00234798
2021,3,2021-05-02,portimao,VET,aston_martin,0,10,1,0.10539922,0.08333333,0.0,0.03343544,0.36611956,0.0,0.5,13,+1 Lap,1,0,0.0014004
2021,3,2021-05-02,portimao,RUS,williams,0,11,1,0.082085,0.0,0.0,0.04083814,0.32970943,0.0,0.5,16,+1 Lap,1,0,0.0011194
2021,3,2021-05-02,portimao,GIO,alfa,0,12,1,0.06392786,0.0,0.0,0.10176148,0.32432403,0.0,0.5,12,+1 Lap,1,0,0.00111847
2021,3,2021-05-02,portimao,ALO,alpine,0,13,0,0.04978707,0.05,0.0,0.09088695,0.5,0.02272727,0.5,8,Finished,1,0,0.00132511
2021,3,2021-05-02,portimao,TSU,alphatauri,0,14,0,0.03877421,0.13333333,0.0,0.17193291,0.5,0.04545455,0.5,15,+1 Lap,1,0,0.00160352
2021,3,2021-05-02,portimao,RAI,alfa,0,15,1,0.03019738,0.0,0.0,0.12429175,0.35413411,0.0,0.5,20,Collision damage,0,0,0.00104461
2021,3,2021-05-02,portimao,RIC,mclaren,0,16,1,0.02351775,0.68333333,0.0,0.36787944,0.38075861,0.31818182,0.5,9,Finished,1,0,0.00478019
2021,3,2021-05-02,portimao,STR,aston_martin,0,17,1,0.01831564,0.08333333,0.0,0.22647434,0.3,0.11363636,0.5,14,+1 Lap,1,0,0.00132736
2021,3,2021-05-02,portimao,LAT,williams,0,18,1,0.01426423,0.0,0.0,0.0,0.31334931,0.0,0.5,18,+2 Laps,1,0,0.00083703
2021,3,2021-05-02,portimao,MSC,haas,0,19,0,0.011109,0.0,0.0,0.05474925,0.5,0.0,0.5,17,+2 Laps,1,0,0.00101761
2021,3,2021-05-02,portimao,MAZ,haas,0,20,0,0.0086517,0.0,0.0,0.02241245,0.5,0.0,0.5,19,+2 Laps,1,0,0.00097432
2021,4,2021-05-09,catalunya,HAM,mercedes,0,1,3,1.0,1.0,0.0,1.0,1.0,1.0,0.5,1,Finished,1,1,0.69053088
2021,4,2021-05-09,catalunya,VER,red_bull,0,2,3,0.77880078,0.82178218,0.0,0.93569118,0.73777946,0.88405797,1.0,2,Finished,1,0,0.21946454
2021,4,2021-05-09,catalunya,BOT,mercedes,0,3,3,0.60653066,1.0,0.0,0.47561836,0.75127134,0.46376812,0.5,3,Finished,1,0,0.0544123
2021,4,2021-05-09,catalunya,LEC,ferrari,0,4,3,0.47236655,0.41584158,0.0,0.45572658,0.18053624,0.4057971,1.0,4,Finished,1,0,0.01104199
2021,4,2021-05-09,catalunya,OCO,alpine,0,5,2,0.36787944,0.12871287,0.0,0.21066527,0.20968628,0.11594203,0.5,9,+1 Lap,1,0,0.0024631
2021,4,2021-05-09,catalunya,SAI,ferrari,0,6,3,0.2865048,0.41584158,0.0,0.29490621,0.31413383,0.20289855,0.0,7,Finished,1,0,0.00283159
2021,4,2021-05-09,catalunya,RIC,mclaren,0,7,3,0.22313016,0.52475248,0.0,0.30899374,0.19889181,0.23188406,0.0,6,Finished,1,0,0.00253619
2021,4,2021-05-09,catalunya,PER,red_bull,0,8,3,0.17377394,0.82178218,0.0,0.40212279,0.26947467,0.31884058,0.0,5,Finished,1,0,0.00415355
2021,4,2021-05-09,catalunya,NOR,mclaren,0,9,2,0.13533528,0.52475248,0.0,0.59191913,0.23820252,0.53623188,1.0,8,+1 Lap,1,0,0.00545832
2021,4,2021-05-09,catalunya,ALO,alpine,0,10,1,0.10539922,0.12871287,0.0,0.14612813,0.39863879,0.07246377,0.5,17,+1 Lap,1,0,0.00104291
2021,4,2021-05-09,catalunya,STR,aston_martin,0,11,3,0.082085,0.04950495,0.0,0.17247814,0.28021785,0.07246377,0.5,11,+1 Lap,1,0,0.00080259
2021,4,2021-05-09,catalunya,GAS,alphatauri,0,12,3,0.06392786,0.08910891,0.0,0.16549757,0.20882369,0.10144928,0.5,10,+1 Lap,1,0,0.00076726
2021,4,2021-05-09,catalunya,VET,aston_martin,0,13,3,0.04978707,0.04950495,0.0,0.05375753,0.43625826,0.0,0.5,13,+1 Lap,1,0,0.00067444
2021,4,2021-05-09,catalunya,GIO,alfa,0,14,2,0.03877421,0.0,0.0,0.10496919,0.20736159,0.0,0.5,15,+1 Lap,1,0,0.00053278
2021,4,2021-05-09,catalunya,RUS,williams,0,15,2,0.03019738,0.0,0.0,0.04401295,0.20149543,0.0,0.5,14,+1 Lap,1,0,0.00048201
2021,4,2021-05-09,catalunya,TSU,alphatauri,0,16,0,0.02351775,0.08910891,0.0,0.1325099,0.5,0.02898551,0.5,20,Electrical,0,0,0.00076518
2021,4,2021-05-09,catalunya,RAI,alfa,0,17,3,0.01831564,0.0,0.0,0.08019682,0.05739322,0.0,0.5,12,+1 Lap,1,0,0.00042956
2021,4,2021-05-09,catalunya,MSC,haas,0,18,0,0.01426423,0.0,0.0,0.04978707,0.5,0.0,0.5,18,+2 Laps,1,0,0.00058076
2021,4,2021-05-09,catalunya,LAT,williams,0,19,1,0.011109,0.0,0.0,0.01183982,0.31334931,0.0,0.5,16,+1 Lap,1,0,0.00047601
2021,4,2021-05-09,catalunya,MAZ,haas,0,20,0,0.0086517,0.0,0.0,0.02415482,0.5,0.0,0.5,19,+2 Laps,1,0,0.00055405
2021,5,2021-05-23,monaco,LEC,ferrari,0,1,2,1.0,0.42553191,0.0,0.48010249,0.175,0.42553191,1.0,20,Driveshaft,0,0,0.25216217
2021,5,2021-05-23,monaco,VER,red_bull,0,2,3,0.77880078,0.79432624,0.0,0.90506309,0.48355177,0.85106383,1.0,1,Finished,1,1,0.44654804
2021,5,2021-05-23,monaco,BOT,mercedes,0,3,3,0.60653066,1.0,0.0,0.52660433,0.66562427,0.5,0.0,19,Wheel nut,0,0,0.11712288
2021,5,2021-05-23,monaco,SAI,ferrari,0,4,3,0.47236655,0.42553191,0.0,0.29655283,0.35284568,0.21276596,0.0,2,Finished,1,0,0.01665473
2021,5,2021-05-23,monaco,NOR,mclaren,0,5,1,0.36787944,0.46099291,0.0,0.50149061,0.36295189,0.43617021,0.75,3,Finished,1,0,0.023452
2021,5,2021-05-23,monaco,GAS,alphatauri,0,6,2,0.2865048,0.07092199,0.0,0.16544554,0.46853144,0.08510638,0.5,6,Finished,1,0,0.00545115
2021,5,2021-05-23,monaco,HAM,mercedes,0,7,3,0.22313016,1.0,0.0,1.0,0.85621363,1.0,1.0,7,Finished,1,0,0.10657606
2021,5,2021-05-23,monaco,VET,aston_martin,0,8,3,0.17377394,0.03546099,0.0,0.06343625,1.0,0.0,0.33333333,5,Finished,1,0,0.00386312
2021,5,2021-05-23,monaco,PER,red_bull,0,9,3,0.13533528,0.79432624,0.0,0.41448454,0.12354325,0.34042553,0.0,4,Finished,1,0,0.00762447
2021,5,2021-05-23,monaco,GIO,alfa,0,10,1,0.10539922,0.0,0.0,0.09340537,0.31270977,0.0,0.0,10,+1 Lap,1,0,0.00153016
2021,5,2021-05-23,monaco,OCO,alpine,0,11,2,0.082085,0.10638298,0.0,0.20836902,0.37305828,0.10638298,1.0,9,+1 Lap,1,0,0.00317696
2021,5,2021-05-23,monaco,RIC,mclaren,0,12,3,0.06392786,0.46099291,0.0,0.32441397,0.65388989,0.25531915,0.25,12,+1 Lap,1,0,0.00518891
2021,5,2021-05-23,monaco,STR,aston_martin,0,13,3,0.04978707,0.03546099,0.0,0.16275165,0.04139912,0.05319149,0.66666667,8,+1 Lap,1,0,0.00159268
2021,5,2021-05-23,monaco,RAI,alfa,0,14,3,0.03877421,0.0,0.0,0.08821161,0.44099645,0.0,1.0,11,+1 Lap,1,0,0.00201004
2021,5,2021-05-23,monaco,RUS,williams,0,15,1,0.03019738,0.0,0.0,0.05193721,0.32828611,0.0,0.5,14,+1 Lap,1,0,0.00138385
2021,5,2021-05-23,monaco,TSU,alphatauri,0,16,0,0.02351775,0.07092199,0.0,0.09780992,0.5,0.0212766,0.5,16,+1 Lap,1,0,0.00178055
2021,5,2021-05-23,monaco,ALO,alpine,0,17,1,0.01831564,0.10638298,0.0,0.11853626,0.3,0.05319149,0.0,13,+1 Lap,1,0,0.00132424
2021,5,2021-05-23,monaco,LAT,williams,0,18,0,0.01426423,0.0,0.0,0.02177696,0.5,0.0,0.5,15,+1 Lap,1,0,0.0014271
2021,5,2021-05-23,monaco,MAZ,haas,0,19,0,0.011109,0.0,0.0,0.02498465,0.5,0.0,0.0,17,+3 Laps,1,0,0.00113088
2021,6,2021-06-06,baku,LEC,ferrari,0,1,2,1.0,0.52348993,0.0,0.41142349,0.51604775,0.38095238,1.0,4,Finished,1,0,0.11468141
2021,6,2021-06-06,baku,HAM,mercedes,0,2,3,0.77880078,0.99328859,0.0,0.92453932,1.0,0.96190476,1.0,15,Finished,1,0,0.58412345
2021,6,2021-06-06,baku,VER,red_bull,0,3,3,0.60653066,1.0,0.0,1.0,0.31479473,1.0,1.0,18,Accident,0,0,0.22195369
2021,6,2021-06-06,baku,GAS,alphatauri,0,4,2,0.47236655,0.12080537,0.0,0.2243331,0.21242324,0.15238095,1.0,3,Finished,1,0,0.00634929
2021,6,2021-06-06,baku,SAI,ferrari,0,5,3,0.36787944,0.52348993,0.0,0.43785951,0.4238987,0.36190476,0.0,8,Finished,1,0,0.00964218
2021,6,2021-06-06,baku,NOR,mclaren,0,6,1,0.2865048,0.53691275,0.0,0.58017642,0.42447282,0.53333333,0.8,5,Finished,1,0,0.01634592
2021,6,2021-06-06,baku,PER,red_bull,0,7,3,0.22313016,1.0,0.0,0.47834931,0.48015703,0.41904762,0.0,1,Finished,1,1,0.01567872
2021,6,2021-06-06,baku,TSU,alphatauri,0,8,0,0.17377394,0.12080537,0.0,0.0949907,0.5,0.01904762,0.0,7,Finished,1,0,0.0014991
2021,6,2021-06-06,baku,ALO,alpine,0,9,2,0.13533528,0.11409396,0.0,0.12193729,0.38851378,0.04761905,0.0,6,Finished,1,0,0.00127203
2021,6,2021-06-06,baku,BOT,mercedes,0,10,3,0.10539922,0.99328859,0.0,0.4512732,0.80840268,0.44761905,0.0,12,Finished,1,0,0.01440859
2021,6,2021-06-06,baku,VET,aston_martin,0,11,3,0.082085,0.12751678,0.0,0.15519414,0.76224483,0.0952381,0.5,2,Finished,1,0,0.00217255
2021,6,2021-06-06,baku,OCO,alpine,0,12,2,0.06392786,0.11409396,0.0,0.22386864,0.29924955,0.11428571,1.0,20,Turbo,0,0,0.00195138
2021,6,2021-06-06,baku,RIC,mclaren,0,13,3,0.04978707,0.53691275,0.0,0.30287131,0.2867967,0.22857143,0.2,9,Finished,1,0,0.00288653
2021,6,2021-06-06,baku,RAI,alfa,0,14,3,0.03877421,0.00671141,0.0,0.10596304,0.42354734,0.0,0.75,10,Finished,1,0,0.00116767
2021,6,2021-06-06,baku,RUS,williams,0,15,1,0.03019738,0.0,0.0,0.06117505,0.33069462,0.0,1.0,17,Gearbox,0,0,0.00112785
2021,6,2021-06-06,baku,LAT,williams,0,16,0,0.02351775,0.0,0.0,0.03230794,0.5,0.0,0.0,16,Finished,1,0,0.00072171
2021,6,2021-06-06,baku,MSC,haas,0,17,0,0.01831564,0.0,0.0,0.04647081,0.5,0.0,0.75,13,Finished,1,0,0.00108214
2021,6,2021-06-06,baku,MAZ,haas,0,18,0,0.01426423,0.0,0.0,0.03055789,0.5,0.0,0.25,14,Finished,1,0,0.00080167
2021,6,2021-06-06,baku,STR,aston_martin,0,19,3,0.011109,0.12751678,0.0,0.19480795,0.40706456,0.08571429,0.5,19,Accident,0,0,0.00134767
2021,6,2021-06-06,baku,GIO,alfa,0,20,1,0.0086517,0.00671141,0.0,0.11713786,0.35592925,0.00952381,0.25,11,Finished,1,0,0.00078647
2021,7,2021-06-20,ricard,VER,red_bull,0,1,2,1.0,1.0,0.0,1.0,0.60397062,1.0,1.0,1,Finished,1,1,0.70254139
2021,7,2021-06-20,ricard,HAM,mercedes,0,2,2,0.77880078,0.73287671,0.0,0.87443813,0.825,0.96190476,0.75,2,Finished,1,0,0.19707661
2021,7,2021-06-20,ricard,BOT,mercedes,0,3,2,0.60653066,0.73287671,0.0,0.39902642,0.56865786,0.44761905,0.25,4,Finished,1,0,0.02774005
2021,7,2021-06-20,ricard,PER,red_bull,0,4,2,0.47236655,1.0,0.0,0.73740643,0.21736591,0.65714286,0.0,3,Finished,1,0,0.02956996
2021,7,2021-06-20,ricard,SAI,ferrari,0,5,2,0.36787944,0.56164384,0.0,0.53641425,0.38166074,0.4,0.0,11,Finished,1,0,0.0080778
2021,7,2021-06-20,ricard,GAS,alphatauri,0,6,2,0.2865048,0.25342466,0.0,0.45910904,0.23820252,0.2952381,1.0,7,Finished,1,0,0.00479133
2021,7,2021-06-20,ricard,LEC,ferrari,0,7,2,0.22313016,0.56164384,0.0,0.55376926,0.4755406,0.4952381,1.0,16,+1 Lap,1,0,0.00949037
2021,7,2021-06-20,ricard,NOR,mclaren,0,8,1,0.17377394,0.50684932,0.0,0.68341479,0.38075861,0.62857143,0.83333333,5,Finished,1,0,0.00806939
2021,7,2021-06-20,ricard,ALO,alpine,0,9,1,0.13533528,0.17123288,0.0,0.25051961,0.3,0.12380952,0.0,8,Finished,1,0,0.00112822
2021,7,2021-06-20,ricard,RIC,mclaren,0,10,2,0.10539922,0.50684932,0.0,0.34374386,0.37363366,0.24761905,0.16666667,6,Finished,1,0,0.00234274
2021,7,2021-06-20,ricard,OCO,alpine,0,11,1,0.082085,0.17123288,0.0,0.24931776,0.3,0.11428571,1.0,14,+1 Lap,1,0,0.00152269
2021,7,2021-06-20,ricard,VET,aston_martin,0,12,2,0.06392786,0.24657534,0.0,0.39849099,0.46706383,0.26666667,0.5,9,Finished,1,0,0.00188911
2021,7,2021-06-20,ricard,GIO,alfa,0,13,1,0.04978707,0.01369863,0.0,0.1502479,0.31991483,0.00952381,0.2,15,+1 Lap,1,0,0.00061202
2021,7,2021-06-20,ricard,RUS,williams,0,14,1,0.03877421,0.0,0.0,0.05452545,0.31092949,0.0,1.0,12,+1 Lap,1,0,0.00076056
2021,7,2021-06-20,ricard,MSC,haas,0,15,0,0.03019738,0.0,0.0,0.0681832,0.5,0.0,0.8,19,+1 Lap,1,0,0.0007882
2021,7,2021-06-20,ricard,LAT,williams,0,16,0,0.02351775,0.0,0.0,0.05326722,0.5,0.0,0.0,18,+1 Lap,1,0,0.0005113
2021,7,2021-06-20,ricard,RAI,alfa,0,17,2,0.01831564,0.01369863,0.0,0.13805102,0.46957168,0.00952381,0.8,17,+1 Lap,1,0,0.00081911
2021,7,2021-06-20,ricard,MAZ,haas,0,18,0,0.01426423,0.0,0.0,0.05785503,0.5,0.0,0.2,20,+1 Lap,1,0,0.0005492
2021,7,2021-06-20,ricard,STR,aston_martin,0,19,2,0.011109,0.24657534,0.0,0.19321243,0.20968628,0.08571429,0.5,10,Finished,1,0,0.00089304
2021,7,2021-06-20,ricard,TSU,alphatauri,0,20,0,0.0086517,0.25342466,0.0,0.14367011,0.5,0.07619048,0.0,13,+1 Lap,1,0,0.0008269
2021,11,2021-08-01,hungaroring,HAM,mercedes,0,1,3,1.0,0.97810219,0.0,1.0,1.0,0.95675676,0.75,2,Finished,1,0,0.70624888
2021,11,2021-08-01,hungaroring,BOT,mercedes,0,2,3,0.77880078,0.97810219,0.0,0.86815935,0.48527382,0.58378378,0.25,16,Collision,0,0,0.1106539
2021,11,2021-08-01,hungaroring,VER,red_bull,0,3,3,0.60653066,1.0,0.0,0.92390611,0.63265558,1.0,1.0,9,Finished,1,0,0.12832222
2021,11,2021-08-01,hungaroring,PER,red_bull,0,4,3,0.47236655,1.0,0.0,0.81205132,0.19684805,0.56216216,0.0,17,Collision,0,0,0.02328621
2021,11,2021-08-01,hungaroring,GAS,alphatauri,0,5,3,0.36787944,0.22627737,0.0,0.40305283,0.20066151,0.21081081,0.85714286,5,Finished,1,0,0.00419542
2021,11,2021-08-01,hungaroring,NOR,mclaren,0,6,2,0.2865048,0.60583942,0.0,0.79059218,0.26372329,0.61081081,0.9,15,Collision,0,0,0.01054558
2021,11,2021-08-01,hungaroring,LEC,ferrari,0,7,3,0.22313016,0.51094891,0.0,0.60519565,0.23613792,0.43243243,0.66666667,18,Collision,0,0,0.00469553
2021,11,2021-08-01,hungaroring,OCO,alpine,0,8,2,0.17377394,0.16788321,0.0,0.10792568,0.22767911,0.07567568,0.57142857,1,Finished,1,1,0.00110611
2021,11,2021-08-01,hungaroring,ALO,alpine,0,9,1,0.13533528,0.16788321,0.0,0.39508258,0.39863879,0.14054054,0.42857143,4,Finished,1,0,0.00140148
2021,11,2021-08-01,hungaroring,VET,aston_martin,0,10,3,0.10539922,0.21167883,0.0,0.34844516,0.56657675,0.16216216,0.5,20,Disqualified,0,0,0.00149287
2021,11,2021-08-01,hungaroring,RIC,mclaren,0,11,3,0.082085,0.60583942,0.0,0.4345491,0.26045195,0.27027027,0.1,11,+1 Lap,1,0,0.00182616
2021,11,2021-08-01,hungaroring,STR,aston_martin,0,12,3,0.06392786,0.21167883,0.0,0.23073347,0.27169376,0.0972973,0.5,19,Collision,0,0,0.00087408
2021,11,2021-08-01,hungaroring,RAI,alfa,0,13,3,0.04978707,0.00729927,0.0,0.14259459,0.27582092,0.00540541,0.55555556,10,+1 Lap,1,0,0.00055514
2021,11,2021-08-01,hungaroring,GIO,alfa,0,14,2,0.03877421,0.00729927,0.0,0.12994645,0.19951781,0.00540541,0.44444444,13,+1 Lap,1,0,0.00047317
2021,11,2021-08-01,hungaroring,SAI,ferrari,0,15,3,0.03019738,0.51094891,0.0,0.48259314,0.28062502,0.36756757,0.33333333,3,Finished,1,0,0.00166102
2021,11,2021-08-01,hungaroring,TSU,alphatauri,0,16,0,0.02351775,0.22627737,0.0,0.25663435,0.5,0.05405405,0.14285714,6,Finished,1,0,0.00075959
2021,11,2021-08-01,hungaroring,RUS,williams,0,17,2,0.01831564,0.0,0.0,0.10992684,0.20108573,0.0,1.0,8,Finished,1,0,0.00054211
2021,11,2021-08-01,hungaroring,LAT,williams,0,18,1,0.01426423,0.0,0.0,0.07637106,0.31092949,0.0,0.0,7,Finished,1,0,0.00035718
2021,11,2021-08-01,hungaroring,MAZ,haas,0,19,0,0.011109,0.0,0.0,0.06100969,0.5,0.0,0.22222222,14,Collision,0,0,0.00043935
2021,11,2021-08-01,hungaroring,MSC,haas,0,20,0,0.0086517,0.0,0.0,0.07224185,0.5,0.0,0.77777778,12,+1 Lap,1,0,0.00056398
2021,12,2021-08-29,spa,VER,red_bull,0,1,3,1.0,0.75,0.0,0.79947401,0.50718375,0.95897436,1.0,1,Finished,1,1,0.4896762
2021,12,2021-08-29,spa,RUS,williams,0,2,2,0.77880078,0.06578947,0.0,0.15069612,0.19306144,0.02051282,0.85714286,2,Finished,1,0,0.0122966
2021,12,2021-08-29,spa,HAM,mercedes,0,3,3,0.60653066,1.0,0.0,1.0,1.0,1.0,0.75,3,Finished,1,0,0.40105783
2021,12,2021-08-29,spa,RIC,mclaren,0,4,3,0.47236655,0.46710526,0.0,0.33569402,0.30305682,0.25641026,0.1,4,Finished,1,0,0.01057732
2021,12,2021-08-29,spa,VET,aston_martin,0,5,3,0.36787944,0.07236842,0.0,0.07807725,0.49175155,0.15384615,0.5,5,Finished,1,0,0.00403918
2021,12,2021-08-29,spa,GAS,alphatauri,0,6,3,0.2865048,0.19078947,0.0,0.27159898,0.24659696,0.25641026,0.875,6,Finished,1,0,0.00522968
2021,12,2021-08-29,spa,PER,red_bull,0,7,3,0.22313016,0.75,0.0,0.40868829,0.32660102,0.53333333,0.0,19,Finished,1,0,0.01067966
2021,12,2021-08-29,spa,BOT,mercedes,0,8,3,0.17377394,1.0,0.0,0.67619971,0.78808515,0.55384615,0.25,12,Finished,1,0,0.03286092
2021,12,2021-08-29,spa,OCO,alpine,0,9,2,0.13533528,0.34210526,0.0,0.3371891,0.47491826,0.2,0.625,7,Finished,1,0,0.00467338
2021,12,2021-08-29,spa,NOR,mclaren,0,10,2,0.10539922,0.46710526,0.0,0.52878591,0.30279845,0.57948718,0.9,14,Finished,1,0,0.00910248
2021,12,2021-08-29,spa,LEC,ferrari,0,11,3,0.082085,0.45394737,0.0,0.35363486,0.39055869,0.41025641,0.66666667,8,Finished,1,0,0.00555679
2021,12,2021-08-29,spa,LAT,williams,0,12,1,0.06392786,0.06578947,0.0,0.1246916,0.32209994,0.03076923,0.14285714,9,Finished,1,0,0.00110022
2021,12,2021-08-29,spa,SAI,ferrari,0,13,3,0.04978707,0.45394737,0.0,0.49706398,0.03413288,0.42564103,0.33333333,10,Finished,1,0,0.0037285
2021,12,2021-08-29,spa,ALO,alpine,0,14,1,0.03877421,0.34210526,0.0,0.36549233,0.3,0.19487179,0.375,11,Finished,1,0,0.00271721
2021,12,2021-08-29,spa,STR,aston_martin,0,15,3,0.03019738,0.07236842,0.0,0.18706867,0.18308648,0.09230769,0.5,20,Finished,1,0,0.00122822
2021,12,2021-08-29,spa,GIO,alfa,0,16,2,0.02351775,0.00657895,0.0,0.09421454,0.175,0.00512821,0.4,13,Finished,1,0,0.00084678
2021,12,2021-08-29,spa,TSU,alphatauri,0,17,0,0.01831564,0.19078947,0.0,0.22471847,0.5,0.09230769,0.125,15,Finished,1,0,0.00161165
2021,12,2021-08-29,spa,MSC,haas,0,18,0,0.01426423,0.0,0.0,0.06358558,0.5,0.0,0.77777778,16,Finished,1,0,0.00126899
2021,12,2021-08-29,spa,RAI,alfa,0,19,3,0.011109,0.00657895,0.0,0.1156095,0.07347077,0.01025641,0.6,18,Finished,1,0,0.00085803
2021,12,2021-08-29,spa,MAZ,haas,0,20,0,0.0086517,0.0,0.0,0.03091881,0.5,0.0,0.22222222,17,Finished,1,0,0.00089034
2021,13,2021-09-05,zandvoort,VER,red_bull,0,1,0,1.0,0.66023166,0.0,0.83023963,0.5,0.98518519,1.0,1,Finished,1,1,0.50411013
2021,13,2021-09-05,zandvoort,HAM,mercedes,0,2,0,0.77880078,1.0,0.0,1.0,0.5,1.0,0.77777778,2,Finished,1,0,0.3616961
2021,13,2021-09-05,zandvoort,BOT,mercedes,0,3,0,0.60653066,1.0,0.0,0.58864752,0.5,0.53333333,0.22222222,3,Finished,1,0,0.06872804
2021,13,2021-09-05,zandvoort,GAS,alphatauri,0,4,0,0.47236655,0.20849421,0.0,0.29934197,0.5,0.26666667,0.88888889,4,+1 Lap,1,0,0.01178329
2021,13,2021-09-05,zandvoort,LEC,ferrari,0,5,0,0.36787944,0.55212355,0.0,0.41827562,0.5,0.40493827,0.7,5,+1 Lap,1,0,0.01415197
2021,13,2021-09-05,zandvoort,SAI,ferrari,0,6,0,0.2865048,0.55212355,0.0,0.52396161,0.5,0.41234568,0.3,7,+1 Lap,1,0,0.00960051
2021,13,2021-09-05,zandvoort,GIO,alfa,0,7,0,0.22313016,0.00772201,0.0,0.10559514,0.5,0.00493827,0.45454545,14,+2 Laps,1,0,0.0019161
2021,13,2021-09-05,zandvoort,OCO,alpine,0,8,0,0.17377394,0.39382239,0.0,0.40900459,0.5,0.20740741,0.66666667,9,+1 Lap,1,0,0.00453885
2021,13,2021-09-05,zandvoort,ALO,alpine,0,9,0,0.13533528,0.39382239,0.0,0.3507076,0.5,0.18765432,0.33333333,6,+1 Lap,1,0,0.00313247
2021,13,2021-09-05,zandvoort,RIC,mclaren,0,10,0,0.10539922,0.45559846,0.0,0.39552734,0.5,0.27654321,0.18181818,11,+1 Lap,1,0,0.00314998
2021,13,2021-09-05,zandvoort,RUS,williams,0,11,0,0.082085,0.15444015,0.0,0.34005821,0.5,0.06419753,0.875,17,Gearbox,0,0,0.0021293
2021,13,2021-09-05,zandvoort,STR,aston_martin,0,12,0,0.06392786,0.1003861,0.0,0.15720679,0.5,0.08888889,0.42857143,12,+2 Laps,1,0,0.00128482
2021,13,2021-09-05,zandvoort,NOR,mclaren,0,13,0,0.04978707,0.45559846,0.0,0.45188438,0.5,0.55802469,0.81818182,10,+1 Lap,1,0,0.00435285
2021,13,2021-09-05,zandvoort,LAT,williams,0,14,0,0.03877421,0.15444015,0.0,0.17318746,0.5,0.0345679,0.125,16,+2 Laps,1,0,0.00106806
2021,13,2021-09-05,zandvoort,TSU,alphatauri,0,15,0,0.03019738,0.20849421,0.0,0.22561115,0.5,0.08888889,0.11111111,19,Power Unit,0,0,0.00120795
2021,13,2021-09-05,zandvoort,PER,red_bull,0,16,0,0.02351775,0.66023166,0.0,0.25768906,0.5,0.51358025,0.0,8,+1 Lap,1,0,0.00286913
2021,13,2021-09-05,zandvoort,VET,aston_martin,0,17,0,0.01831564,0.1003861,0.0,0.14524014,0.5,0.17283951,0.57142857,13,+2 Laps,1,0,0.00120227
2021,13,2021-09-05,zandvoort,KUB,alfa,0,18,0,0.01426423,0.00772201,0.0,0.64824053,0.5,0.0,0.5,15,+2 Laps,1,0,0.00146691
2021,13,2021-09-05,zandvoort,MSC,haas,0,19,0,0.011109,0.0,0.0,0.07185716,0.5,0.0,0.8,18,+3 Laps,1,0,0.00093037
2021,13,2021-09-05,zandvoort,MAZ,haas,0,20,0,0.0086517,0.0,0.0,0.03687747,0.5,0.0,0.2,20,Hydraulics,0,0,0.0006809
2021,14,2021-09-12,monza,BOT,mercedes,1,1,3,1.0,1.0,1.0,0.58864752,1.0,0.54788419,0.2,3,Finished,1,0,0.48369741
2021,14,2021-09-12,monza,HAM,mercedes,1,2,3,0.77880078,1.0,0.31890656,1.0,0.93578209,0.98663697,0.8,17,Collision,0,0,0.32127267
2021,14,2021-09-12,monza,VER,red_bull,1,3,3,0.60653066,0.5984556,0.75147729,0.83023963,0.29263569,1.0,1.0,18,Collision,0,0,0.11559077
2021,14,2021-09-12,monza,NOR,mclaren,1,4,2,0.47236655,0.38610039,0.42437285,0.37823646,0.58674064,0.5077951,0.83333333,2,Finished,1,0,0.02082768
2021,14,2021-09-12,monza,RIC,mclaren,1,5,3,0.36787944,0.38610039,0.56471812,0.40709645,0.55395352,0.24944321,0.16666667,1,Finished,1,1,0.01152349
2021,14,2021-09-12,monza,GAS,alphatauri,1,6,3,0.2865048,0.29343629,0.0,0.44164675,0.83372942,0.29398664,0.88888889,19,Suspension,0,0,0.00767974
2021,14,2021-09-12,monza,SAI,ferrari,1,7,3,0.22313016,0.56756757,0.18009231,0.50667038,0.69389281,0.3986637,0.27272727,6,Finished,1,0,0.00929403
2021,14,2021-09-12,monza,LEC,ferrari,1,8,3,0.17377394,0.56756757,0.23965104,0.4566864,0.56545916,0.40979955,0.72727273,4,Finished,1,0,0.00946778
2021,14,2021-09-12,monza,PER,red_bull,1,9,3,0.13533528,0.5984556,0.10170139,0.17932594,0.38798744,0.48106904,0.0,5,Finished,1,0,0.0037792
2021,14,2021-09-12,monza,GIO,alfa,1,10,2,0.10539922,0.00772201,0.13533528,0.10908618,0.29341564,0.00445434,0.5,13,Finished,1,0,0.00123468
2021,14,2021-09-12,monza,VET,aston_martin,1,11,3,0.082085,0.06949807,0.04315931,0.14003212,0.24890119,0.155902,0.5,12,Finished,1,0,0.00126737
2021,14,2021-09-12,monza,STR,aston_martin,1,12,3,0.06392786,0.06949807,0.07642629,0.12199598,0.62524322,0.08017817,0.5,7,Finished,1,0,0.0015448
2021,14,2021-09-12,monza,ALO,alpine,1,13,1,0.04978707,0.45559846,0.05743262,0.39374634,0.3,0.20489978,0.4,8,Finished,1,0,0.00270154
2021,14,2021-09-12,monza,OCO,alpine,1,14,2,0.03877421,0.45559846,0.03243324,0.44209673,0.48735082,0.19599109,0.6,10,Finished,1,0,0.00335193
2021,14,2021-09-12,monza,RUS,williams,1,15,2,0.03019738,0.15444015,0.01831564,0.34005821,0.25323451,0.05790646,0.875,9,Finished,1,0,0.00164964
2021,14,2021-09-12,monza,LAT,williams,1,16,1,0.02351775,0.15444015,0.02437284,0.17552757,0.38772466,0.0311804,0.125,11,Finished,1,0,0.00105775
2021,14,2021-09-12,monza,TSU,alphatauri,1,17,0,0.01831564,0.29343629,0.01376379,0.18274978,0.5,0.08017817,0.11111111,20,Brakes,0,0,0.00140968
2021,14,2021-09-12,monza,MSC,haas,1,18,0,0.01426423,0.0,0.00584098,0.06760112,0.5,0.0,0.8,15,Finished,1,0,0.00106013
2021,14,2021-09-12,monza,KUB,alfa,1,19,1,0.011109,0.00772201,0.00777266,0.07883909,0.32642216,0.0,0.5,14,Finished,1,0,0.00082493
2021,14,2021-09-12,monza,MAZ,haas,1,20,0,0.0086517,0.0,0.01034317,0.02822391,0.5,0.0,0.2,16,Power Unit,0,0,0.00076478
2021,15,2021-09-26,sochi,NOR,mclaren,0,1,2,1.0,0.63755459,0.0,0.48585882,0.27404483,0.58278146,0.76923077,7,Finished,1,0,0.31823171
2021,15,2021-09-26,sochi,SAI,ferrari,0,2,3,0.77880078,0.69432314,0.0,0.56611115,0.14017652,0.43046358,0.25,3,Finished,1,0,0.10893727
2021,15,2021-09-26,sochi,RUS,williams,0,3,2,0.60653066,0.19213974,0.0,0.41660169,0.18916047,0.06622517,0.88888889,10,Finished,1,0,0.02606116
2021,15,2021-09-26,sochi,HAM,mercedes,0,4,3,0.47236655,1.0,0.0,1.0,0.94342589,0.97792494,0.8,1,Finished,1,1,0.3614887
2021,15,2021-09-26,sochi,RIC,mclaren,0,5,3,0.36787944,0.63755459,0.0,0.68590115,0.31943307,0.36644592,0.23076923,4,Finished,1,0,0.03004082
2021,15,2021-09-26,sochi,ALO,alpine,0,6,1,0.2865048,0.55021834,0.0,0.48365272,0.33296924,0.22075055,0.45454545,6,Finished,1,0,0.01612679
2021,15,2021-09-26,sochi,BOT,mercedes,0,7,3,0.22313016,1.0,0.0,0.64144602,1.0,0.62251656,0.2,5,Finished,1,0,0.06113865
2021,15,2021-09-26,sochi,STR,aston_martin,0,8,3,0.17377394,0.13100437,0.0,0.20586762,0.06312292,0.10596026,0.55555556,11,Finished,1,0,0.0033857
2021,15,2021-09-26,sochi,PER,red_bull,0,9,3,0.13533528,0.46724891,0.0,0.23370247,0.42487104,0.5209713,0.0,9,Finished,1,0,0.00704139
2021,15,2021-09-26,sochi,OCO,alpine,0,10,2,0.10539922,0.55021834,0.0,0.56542009,0.36276456,0.1986755,0.54545455,14,+1 Lap,1,0,0.00993452
2021,15,2021-09-26,sochi,VET,aston_martin,0,11,3,0.082085,0.13100437,0.0,0.19676332,0.21482115,0.15452539,0.44444444,12,+1 Lap,1,0,0.00270983
2021,15,2021-09-26,sochi,GAS,alphatauri,0,12,3,0.06392786,0.31441048,0.0,0.45388588,0.12806607,0.29139073,0.88888889,13,+1 Lap,1,0,0.00570622
2021,15,2021-09-26,sochi,TSU,alphatauri,0,13,0,0.04978707,0.31441048,0.0,0.17957304,0.5,0.0794702,0.11111111,17,+1 Lap,1,0,0.0031242
2021,15,2021-09-26,sochi,LAT,williams,0,14,1,0.03877421,0.19213974,0.0,0.230513,0.32209994,0.03090508,0.11111111,19,Accident,0,0,0.00222022
2021,15,2021-09-26,sochi,LEC,ferrari,0,15,3,0.03019738,0.69432314,0.0,0.62382243,0.49821543,0.45916115,0.75,15,+1 Lap,1,0,0.0152609
2021,15,2021-09-26,sochi,RAI,alfa,0,16,3,0.02351775,0.00873362,0.0,0.13074333,0.20791262,0.00883002,0.54545455,8,Finished,1,0,0.00160442
2021,15,2021-09-26,sochi,MSC,haas,0,17,0,0.01831564,0.0,0.0,0.08711181,0.5,0.0,0.8,20,Oil leak,0,0,0.00210218
2021,15,2021-09-26,sochi,GIO,alfa,0,18,2,0.01426423,0.00873362,0.0,0.13215667,0.25048499,0.00441501,0.53846154,16,+1 Lap,1,0,0.00159843
2021,15,2021-09-26,sochi,MAZ,haas,0,19,0,0.011109,0.0,0.0,0.02464625,0.5,0.0,0.2,18,+2 Laps,1,0,0.00142661
2021,15,2021-09-26,sochi,VER,red_bull,0,20,3,0.0086517,0.46724891,0.0,0.66567168,0.7200908,1.0,1.0,2,Finished,1,0,0.02186027
2021,16,2021-10-10,istanbul,HAM,mercedes,0,1,3,1.0,1.0,0.0,1.0,1.0,1.0,0.81818182,5,Finished,1,0,0.78637824
2021,16,2021-10-10,istanbul,BOT,mercedes,0,2,1,0.77880078,1.0,0.0,0.57463656,0.33468945,0.61257606,0.18181818,1,Finished,1,1,0.07393438
2021,16,2021-10-10,istanbul,VER,red_bull,0,3,1,0.60653066,0.67123288,0.0,0.91318826,0.47181795,0.99188641,1.0,2,Finished,1,0,0.08146417
2021,16,2021-10-10,istanbul,LEC,ferrari,0,4,1,0.47236655,0.62557078,0.0,0.3946898,0.55632226,0.42190669,0.69230769,4,Finished,1,0,0.016051
2021,16,2021-10-10,istanbul,GAS,alphatauri,0,5,1,0.36787944,0.3196347,0.0,0.44039728,0.34236978,0.26774848,0.9,6,Finished,1,0,0.0062099
2021,16,2021-10-10,istanbul,ALO,alpine,0,6,2,0.2865048,0.57534247,0.0,0.50381282,0.55132498,0.23529412,0.5,16,+1 Lap,1,0,0.00691787
2021,16,2021-10-10,istanbul,PER,red_bull,0,7,2,0.22313016,0.67123288,0.0,0.27968781,0.56372915,0.48681542,0.0,3,Finished,1,0,0.00483806
2021,16,2021-10-10,istanbul,NOR,mclaren,0,8,1,0.17377394,0.63926941,0.0,0.41099976,0.41517302,0.56389452,0.71428571,7,Finished,1,0,0.00602952
2021,16,2021-10-10,istanbul,STR,aston_martin,0,9,1,0.13533528,0.10045662,0.0,0.17223127,0.39429569,0.09736308,0.6,9,Finished,1,0,0.00118587
2021,16,2021-10-10,istanbul,TSU,alphatauri,0,10,0,0.10539922,0.3196347,0.0,0.14192343,0.5,0.07302231,0.1,14,+1 Lap,1,0,0.00119259
2021,16,2021-10-10,istanbul,VET,aston_martin,0,11,3,0.082085,0.10045662,0.0,0.23026104,0.72728119,0.14198783,0.4,18,+1 Lap,1,0,0.00128243
2021,16,2021-10-10,istanbul,OCO,alpine,0,12,1,0.06392786,0.57534247,0.0,0.52683745,0.36320829,0.18255578,0.5,10,+1 Lap,1,0,0.00272585
2021,16,2021-10-10,istanbul,RUS,williams,0,13,1,0.04978707,0.21004566,0.0,0.4330767,0.32325303,0.06490872,0.88888889,15,+1 Lap,1,0,0.0014632
2021,16,2021-10-10,istanbul,MSC,haas,0,14,0,0.03877421,0.0,0.0,0.07702249,0.5,0.0,0.8,19,+2 Laps,1,0,0.00073456
2021,16,2021-10-10,istanbul,SAI,ferrari,0,15,1,0.03019738,0.62557078,0.0,0.65754422,0.50985892,0.45638945,0.30769231,8,Finished,1,0,0.00381389
2021,16,2021-10-10,istanbul,RIC,mclaren,0,16,1,0.02351775,0.63926941,0.0,0.71597649,0.37720278,0.38539554,0.28571429,13,+1 Lap,1,0,0.00341431
2021,16,2021-10-10,istanbul,LAT,williams,0,17,1,0.01831564,0.21004566,0.0,0.20805881,0.3,0.02839757,0.11111111,17,+1 Lap,1,0,0.00066957
2021,16,2021-10-10,istanbul,GIO,alfa,0,18,1,0.01426423,0.0456621,0.0,0.11978255,0.3,0.0040568,0.5,11,+1 Lap,1,0,0.00055929
2021,16,2021-10-10,istanbul,RAI,alfa,0,19,1,0.011109,0.0456621,0.0,0.22435436,0.32840132,0.02434077,0.58333333,12,+1 Lap,1,0,0.0006707
2021,16,2021-10-10,istanbul,MAZ,haas,0,20,0,0.0086517,0.0,0.0,0.02241245,0.5,0.0,0.2,20,+2 Laps,1,0,0.0004646
2021,17,2021-10-24,americas,VER,red_bull,0,1,3,1.0,0.81960784,0.0,1.0,0.84892381,1.0,1.0,1,Finished,1,1,0.59587968
2021,17,2021-10-24,americas,HAM,mercedes,0,2,3,0.77880078,1.0,0.0,0.80781055,1.0,0.97714286,0.75,2,Finished,1,0,0.288393
2021,17,2021-10-24,americas,PER,red_bull,0,3,3,0.60653066,0.81960784,0.0,0.43862078,0.25795688,0.51428571,0.0,3,Finished,1,0,0.02192011
2021,17,2021-10-24,americas,BOT,mercedes,0,4,3,0.47236655,1.0,0.0,0.79747159,0.86086895,0.67428571,0.25,6,Finished,1,0,0.05479928
2021,17,2021-10-24,americas,LEC,ferrari,0,5,2,0.36787944,0.54509804,0.0,0.50979488,0.43319861,0.44190476,0.71428571,4,Finished,1,0,0.01069399
2021,17,2021-10-24,americas,SAI,ferrari,0,6,3,0.2865048,0.54509804,0.0,0.48145927,0.34007013,0.44380952,0.28571429,7,Finished,1,0,0.00590636
2021,17,2021-10-24,americas,RIC,mclaren,0,7,3,0.22313016,0.59607843,0.0,0.63881817,0.20575433,0.36190476,0.26666667,5,Finished,1,0,0.00507205
2021,17,2021-10-24,americas,NOR,mclaren,0,8,1,0.17377394,0.59607843,0.0,0.45655236,0.44824251,0.55238095,0.73333333,8,Finished,1,0,0.00621476
2021,17,2021-10-24,americas,GAS,alphatauri,0,9,2,0.13533528,0.18823529,0.0,0.37809018,0.21149058,0.28190476,0.90909091,20,Suspension,0,0,0.00200313
2021,17,2021-10-24,americas,TSU,alphatauri,0,10,0,0.10539922,0.18823529,0.0,0.04834301,0.5,0.06857143,0.09090909,9,+1 Lap,1,0,0.00089695
2021,17,2021-10-24,americas,OCO,alpine,0,11,2,0.082085,0.21176471,0.0,0.24961421,0.29615299,0.1752381,0.53846154,19,Mechanical,0,0,0.00123031
2021,17,2021-10-24,americas,VET,aston_martin,0,12,3,0.06392786,0.10196078,0.0,0.2185663,0.44382192,0.13333333,0.36363636,10,+1 Lap,1,0,0.00094769
2021,17,2021-10-24,americas,GIO,alfa,0,13,1,0.04978707,0.03137255,0.0,0.12119217,0.33655615,0.00380952,0.53333333,11,+1 Lap,1,0,0.00066037
2021,17,2021-10-24,americas,ALO,alpine,0,14,2,0.03877421,0.21176471,0.0,0.3209596,0.175,0.22095238,0.46153846,18,Rear wing,0,0,0.00103881
2021,17,2021-10-24,americas,RUS,williams,0,15,1,0.03019738,0.10196078,0.0,0.34274898,0.32006244,0.06095238,0.9,14,+1 Lap,1,0,0.00107683
2021,17,2021-10-24,americas,STR,aston_martin,0,16,3,0.02351775,0.10196078,0.0,0.21212594,0.11766355,0.09904762,0.63636364,12,+1 Lap,1,0,0.00070507
2021,17,2021-10-24,americas,LAT,williams,0,17,0,0.01831564,0.10196078,0.0,0.11760429,0.5,0.02666667,0.1,15,+1 Lap,1,0,0.00061288
2021,17,2021-10-24,americas,RAI,alfa,0,18,3,0.01426423,0.03137255,0.0,0.17905041,0.65465599,0.02285714,0.53846154,13,+1 Lap,1,0,0.00081324
2021,17,2021-10-24,americas,MSC,haas,0,19,0,0.011109,0.0,0.0,0.04709167,0.5,0.0,0.81818182,16,+2 Laps,1,0,0.0006644
2021,17,2021-10-24,americas,MAZ,haas,0,20,0,0.0086517,0.0,0.0,0.02653121,0.5,0.0,0.18181818,17,+2 Laps,1,0,0.00047109
2021,18,2021-11-07,rodriguez,BOT,mercedes,0,1,3,1.0,1.0,0.0,0.86814623,0.83673956,0.64347826,0.23076923,15,+2 Laps,1,0,0.40226383
2021,18,2021-11-07,rodriguez,HAM,mercedes,0,2,3,0.77880078,1.0,0.0,0.84861117,0.89129368,0.95826087,0.76923077,2,Finished,1,0,0.32047231
2021,18,2021-11-07,rodriguez,VER,red_bull,0,3,3,0.60653066,0.89795918,0.0,1.0,0.94096398,1.0,1.0,1,Finished,1,1,0.21598429
2021,18,2021-11-07,rodriguez,PER,red_bull,0,4,3,0.47236655,0.89795918,0.0,0.6153914,0.27114289,0.52173913,0.0,3,Finished,1,0,0.02221682
2021,18,2021-11-07,rodriguez,GAS,alphatauri,0,5,3,0.36787944,0.14965986,0.0,0.27695387,0.21783354,0.2573913,0.90909091,4,Finished,1,0,0.00433722
2021,18,2021-11-07,rodriguez,SAI,ferrari,0,6,3,0.2865048,0.57823129,0.0,0.5188192,0.05444445,0.42608696,0.26666667,6,+1 Lap,1,0,0.0058678
2021,18,2021-11-07,rodriguez,RIC,mclaren,0,7,3,0.22313016,0.57142857,0.0,0.61146869,0.14799535,0.36521739,0.3125,12,+1 Lap,1,0,0.00541802
2021,18,2021-11-07,rodriguez,LEC,ferrari,0,8,2,0.17377394,0.57823129,0.0,0.59287883,0.55849492,0.44521739,0.73333333,5,Finished,1,0,0.00818971
2021,18,2021-11-07,rodriguez,TSU,alphatauri,0,9,0,0.13533528,0.14965986,0.0,0.08713008,0.5,0.06956522,0.09090909,20,Collision,0,0,0.00114165
2021,18,2021-11-07,rodriguez,NOR,mclaren,0,10,1,0.10539922,0.57142857,0.0,0.50392699,0.3,0.51826087,0.6875,10,+1 Lap,1,0,0.00491595
2021,18,2021-11-07,rodriguez,VET,aston_martin,0,11,3,0.082085,0.06122449,0.0,0.1404816,1.0,0.12521739,0.41666667,7,+1 Lap,1,0,0.00160643
2021,18,2021-11-07,rodriguez,RAI,alfa,0,12,3,0.06392786,0.02721088,0.0,0.20532546,0.48275167,0.02086957,0.5,8,+1 Lap,1,0,0.00098324
2021,18,2021-11-07,rodriguez,RUS,williams,0,13,1,0.04978707,0.02040816,0.0,0.13808505,0.32629418,0.05565217,0.90909091,16,+2 Laps,1,0,0.00095797
2021,18,2021-11-07,rodriguez,GIO,alfa,0,14,1,0.03877421,0.02721088,0.0,0.13345823,0.3392263,0.00347826,0.5625,11,+1 Lap,1,0,0.00075785
2021,18,2021-11-07,rodriguez,OCO,alpine,0,15,2,0.03019738,0.16326531,0.0,0.1668108,0.40210683,0.16,0.53846154,13,+1 Lap,1,0,0.0010953
2021,18,2021-11-07,rodriguez,ALO,alpine,0,16,2,0.02351775,0.16326531,0.0,0.28375363,0.23341379,0.20173913,0.46153846,9,+1 Lap,1,0,0.00105846
2021,18,2021-11-07,rodriguez,LAT,williams,0,17,0,0.01831564,0.02040816,0.0,0.07881722,0.5,0.02434783,0.09090909,17,+2 Laps,1,0,0.00060292
2021,18,2021-11-07,rodriguez,MSC,haas,0,18,0,0.01426423,0.0,0.0,0.04709167,0.5,0.0,0.83333333,19,Collision,0,0,0.000788
2021,18,2021-11-07,rodriguez,MAZ,haas,0,19,0,0.011109,0.0,0.0,0.02653121,0.5,0.0,0.16666667,18,+3 Laps,1,0,0.00054913
2021,18,2021-11-07,rodriguez,STR,aston_martin,0,20,3,0.0086517,0.06122449,0.0,0.23643751,0.22343917,0.09043478,0.58333333,14,+2 Laps,1,0,0.00079311
2021,19,2021-11-14,interlagos,HAM,mercedes,1,1,3,1.0,0.91608392,0.31890656,0.84861117,0.70954336,0.9392,0.78571429,1,Finished,1,1,0.29253418
2021,19,2021-11-14,interlagos,VER,red_bull,1,2,3,0.77880078,1.0,0.75147729,1.0,1.0,1.0,1.0,2,Finished,1,0,0.52596538
2021,19,2021-11-14,interlagos,BOT,mercedes,1,3,3,0.60653066,0.91608392,1.0,0.70058158,0.40266176,0.592,0.21428571,3,Finished,1,0,0.09913092
2021,19,2021-11-14,interlagos,PER,red_bull,1,4,3,0.47236655,1.0,0.42437285,0.73188008,0.23281766,0.528,0.0,4,Finished,1,0,0.03113619
2021,19,2021-11-14,interlagos,GAS,alphatauri,1,5,3,0.36787944,0.15384615,0.13533528,0.27695387,0.52155268,0.2752,0.90909091,7,+1 Lap,1,0,0.00512567
2021,19,2021-11-14,interlagos,SAI,ferrari,1,6,3,0.2865048,0.60839161,0.56471812,0.5371521,0.45364378,0.4176,0.25,6,Finished,1,0,0.01332243
2021,19,2021-11-14,interlagos,LEC,ferrari,1,7,2,0.22313016,0.60839161,0.18009231,0.59287883,0.2736498,0.4416,0.75,5,Finished,1,0,0.00848189
2021,19,2021-11-14,interlagos,NOR,mclaren,1,8,1,0.17377394,0.58741259,0.23965104,0.50392699,0.42070766,0.48,0.70588235,10,+1 Lap,1,0,0.00801311
2021,19,2021-11-14,interlagos,RIC,mclaren,1,9,3,0.13533528,0.58741259,0.05743262,0.6047244,0.52063622,0.336,0.29411765,19,Power loss,0,0,0.00517296
2021,19,2021-11-14,interlagos,ALO,alpine,1,10,2,0.10539922,0.11188811,0.04315931,0.23812211,0.27484019,0.192,0.5,9,+1 Lap,1,0,0.00138205
2021,19,2021-11-14,interlagos,OCO,alpine,1,11,2,0.082085,0.11188811,0.10170139,0.13624593,0.20345293,0.1472,0.5,8,+1 Lap,1,0,0.00115593
2021,19,2021-11-14,interlagos,VET,aston_martin,1,12,3,0.06392786,0.1048951,0.07642629,0.19834511,0.42136262,0.1344,0.46153846,11,+1 Lap,1,0,0.00129149
2021,19,2021-11-14,interlagos,TSU,alphatauri,1,13,0,0.04978707,0.15384615,0.01831564,0.08713008,0.5,0.064,0.09090909,15,+1 Lap,1,0,0.00094105
2021,19,2021-11-14,interlagos,RAI,alfa,1,14,3,0.03877421,0.05594406,0.00777266,0.23873622,0.75270539,0.032,0.53333333,12,+1 Lap,1,0,0.00132977
2021,19,2021-11-14,interlagos,GIO,alfa,1,15,1,0.03019738,0.05594406,0.03243324,0.15024513,0.51994369,0.0032,0.52941176,14,+1 Lap,1,0,0.00100734
2021,19,2021-11-14,interlagos,STR,aston_martin,1,16,3,0.02351775,0.1048951,0.02437284,0.2263949,0.0268414,0.0832,0.53846154,20,Collision damage,0,0,0.00083899
2021,19,2021-11-14,interlagos,LAT,williams,1,17,0,0.01831564,0.02097902,0.01376379,0.07633614,0.5,0.0224,0.08333333,16,+1 Lap,1,0,0.00068654
2021,19,2021-11-14,interlagos,RUS,williams,1,18,1,0.01426423,0.02097902,0.01034317,0.15177236,0.35423745,0.0512,0.91666667,13,+1 Lap,1,0,0.00098533
2021,19,2021-11-14,interlagos,MSC,haas,1,19,0,0.011109,0.0,0.00584098,0.03791679,0.5,0.0,0.83333333,18,+2 Laps,1,0,0.0008678
2021,19,2021-11-14,interlagos,MAZ,haas,1,20,0,0.0086517,0.0,0.00438936,0.03570609,0.5,0.0,0.16666667,17,+2 Laps,1,0,0.00063097
2021,20,2021-11-21,losail,HAM,mercedes,0,1,0,1.0,0.95121951,0.0,0.91710371,0.5,0.95789474,0.8,1,Finished,1,1,0.55085876
2021,20,2021-11-21,losail,VER,red_bull,0,2,0,0.77880078,1.0,0.0,1.0,0.5,1.0,1.0,2,Finished,1,0,0.3447758
2021,20,2021-11-21,losail,BOT,mercedes,0,3,0,0.60653066,0.95121951,0.0,0.57186458,0.5,0.61052632,0.2,20,Damage,0,0,0.05535729
2021,20,2021-11-21,losail,GAS,alphatauri,0,4,0,0.47236655,0.17073171,0.0,0.29365951,0.5,0.27669173,0.91666667,11,+1 Lap,1,0,0.00891953
2021,20,2021-11-21,losail,ALO,alpine,0,5,0,0.36787944,0.10365854,0.0,0.18434114,0.5,0.18646617,0.46666667,3,Finished,1,0,0.00373801
2021,20,2021-11-21,losail,NOR,mclaren,0,6,0,0.2865048,0.25,0.0,0.26470652,0.5,0.45413534,0.70588235,9,+1 Lap,1,0,0.0053107
2021,20,2021-11-21,losail,SAI,ferrari,0,7,0,0.22313016,0.51829268,0.0,0.43846181,0.5,0.41954887,0.23529412,7,Finished,1,0,0.00591084
2021,20,2021-11-21,losail,TSU,alphatauri,0,8,0,0.17377394,0.17073171,0.0,0.08476797,0.5,0.06015038,0.08333333,13,+1 Lap,1,0,0.00142354
2021,20,2021-11-21,losail,OCO,alpine,0,9,0,0.13533528,0.10365854,0.0,0.12945747,0.5,0.15037594,0.53333333,5,Finished,1,0,0.00158815
2021,20,2021-11-21,losail,VET,aston_martin,0,10,0,0.10539922,0.05487805,0.0,0.16740858,0.5,0.12631579,0.46153846,10,+1 Lap,1,0,0.00131557
2021,20,2021-11-21,losail,PER,red_bull,0,11,0,0.082085,1.0,0.0,0.61973724,0.5,0.53533835,0.0,4,Finished,1,0,0.00879045
2021,20,2021-11-21,losail,STR,aston_martin,0,12,0,0.06392786,0.05487805,0.0,0.11720961,0.5,0.07819549,0.53846154,6,Finished,1,0,0.0010801
2021,20,2021-11-21,losail,LEC,ferrari,0,13,0,0.04978707,0.51829268,0.0,0.46162534,0.5,0.44511278,0.76470588,8,Finished,1,0,0.00441688
2021,20,2021-11-21,losail,RIC,mclaren,0,14,0,0.03877421,0.25,0.0,0.26921229,0.5,0.31578947,0.29411765,12,+1 Lap,1,0,0.00166497
2021,20,2021-11-21,losail,RUS,williams,0,15,0,0.03019738,0.00609756,0.0,0.09893818,0.5,0.0481203,0.92307692,17,+2 Laps,1,0,0.00103526
2021,20,2021-11-21,losail,RAI,alfa,0,16,0,0.02351775,0.04878049,0.0,0.18076379,0.5,0.03007519,0.5625,14,+1 Lap,1,0,0.000972
2021,20,2021-11-21,losail,LAT,williams,0,17,0,0.01831564,0.00609756,0.0,0.04311339,0.5,0.02105263,0.07692308,19,Puncture,0,0,0.00060389
2021,20,2021-11-21,losail,GIO,alfa,0,18,0,0.01426423,0.04878049,0.0,0.11895054,0.5,0.00300752,0.5,15,+1 Lap,1,0,0.0008359
2021,20,2021-11-21,losail,MSC,haas,0,19,0,0.011109,0.0,0.0,0.02479338,0.5,0.0,0.76923077,16,+1 Lap,1,0,0.00079141
2021,20,2021-11-21,losail,MAZ,haas,0,20,0,0.0086517,0.0,0.0,0.03829317,0.5,0.0,0.23076923,18,+2 Laps,1,0,0.00061095
2021,21,2021-12-05,jeddah,HAM,mercedes,0,1,0,1.0,0.83428571,0.0,0.91710371,0.5,0.9772404,0.8,1,Finished,1,1,0.54324601
2021,21,2021-12-05,jeddah,BOT,mercedes,0,2,0,0.77880078,0.83428571,0.0,0.47103209,0.5,0.57752489,0.2,3,Finished,1,0,0.08533329
2021,21,2021-12-05,jeddah,VER,red_bull,0,3,0,0.60653066,1.0,0.0,1.0,0.5,1.0,1.0,2,Finished,1,0,0.27715239
2021,21,2021-12-05,jeddah,LEC,ferrari,0,4,0,0.47236655,0.45714286,0.0,0.50331719,0.5,0.43243243,0.72222222,7,Finished,1,0,0.02273268
2021,21,2021-12-05,jeddah,PER,red_bull,0,5,0,0.36787944,1.0,0.0,0.69758736,0.5,0.54054054,0.0,17,Collision,0,0,0.0375325
2021,21,2021-12-05,jeddah,GAS,alphatauri,0,6,0,0.2865048,0.16,0.0,0.30367195,0.5,0.26173542,0.92307692,6,Finished,1,0,0.00615856
2021,21,2021-12-05,jeddah,NOR,mclaren,0,7,0,0.22313016,0.13714286,0.0,0.24242344,0.5,0.43527738,0.72222222,10,Finished,1,0,0.00476805
2021,21,2021-12-05,jeddah,TSU,alphatauri,0,8,0,0.17377394,0.16,0.0,0.09597838,0.5,0.056899,0.07692308,14,+1 Lap,1,0,0.00183294
2021,21,2021-12-05,jeddah,OCO,alpine,0,9,0,0.13533528,0.19428571,0.0,0.21362246,0.5,0.17069701,0.5,4,Finished,1,0,0.00275231
2021,21,2021-12-05,jeddah,GIO,alfa,0,10,0,0.10539922,0.02285714,0.0,0.12142418,0.5,0.00284495,0.47368421,9,Finished,1,0,0.00146079
2021,21,2021-12-05,jeddah,RIC,mclaren,0,11,0,0.082085,0.13714286,0.0,0.17092019,0.5,0.29871977,0.27777778,5,Finished,1,0,0.00201865
2021,21,2021-12-05,jeddah,RAI,alfa,0,12,0,0.06392786,0.02285714,0.0,0.14209324,0.5,0.0284495,0.58823529,15,+1 Lap,1,0,0.00143946
2021,21,2021-12-05,jeddah,ALO,alpine,0,13,0,0.04978707,0.19428571,0.0,0.25221088,0.5,0.21906117,0.5,13,+1 Lap,1,0,0.00233095
2021,21,2021-12-05,jeddah,RUS,williams,0,14,0,0.03877421,0.0,0.0,0.0709913,0.5,0.0455192,0.92307692,19,Collision,0,0,0.00143844
2021,21,2021-12-05,jeddah,SAI,ferrari,0,15,0,0.03019738,0.45714286,0.0,0.35562745,0.5,0.41394026,0.27777778,8,Finished,1,0,0.0039884
2021,21,2021-12-05,jeddah,LAT,williams,0,16,0,0.02351775,0.0,0.0,0.04311339,0.5,0.01991465,0.07692308,12,Finished,1,0,0.00082515
2021,21,2021-12-05,jeddah,VET,aston_martin,0,17,0,0.01831564,0.10285714,0.0,0.17963779,0.5,0.12233286,0.42857143,16,Collision damage,0,0,0.00148835
2021,21,2021-12-05,jeddah,STR,aston_martin,0,18,0,0.01426423,0.10285714,0.0,0.1693941,0.5,0.09672831,0.57142857,11,Finished,1,0,0.00153476
2021,21,2021-12-05,jeddah,MSC,haas,0,19,0,0.011109,0.0,0.0,0.03596594,0.5,0.0,0.78571429,20,Accident,0,0,0.00113536
2021,21,2021-12-05,jeddah,MAZ,haas,0,20,0,0.0086517,0.0,0.0,0.03829317,0.5,0.0,0.21428571,18,Collision,0,0,0.00083097
2021,22,2021-12-12,yas_marina,VER,red_bull,0,1,3,1.0,1.0,0.0,0.96091197,1.0,1.0,1.0,1,Finished,1,1,0.67580088
2021,22,2021-12-12,yas_marina,HAM,mercedes,0,2,3,0.77880078,0.94375,0.0,1.0,0.98011211,1.0,0.8125,2,Finished,1,0,0.27188434
2021,22,2021-12-12,yas_marina,NOR,mclaren,0,3,2,0.60653066,0.18125,0.0,0.20364377,0.44915755,0.41677943,0.68421053,7,Finished,1,0,0.00803742
2021,22,2021-12-12,yas_marina,PER,red_bull,0,4,3,0.47236655,1.0,0.0,0.52577544,0.17509795,0.51420839,0.0,15,Engine,0,0,0.01493315
2021,22,2021-12-12,yas_marina,SAI,ferrari,0,5,3,0.36787944,0.4625,0.0,0.34172667,0.34980786,0.40460081,0.26315789,3,Finished,1,0,0.00462637
2021,22,2021-12-12,yas_marina,BOT,mercedes,0,6,3,0.2865048,0.94375,0.0,0.38152976,0.74809237,0.58998647,0.1875,6,Finished,1,0,0.01132775
2021,22,2021-12-12,yas_marina,LEC,ferrari,0,7,3,0.22313016,0.4625,0.0,0.43024847,0.37234695,0.42760487,0.73684211,10,Finished,1,0,0.00404695
2021,22,2021-12-12,yas_marina,TSU,alphatauri,0,8,0,0.17377394,0.175,0.0,0.09222677,0.5,0.0541272,0.07142857,4,Finished,1,0,0.00092009
2021,22,2021-12-12,yas_marina,OCO,alpine,0,9,2,0.13533528,0.28125,0.0,0.28797124,0.26399708,0.19485792,0.52941176,9,Finished,1,0,0.00135445
2021,22,2021-12-12,yas_marina,RIC,mclaren,0,10,3,0.10539922,0.18125,0.0,0.24156842,0.35127848,0.31123139,0.31578947,12,+1 Lap,1,0,0.00105936
2021,22,2021-12-12,yas_marina,ALO,alpine,0,11,1,0.082085,0.28125,0.0,0.25117859,0.36240991,0.20838972,0.47058824,8,Finished,1,0,0.00114952
2021,22,2021-12-12,yas_marina,GAS,alphatauri,0,12,3,0.06392786,0.175,0.0,0.29180201,0.14146742,0.27063599,0.92857143,5,Finished,1,0,0.00106647
2021,22,2021-12-12,yas_marina,STR,aston_martin,0,13,3,0.04978707,0.1,0.0,0.14841988,0.11039197,0.09201624,0.57142857,13,+1 Lap,1,0,0.00055372
2021,22,2021-12-12,yas_marina,GIO,alfa,0,14,2,0.03877421,0.0375,0.0,0.13103089,0.2123089,0.00811908,0.5,17,Gearbox,0,0,0.00046717
2021,22,2021-12-12,yas_marina,VET,aston_martin,0,15,3,0.03019738,0.1,0.0,0.16541965,0.41826816,0.11637348,0.42857143,11,Finished,1,0,0.00063833
2021,22,2021-12-12,yas_marina,LAT,williams,0,16,1,0.02351775,0.0,0.0,0.05653147,0.3187975,0.01894452,0.07692308,16,Accident,0,0,0.00034458
2021,22,2021-12-12,yas_marina,RUS,williams,0,17,2,0.01831564,0.0,0.0,0.0551036,0.21438315,0.04330176,0.92307692,18,Gearbox,0,0,0.00048115
2021,22,2021-12-12,yas_marina,RAI,alfa,0,18,3,0.01426423,0.0375,0.0,0.12575883,0.0913422,0.0270636,0.55555556,19,Brakes,0,0,0.00040487
2021,22,2021-12-12,yas_marina,MSC,haas,0,19,0,0.011109,0.0,0.0,0.02866814,0.5,0.0,0.78571429,14,+1 Lap,1,0,0.0005159
2021,22,2021-12-12,yas_marina,MAZ,haas,0,20,0,0.0086517,0.0,0.0,0.03197244,0.5,0.0,0.21428571,20,Illness,0,0,0.00038756
2022,2,2022-03-27,jeddah,PER,red_bull,0,1,1,1.0,0.0,0.0,0.0,0.3,0.0,0.5,4,Finished,1,0,0.02810852
2022,2,2022-03-27,jeddah,LEC,ferrari,0,2,1,0.77880078,1.0,0.0,1.0,0.42047768,1.0,0.5,2,Finished,1,0,0.62934291
2022,2,2022-03-27,jeddah,SAI,ferrari,0,3,1,0.60653066,1.0,0.0,0.81873075,0.39863879,0.69230769,0.5,3,Finished,1,0,0.2294499
2022,2,2022-03-27,jeddah,VER,red_bull,0,4,1,0.47236655,0.0,0.0,0.0,0.6274923,0.0,0.5,1,Finished,1,1,0.00780302
2022,2,2022-03-27,jeddah,OCO,alpine,0,5,1,0.36787944,0.18181818,0.0,0.30119421,0.51952465,0.23076923,0.5,6,Finished,1,0,0.0121938
2022,2,2022-03-27,jeddah,RUS,mercedes,0,6,1,0.2865048,0.61363636,0.0,0.54881164,0.3,0.46153846,0.5,5,Finished,1,0,0.02605021
2022,2,2022-03-27,jeddah,ALO,alpine,0,7,1,0.22313016,0.18181818,0.0,0.20189652,0.33628718,0.07692308,0.5,16,Water pump,0,0,0.00528072
2022,2,2022-03-27,jeddah,BOT,alfa,0,8,1,0.17377394,0.20454545,0.0,0.36787944,0.56812802,0.30769231,0.5,15,Cooling system,0,0,0.00858046
2022,2,2022-03-27,jeddah,GAS,alphatauri,0,9,1,0.13533528,0.09090909,0.0,0.0,0.44715178,0.0,0.5,8,Finished,1,0,0.00284972
2022,2,2022-03-27,jeddah,MAG,haas,0,10,0,0.10539922,0.22727273,0.0,0.44932896,0.5,0.38461538,0.5,9,Finished,1,0,0.00806549
2022,2,2022-03-27,jeddah,NOR,mclaren,0,11,1,0.082085,0.0,0.0,0.06081006,0.36611956,0.0,0.5,7,Finished,1,0,0.00210609
2022,2,2022-03-27,jeddah,RIC,mclaren,0,12,1,0.06392786,0.0,0.0,0.07427358,0.47973159,0.0,0.5,17,Gearbox,0,0,0.00223629
2022,2,2022-03-27,jeddah,ZHO,alfa,0,13,0,0.04978707,0.20454545,0.0,0.16529889,0.5,0.03846154,0.5,11,Finished,1,0,0.00349594
2022,2,2022-03-27,jeddah,MSC,haas,0,14,1,0.03877421,0.22727273,0.0,0.13533528,0.3,0.0,0.5,20,Withdrew,0,0,0.00275883
2022,2,2022-03-27,jeddah,STR,aston_martin,0,15,1,0.03019738,0.0,0.0,0.11080316,0.35413411,0.0,0.5,13,+1 Lap,1,0,0.00189638
2022,2,2022-03-27,jeddah,HAM,mercedes,0,16,1,0.02351775,0.61363636,0.0,0.67032005,0.7,0.57692308,0.5,10,Finished,1,0,0.02150854
2022,2,2022-03-27,jeddah,ALB,williams,0,17,0,0.01831564,0.0,0.0,0.09071795,0.5,0.0,0.5,14,Collision damage,0,0,0.00202705
2022,2,2022-03-27,jeddah,HUL,aston_martin,0,18,0,0.01426423,0.0,0.0,0.0407622,0.5,0.0,0.5,12,Finished,1,0,0.0018878
2022,2,2022-03-27,jeddah,LAT,williams,0,19,1,0.011109,0.0,0.0,0.04978707,0.34432126,0.0,0.5,18,Accident,0,0,0.00165313
2022,2,2022-03-27,jeddah,TSU,alphatauri,0,20,1,0.0086517,0.09090909,0.0,0.24659696,0.32970943,0.15384615,0.5,19,Power Unit,0,0,0.00270521
2022,3,2022-04-10,albert_park,LEC,ferrari,0,1,2,1.0,1.0,0.0,1.0,0.41449588,1.0,0.5,1,Finished,1,1,0.80235024
2022,3,2022-04-10,albert_park,VER,red_bull,0,2,3,0.77880078,0.47435897,0.0,0.549834,0.63984857,0.55555556,0.5,18,Fuel leak,0,0,0.08911642
2022,3,2022-04-10,albert_park,PER,red_bull,0,3,3,0.60653066,0.47435897,0.0,0.3017553,0.18656914,0.26666667,0.5,2,Finished,1,0,0.02098373
2022,3,2022-04-10,albert_park,NOR,mclaren,0,4,1,0.47236655,0.07692308,0.0,0.19904226,0.35413411,0.13333333,0.5,5,Finished,1,0,0.00675802
2022,3,2022-04-10,albert_park,HAM,mercedes,0,5,3,0.36787944,0.48717949,0.0,0.4594517,1.0,0.35555556,0.5,4,Finished,1,0,0.02268628
2022,3,2022-04-10,albert_park,RUS,mercedes,0,6,1,0.2865048,0.48717949,0.0,0.54881164,0.32432403,0.48888889,0.5,3,Finished,1,0,0.01232016
2022,3,2022-04-10,albert_park,RIC,mclaren,0,7,3,0.22313016,0.07692308,0.0,0.04083814,0.21328365,0.0,0.5,6,Finished,1,0,0.0019448
2022,3,2022-04-10,albert_park,OCO,alpine,0,8,2,0.17377394,0.20512821,0.0,0.36787944,0.28078285,0.31111111,0.5,7,Finished,1,0,0.00380572
2022,3,2022-04-10,albert_park,SAI,ferrari,0,9,3,0.13533528,1.0,0.0,0.81873075,0.13269303,0.73333333,0.5,20,Spun off,0,0,0.02178722
2022,3,2022-04-10,albert_park,ALO,alpine,0,10,2,0.10539922,0.20512821,0.0,0.11100957,0.38483974,0.04444444,0.5,17,+1 Lap,1,0,0.00200354
2022,3,2022-04-10,albert_park,GAS,alphatauri,0,11,2,0.082085,0.1025641,0.0,0.13558739,0.23820252,0.08888889,0.5,9,Finished,1,0,0.00150586
2022,3,2022-04-10,albert_park,BOT,alfa,0,12,3,0.06392786,0.11538462,0.0,0.20227262,0.83709277,0.17777778,0.5,8,Finished,1,0,0.00266289
2022,3,2022-04-10,albert_park,TSU,alphatauri,0,13,0,0.04978707,0.1025641,0.0,0.13558739,0.5,0.08888889,0.5,15,+1 Lap,1,0,0.00165571
2022,3,2022-04-10,albert_park,ZHO,alfa,0,14,0,0.03877421,0.11538462,0.0,0.16529889,0.5,0.02222222,0.5,11,Finished,1,0,0.00159185
2022,3,2022-04-10,albert_park,MSC,haas,0,15,0,0.03019738,0.15384615,0.0,0.07441194,0.5,0.0,0.5,13,+1 Lap,1,0,0.00145681
2022,3,2022-04-10,albert_park,ALB,williams,0,16,1,0.02351775,0.0,0.0,0.04987981,0.33628718,0.0,0.5,10,Finished,1,0,0.00097113
2022,3,2022-04-10,albert_park,MAG,haas,0,17,3,0.01831564,0.15384615,0.0,0.35806591,0.20424044,0.26666667,0.5,14,+1 Lap,1,0,0.00185796
2022,3,2022-04-10,albert_park,VET,aston_martin,0,18,3,0.01426423,0.0,0.0,0.549834,0.97091062,0.0,0.5,19,Accident,0,0,0.00266355
2022,3,2022-04-10,albert_park,LAT,williams,0,19,0,0.011109,0.0,0.0,0.02737462,0.5,0.0,0.5,16,+1 Lap,1,0,0.00103302
2022,3,2022-04-10,albert_park,STR,aston_martin,0,20,3,0.0086517,0.0,0.0,0.11080316,0.14095433,0.0,0.5,12,Finished,1,0,0.00084507
2022,4,2022-04-24,imola,VER,red_bull,1,1,2,1.0,0.52884615,1.0,0.35476961,0.60298896,0.35211268,0.5,1,Finished,1,1,0.34185243
2022,4,2022-04-24,imola,LEC,ferrari,1,2,2,0.77880078,1.0,0.75147729,1.0,0.54450081,1.0,0.5,6,Finished,1,0,0.54660587
2022,4,2022-04-24,imola,NOR,mclaren,1,3,2,0.60653066,0.23076923,0.31890656,0.28783637,0.53576813,0.22535211,0.5,3,Finished,1,0,0.02578153
2022,4,2022-04-24,imola,MAG,haas,1,4,1,0.47236655,0.11538462,0.13533528,0.25738502,0.3,0.16901408,0.5,9,Finished,1,0,0.0095164
2022,4,2022-04-24,imola,ALO,alpine,1,5,2,0.36787944,0.21153846,0.10170139,0.08608794,0.49103151,0.02816901,0.5,19,Collision damage,0,0,0.00639395
2022,4,2022-04-24,imola,RIC,mclaren,1,6,2,0.2865048,0.23076923,0.23965104,0.15686245,0.53327105,0.11267606,0.5,18,+1 Lap,1,0,0.00655247
2022,4,2022-04-24,imola,PER,red_bull,1,7,2,0.22313016,0.52884615,0.56471812,0.48516248,0.34313585,0.42253521,0.5,2,Finished,1,0,0.01496193
2022,4,2022-04-24,imola,BOT,alfa,1,8,2,0.17377394,0.125,0.18009231,0.21799755,0.42028541,0.16901408,0.5,5,Finished,1,0,0.00375402
2022,4,2022-04-24,imola,VET,aston_martin,1,9,2,0.13533528,0.0,0.03243324,0.0,0.20819577,0.0,0.5,8,Finished,1,0,0.00158892
2022,4,2022-04-24,imola,SAI,ferrari,1,10,2,0.10539922,1.0,0.42437285,0.52826997,0.4575433,0.46478873,0.5,20,Collision,0,0,0.01725966
2022,4,2022-04-24,imola,RUS,mercedes,1,11,2,0.082085,0.625,0.05743262,0.59191913,0.175,0.52112676,0.66666667,4,Finished,1,0,0.00687697
2022,4,2022-04-24,imola,MSC,haas,1,12,1,0.06392786,0.11538462,0.07642629,0.08019682,0.32229178,0.0,0.5,17,+1 Lap,1,0,0.0017151
2022,4,2022-04-24,imola,HAM,mercedes,1,13,2,0.04978707,0.625,0.02437284,0.49115389,0.825,0.3943662,0.33333333,13,+1 Lap,1,0,0.00664648
2022,4,2022-04-24,imola,ZHO,alfa,1,14,0,0.03877421,0.125,0.0,0.15466871,0.5,0.01408451,0.5,15,+1 Lap,1,0,0.00177034
2022,4,2022-04-24,imola,STR,aston_martin,1,15,2,0.03019738,0.0,0.01831564,0.11080316,0.30771918,0.0,0.5,10,+1 Lap,1,0,0.00127748
2022,4,2022-04-24,imola,TSU,alphatauri,1,16,1,0.02351775,0.09615385,0.04315931,0.10905867,0.34961126,0.05633803,0.5,7,Finished,1,0,0.00152369
2022,4,2022-04-24,imola,GAS,alphatauri,1,17,2,0.01831564,0.09615385,0.01034317,0.15911186,0.3039078,0.08450704,0.5,12,+1 Lap,1,0,0.0014947
2022,4,2022-04-24,imola,LAT,williams,1,18,2,0.01426423,0.00961538,0.00584098,0.03532588,0.21554541,0.0,0.5,16,+1 Lap,1,0,0.00106736
2022,4,2022-04-24,imola,OCO,alpine,1,19,2,0.011109,0.21153846,0.01376379,0.34422155,0.26140948,0.28169014,0.5,14,+1 Lap,1,0,0.00216939
2022,4,2022-04-24,imola,ALB,williams,1,20,1,0.0086517,0.00961538,0.00777266,0.09082699,0.32722724,0.01408451,0.5,11,+1 Lap,1,0,0.00119132
2022,5,2022-05-08,miami,LEC,ferrari,0,1,0,1.0,1.0,0.0,1.0,0.5,1.0,0.5,2,Finished,1,0,0.69817875
2022,5,2022-05-08,miami,SAI,ferrari,0,2,0,0.77880078,1.0,0.0,0.46728364,0.5,0.44186047,0.5,3,Finished,1,0,0.11797942
2022,5,2022-05-08,miami,VER,red_bull,0,3,0,0.60653066,0.88392857,0.0,0.62762619,0.5,0.68604651,0.5,1,Finished,1,1,0.07917251
2022,5,2022-05-08,miami,PER,red_bull,0,4,0,0.47236655,0.88392857,0.0,0.68608114,0.5,0.62790698,0.5,4,Finished,1,0,0.05075592
2022,5,2022-05-08,miami,BOT,alfa,0,5,0,0.36787944,0.20535714,0.0,0.33383605,0.5,0.27906977,1.0,7,Finished,1,0,0.00863267
2022,5,2022-05-08,miami,HAM,mercedes,0,6,0,0.2865048,0.6875,0.0,0.46292092,0.5,0.3255814,0.25,6,Finished,1,0,0.01096054
2022,5,2022-05-08,miami,GAS,alphatauri,0,7,0,0.22313016,0.14285714,0.0,0.17551461,0.5,0.06976744,0.5,18,Suspension,0,0,0.00267124
2022,5,2022-05-08,miami,NOR,mclaren,0,8,0,0.17377394,0.34821429,0.0,0.4649622,0.5,0.40697674,0.66666667,19,Collision,0,0,0.0059091
2022,5,2022-05-08,miami,TSU,alphatauri,0,9,0,0.13533528,0.14285714,0.0,0.19098704,0.5,0.11627907,0.5,12,Finished,1,0,0.00208238
2022,5,2022-05-08,miami,STR,aston_martin,0,10,0,0.10539922,0.04464286,0.0,0.1498844,0.5,0.01162791,0.33333333,10,Finished,1,0,0.00131855
2022,5,2022-05-08,miami,ALO,alpine,0,11,0,0.082085,0.19642857,0.0,0.07614948,0.5,0.02325581,0.5,11,Finished,1,0,0.00153977
2022,5,2022-05-08,miami,RUS,mercedes,0,12,0,0.06392786,0.6875,0.0,0.69580907,0.5,0.56976744,0.75,5,Finished,1,0,0.01015575
2022,5,2022-05-08,miami,VET,aston_martin,0,13,0,0.04978707,0.04464286,0.0,0.15477071,0.5,0.04651163,0.5,17,Collision,0,0,0.00122109
2022,5,2022-05-08,miami,RIC,mclaren,0,14,0,0.03877421,0.34821429,0.0,0.14922638,0.5,0.12790698,0.33333333,13,Finished,1,0,0.00179679
2022,5,2022-05-08,miami,MSC,haas,0,15,0,0.03019738,0.125,0.0,0.08373018,0.5,0.0,0.33333333,15,Finished,1,0,0.00105693
2022,5,2022-05-08,miami,MAG,haas,0,16,0,0.02351775,0.125,0.0,0.29102887,0.5,0.1744186,0.66666667,16,Front wing,0,0,0.00174734
2022,5,2022-05-08,miami,ZHO,alfa,0,17,0,0.01831564,0.20535714,0.0,0.15589592,0.5,0.01162791,0.0,20,Water leak,0,0,0.00105793
2022,5,2022-05-08,miami,ALB,williams,0,18,0,0.01426423,0.00892857,0.0,0.12281142,0.5,0.01162791,1.0,9,Finished,1,0,0.001232
2022,5,2022-05-08,miami,LAT,williams,0,19,0,0.011109,0.00892857,0.0,0.0468715,0.5,0.0,0.0,14,Finished,1,0,0.00068002
2022,5,2022-05-08,miami,OCO,alpine,0,20,0,0.0086517,0.19642857,0.0,0.32779078,0.5,0.23255814,0.5,8,Finished,1,0,0.0018513
2022,6,2022-05-22,catalunya,LEC,ferrari,0,1,3,1.0,1.0,0.0,1.0,0.35158005,1.0,1.0,20,Turbo,0,0,0.63277407
2022,6,2022-05-22,catalunya,VER,red_bull,0,2,3,0.77880078,0.94482759,0.0,0.74899991,0.78500105,0.81730769,1.0,1,Finished,1,1,0.25276736
2022,6,2022-05-22,catalunya,SAI,ferrari,0,3,3,0.60653066,1.0,0.0,0.53912285,0.31000377,0.50961538,0.0,4,Finished,1,0,0.03984988
2022,6,2022-05-22,catalunya,RUS,mercedes,0,4,3,0.47236655,0.65517241,0.0,0.66576136,0.05599465,0.56730769,0.8,3,Finished,1,0,0.02198075
2022,6,2022-05-22,catalunya,PER,red_bull,0,5,3,0.36787944,0.94482759,0.0,0.68285942,0.36102921,0.63461538,0.0,2,Finished,1,0,0.02166846
2022,6,2022-05-22,catalunya,HAM,mercedes,0,6,3,0.2865048,0.65517241,0.0,0.46014259,1.0,0.34615385,0.2,5,Finished,1,0,0.01219795
2022,6,2022-05-22,catalunya,BOT,alfa,0,7,3,0.22313016,0.2,0.0,0.34079485,0.70404975,0.28846154,1.0,6,Finished,1,0,0.00493875
2022,6,2022-05-22,catalunya,MAG,haas,0,8,2,0.17377394,0.09655172,0.0,0.23153973,0.27886465,0.14423077,0.66666667,17,+2 Laps,1,0,0.0017226
2022,6,2022-05-22,catalunya,RIC,mclaren,0,9,3,0.13533528,0.26896552,0.0,0.1413723,0.23546169,0.10576923,0.33333333,12,+1 Lap,1,0,0.00140477
2022,6,2022-05-22,catalunya,MSC,haas,0,10,1,0.10539922,0.09655172,0.0,0.08179716,0.31334931,0.0,0.33333333,14,+1 Lap,1,0,0.00090106
2022,6,2022-05-22,catalunya,NOR,mclaren,0,11,3,0.082085,0.26896552,0.0,0.36991939,0.16468463,0.33653846,0.66666667,8,Finished,1,0,0.00200139
2022,6,2022-05-22,catalunya,OCO,alpine,0,12,2,0.06392786,0.17931034,0.0,0.32235418,0.27647612,0.23076923,1.0,7,Finished,1,0,0.00185192
2022,6,2022-05-22,catalunya,TSU,alphatauri,0,13,1,0.04978707,0.11034483,0.0,0.17961128,0.3,0.09615385,0.5,10,+1 Lap,1,0,0.00097796
2022,6,2022-05-22,catalunya,GAS,alphatauri,0,14,3,0.03877421,0.11034483,0.0,0.13963771,0.22298462,0.05769231,0.5,13,+1 Lap,1,0,0.00082332
2022,6,2022-05-22,catalunya,ZHO,alfa,0,15,0,0.03019738,0.2,0.0,0.12402927,0.5,0.00961538,0.0,19,Power loss,0,0,0.00084006
2022,6,2022-05-22,catalunya,VET,aston_martin,0,16,3,0.02351775,0.04137931,0.0,0.10261172,0.26179987,0.03846154,0.5,11,+1 Lap,1,0,0.00068838
2022,6,2022-05-22,catalunya,ALO,alpine,0,17,1,0.01831564,0.17931034,0.0,0.09437249,0.31630488,0.01923077,0.0,9,+1 Lap,1,0,0.0006604
2022,6,2022-05-22,catalunya,STR,aston_martin,0,18,3,0.01426423,0.04137931,0.0,0.16051618,0.23613792,0.01923077,0.33333333,15,+1 Lap,1,0,0.00063131
2022,6,2022-05-22,catalunya,ALB,williams,0,19,2,0.011109,0.02068966,0.0,0.14811439,0.30550916,0.02884615,1.0,18,+2 Laps,1,0,0.00088287
2022,6,2022-05-22,catalunya,LAT,williams,0,20,2,0.0086517,0.02068966,0.0,0.05583414,0.20296849,0.0,0.0,16,+2 Laps,1,0,0.00043674
2022,7,2022-05-29,monaco,LEC,ferrari,0,1,3,1.0,0.62430939,0.0,0.75133524,0.0,0.94545455,1.0,4,Finished,1,0,0.43049064
2022,7,2022-05-29,monaco,SAI,ferrari,0,2,3,0.77880078,0.62430939,0.0,0.47236293,0.78034005,0.59090909,0.0,2,Finished,1,0,0.11939945
2022,7,2022-05-29,monaco,PER,red_bull,0,3,3,0.60653066,1.0,0.0,0.88845388,0.45907205,0.77272727,0.0,1,Finished,1,1,0.13718666
2022,7,2022-05-29,monaco,VER,red_bull,0,4,3,0.47236655,1.0,0.0,1.0,1.0,1.0,1.0,3,Finished,1,0,0.24521899
2022,7,2022-05-29,monaco,NOR,mclaren,0,5,2,0.36787944,0.23756906,0.0,0.41686005,0.60833038,0.35454545,0.75,6,Finished,1,0,0.01407379
2022,7,2022-05-29,monaco,RUS,mercedes,0,6,2,0.2865048,0.51381215,0.0,0.69702741,0.24117904,0.67272727,0.83333333,5,Finished,1,0,0.01956793
2022,7,2022-05-29,monaco,ALO,alpine,0,7,2,0.22313016,0.14364641,0.0,0.0944985,0.22638305,0.03636364,0.0,7,Finished,1,0,0.00222356
2022,7,2022-05-29,monaco,HAM,mercedes,0,8,3,0.17377394,0.51381215,0.0,0.40550922,0.89983131,0.41818182,0.16666667,8,Finished,1,0,0.00936601
2022,7,2022-05-29,monaco,VET,aston_martin,0,9,3,0.13533528,0.03314917,0.0,0.11935383,0.96410346,0.03636364,0.5,10,Finished,1,0,0.00295282
2022,7,2022-05-29,monaco,OCO,alpine,0,10,2,0.10539922,0.14364641,0.0,0.3227846,0.43521305,0.27272727,1.0,12,Finished,1,0,0.00377365
2022,7,2022-05-29,monaco,TSU,alphatauri,0,11,1,0.082085,0.0718232,0.0,0.15952658,0.32950114,0.1,0.66666667,17,+1 Lap,1,0,0.00188121
2022,7,2022-05-29,monaco,BOT,alfa,0,12,3,0.06392786,0.15469613,0.0,0.3412499,0.46722837,0.34545455,1.0,9,Finished,1,0,0.0035737
2022,7,2022-05-29,monaco,MAG,haas,0,13,2,0.04978707,0.02209945,0.0,0.1297072,0.25303702,0.13636364,0.5,20,Water pressure,0,0,0.00135847
2022,7,2022-05-29,monaco,RIC,mclaren,0,14,3,0.03877421,0.23756906,0.0,0.15069346,0.50644564,0.1,0.25,13,Finished,1,0,0.00185198
2022,7,2022-05-29,monaco,MSC,haas,0,15,1,0.03019738,0.02209945,0.0,0.06664095,0.3197752,0.0,0.5,19,Accident,0,0,0.00112513
2022,7,2022-05-29,monaco,ALB,williams,0,16,1,0.02351775,0.01657459,0.0,0.13397599,0.44612008,0.02727273,0.8,18,Mechanical,0,0,0.0014836
2022,7,2022-05-29,monaco,GAS,alphatauri,0,17,3,0.01831564,0.0718232,0.0,0.16250365,0.56090339,0.05454545,0.33333333,11,Finished,1,0,0.00144666
2022,7,2022-05-29,monaco,STR,aston_martin,0,18,3,0.01426423,0.03314917,0.0,0.14823224,0.20323593,0.01818182,0.25,14,Finished,1,0,0.00096901
2022,7,2022-05-29,monaco,LAT,williams,0,19,1,0.011109,0.01657459,0.0,0.0559087,0.33603277,0.0,0.2,15,+1 Lap,1,0,0.00090736
2022,7,2022-05-29,monaco,ZHO,alfa,0,20,0,0.0086517,0.15469613,0.0,0.08287016,0.5,0.00909091,0.0,16,+1 Lap,1,0,0.00114938
2022,8,2022-06-12,baku,LEC,ferrari,0,1,3,1.0,0.5923913,0.0,0.68300104,0.65756116,0.928,0.75,19,Power Unit,0,0,0.30374697
2022,8,2022-06-12,baku,PER,red_bull,0,2,3,0.77880078,1.0,0.0,1.0,1.0,0.88,0.2,2,Finished,1,0,0.42489576
2022,8,2022-06-12,baku,VER,red_bull,0,3,3,0.60653066,1.0,0.0,0.91643358,0.24120928,1.0,0.8,1,Finished,1,1,0.18404398
2022,8,2022-06-12,baku,SAI,ferrari,0,4,3,0.47236655,0.5923913,0.0,0.50882908,0.42827138,0.664,0.25,20,Hydraulics,0,0,0.02585032
2022,8,2022-06-12,baku,RUS,mercedes,0,5,2,0.36787944,0.52173913,0.0,0.69615654,0.19748191,0.672,0.85714286,3,Finished,1,0,0.02417608
2022,8,2022-06-12,baku,GAS,alphatauri,0,6,3,0.2865048,0.04891304,0.0,0.13451995,0.45566191,0.048,0.5,5,Finished,1,0,0.00274079
2022,8,2022-06-12,baku,HAM,mercedes,0,7,3,0.22313016,0.52173913,0.0,0.4253017,0.71196016,0.4,0.14285714,4,Finished,1,0,0.00958305
2022,8,2022-06-12,baku,TSU,alphatauri,0,8,1,0.17377394,0.04891304,0.0,0.16950508,0.46641864,0.088,0.5,13,+1 Lap,1,0,0.00213682
2022,8,2022-06-12,baku,VET,aston_martin,0,9,3,0.13533528,0.03804348,0.0,0.13663685,0.98096597,0.04,1.0,6,Finished,1,0,0.00352504
2022,8,2022-06-12,baku,ALO,alpine,0,10,2,0.10539922,0.13043478,0.0,0.16958491,0.48065029,0.08,0.2,7,Finished,1,0,0.00170287
2022,8,2022-06-12,baku,NOR,mclaren,0,11,2,0.082085,0.25,0.0,0.4329897,0.50348311,0.384,0.8,9,Finished,1,0,0.00481963
2022,8,2022-06-12,baku,RIC,mclaren,0,12,3,0.06392786,0.25,0.0,0.17315633,0.12676562,0.088,0.2,8,Finished,1,0,0.00136183
2022,8,2022-06-12,baku,OCO,alpine,0,13,2,0.04978707,0.13043478,0.0,0.25819254,0.175,0.24,0.8,10,Finished,1,0,0.00195418
2022,8,2022-06-12,baku,ZHO,alfa,0,14,0,0.03877421,0.16304348,0.0,0.06140629,0.5,0.008,0.0,18,Hydraulics,0,0,0.00111229
2022,8,2022-06-12,baku,BOT,alfa,0,15,3,0.03019738,0.16304348,0.0,0.3912346,0.50908242,0.32,1.0,11,+1 Lap,1,0,0.0036198
2022,8,2022-06-12,baku,MAG,haas,0,16,2,0.02351775,0.01086957,0.0,0.07913408,0.25645204,0.12,0.5,17,Power Unit,0,0,0.00099234
2022,8,2022-06-12,baku,ALB,williams,0,17,1,0.01831564,0.01630435,0.0,0.1338086,0.37477671,0.024,0.8,12,+1 Lap,1,0,0.00126002
2022,8,2022-06-12,baku,LAT,williams,0,18,1,0.01426423,0.01630435,0.0,0.07102236,0.32750882,0.0,0.2,15,+1 Lap,1,0,0.00078696
2022,8,2022-06-12,baku,STR,aston_martin,0,19,3,0.011109,0.03804348,0.0,0.14394108,0.16615188,0.016,0.2,16,Vibrations,0,0,0.00077673
2022,8,2022-06-12,baku,MSC,haas,0,20,1,0.0086517,0.01086957,0.0,0.06655769,0.35012433,0.0,0.5,14,+1 Lap,1,0,0.00091456
2022,9,2022-06-19,villeneuve,VER,red_bull,0,1,3,1.0,1.0,0.0,1.0,0.50622082,1.0,0.83333333,1,Finished,1,1,0.88851711
2022,9,2022-06-19,villeneuve,ALO,alpine,0,2,2,0.77880078,0.11904762,0.0,0.20118969,0.175,0.10666667,0.33333333,9,Finished,1,0,0.01418874
2022,9,2022-06-19,villeneuve,SAI,ferrari,0,3,3,0.60653066,0.3952381,0.0,0.43634321,0.16971508,0.55333333,0.25,2,Finished,1,0,0.02065238
2022,9,2022-06-19,villeneuve,HAM,mercedes,0,4,3,0.47236655,0.45714286,0.0,0.36471483,1.0,0.41333333,0.125,3,Finished,1,0,0.0213597
2022,9,2022-06-19,villeneuve,MAG,haas,0,5,3,0.36787944,0.00952381,0.0,0.05195762,0.08799321,0.1,0.5,17,Finished,1,0,0.00251467
2022,9,2022-06-19,villeneuve,MSC,haas,0,6,0,0.2865048,0.00952381,0.0,0.05355509,0.5,0.0,0.5,19,Engine,0,0,0.00243324
2022,9,2022-06-19,villeneuve,OCO,alpine,0,7,2,0.22313016,0.11904762,0.0,0.19231376,0.38797339,0.20666667,0.66666667,6,Finished,1,0,0.00312469
2022,9,2022-06-19,villeneuve,RUS,mercedes,0,8,1,0.17377394,0.45714286,0.0,0.59698471,0.32414543,0.66,0.875,4,Finished,1,0,0.01013132
2022,9,2022-06-19,villeneuve,RIC,mclaren,0,9,3,0.13533528,0.16190476,0.0,0.12252036,0.59916752,0.1,0.33333333,11,Finished,1,0,0.00210208
2022,9,2022-06-19,villeneuve,ZHO,alfa,0,10,0,0.10539922,0.12380952,0.0,0.02368085,0.5,0.00666667,0.0,8,Finished,1,0,0.00117471
2022,9,2022-06-19,villeneuve,BOT,alfa,0,11,3,0.082085,0.12380952,0.0,0.31167766,0.84390355,0.26666667,1.0,7,Finished,1,0,0.00389606
2022,9,2022-06-19,villeneuve,ALB,williams,0,12,1,0.06392786,0.00952381,0.0,0.10307821,0.3,0.02,0.83333333,13,Finished,1,0,0.00121958
2022,9,2022-06-19,villeneuve,PER,red_bull,0,13,3,0.04978707,1.0,0.0,0.85754378,0.21353138,0.86,0.16666667,20,Gearbox,0,0,0.0147879
2022,9,2022-06-19,villeneuve,NOR,mclaren,0,14,1,0.03877421,0.16190476,0.0,0.31832786,0.3,0.33333333,0.66666667,15,Finished,1,0,0.00208441
2022,9,2022-06-19,villeneuve,LEC,ferrari,0,15,2,0.03019738,0.3952381,0.0,0.3715852,0.53938594,0.77333333,0.75,5,Finished,1,0,0.00538115
2022,9,2022-06-19,villeneuve,GAS,alphatauri,0,16,2,0.02351775,0.08095238,0.0,0.16833651,0.33323388,0.10666667,0.6,14,Finished,1,0,0.00123985
2022,9,2022-06-19,villeneuve,VET,aston_martin,0,17,3,0.01831564,0.07142857,0.0,0.19594173,0.98820978,0.08666667,1.0,12,Finished,1,0,0.00248337
2022,9,2022-06-19,villeneuve,STR,aston_martin,0,18,3,0.01426423,0.07142857,0.0,0.09971081,0.16689982,0.01333333,0.2,10,Finished,1,0,0.00073603
2022,9,2022-06-19,villeneuve,LAT,williams,0,19,0,0.011109,0.00952381,0.0,0.06326501,0.5,0.0,0.16666667,16,Finished,1,0,0.00080829
2022,9,2022-06-19,villeneuve,TSU,alphatauri,0,20,0,0.0086517,0.08095238,0.0,0.15176185,0.5,0.07333333,0.4,18,Accident,0,0,0.00116472
2022,12,2022-07-24,ricard,LEC,ferrari,0,1,3,1.0,0.79605263,0.0,0.67197562,0.29803902,0.81730769,0.5,19,Accident,0,0,0.2811903
2022,12,2022-07-24,ricard,VER,red_bull,0,2,3,0.77880078,1.0,0.0,1.0,0.88844613,1.0,0.71428571,1,Finished,1,1,0.51665423
2022,12,2022-07-24,ricard,PER,red_bull,0,3,3,0.60653066,1.0,0.0,0.69585515,0.37047152,0.72596154,0.28571429,4,Finished,1,0,0.08915408
2022,12,2022-07-24,ricard,HAM,mercedes,0,4,3,0.47236655,0.73026316,0.0,0.74041882,1.0,0.52403846,0.3,2,Finished,1,0,0.05581276
2022,12,2022-07-24,ricard,NOR,mclaren,0,5,2,0.36787944,0.20394737,0.0,0.34289595,0.4211182,0.30769231,0.66666667,7,Finished,1,0,0.00745754
2022,12,2022-07-24,ricard,RUS,mercedes,0,6,2,0.2865048,0.73026316,0.0,0.58499445,0.22913989,0.61538462,0.7,3,Finished,1,0,0.01773317
2022,12,2022-07-24,ricard,ALO,alpine,0,7,2,0.22313016,0.28947368,0.0,0.37435912,0.27775346,0.13942308,0.25,6,Finished,1,0,0.00338924
2022,12,2022-07-24,ricard,TSU,alphatauri,0,8,1,0.17377394,0.06578947,0.0,0.06742066,0.33954554,0.05288462,0.33333333,20,Undertray,0,0,0.00150633
2022,12,2022-07-24,ricard,SAI,ferrari,0,9,3,0.13533528,0.79605263,0.0,0.69585515,0.25568015,0.63942308,0.5,5,Finished,1,0,0.01234548
2022,12,2022-07-24,ricard,MAG,haas,0,10,2,0.10539922,0.11184211,0.0,0.11942712,0.29928813,0.10576923,0.33333333,18,Collision damage,0,0,0.00136123
2022,12,2022-07-24,ricard,RIC,mclaren,0,11,3,0.082085,0.20394737,0.0,0.20190375,0.36509077,0.08173077,0.33333333,9,Finished,1,0,0.00162614
2022,12,2022-07-24,ricard,OCO,alpine,0,12,2,0.06392786,0.28947368,0.0,0.28845377,0.20594875,0.25,0.75,8,Finished,1,0,0.00235329
2022,12,2022-07-24,ricard,BOT,alfa,0,13,3,0.04978707,0.07894737,0.0,0.20414546,0.63035661,0.22115385,1.0,14,Finished,1,0,0.00231522
2022,12,2022-07-24,ricard,VET,aston_martin,0,14,3,0.03877421,0.07894737,0.0,0.23392689,0.36710754,0.07211538,0.66666667,11,Finished,1,0,0.00141229
2022,12,2022-07-24,ricard,ALB,williams,0,15,1,0.03019738,0.0,0.0,0.08240213,0.32650817,0.01442308,0.85714286,13,Finished,1,0,0.00105279
2022,12,2022-07-24,ricard,GAS,alphatauri,0,16,3,0.02351775,0.06578947,0.0,0.18989482,0.2065176,0.07692308,0.66666667,12,Finished,1,0,0.00110842
2022,12,2022-07-24,ricard,STR,aston_martin,0,17,3,0.01831564,0.07894737,0.0,0.12284844,0.11333926,0.01442308,0.375,10,Finished,1,0,0.00079119
2022,12,2022-07-24,ricard,ZHO,alfa,0,18,0,0.01426423,0.07894737,0.0,0.09779252,0.5,0.02403846,0.0,16,+6 Laps,1,0,0.00086257
2022,12,2022-07-24,ricard,MSC,haas,0,19,1,0.011109,0.11184211,0.0,0.18171648,0.31191089,0.05769231,0.66666667,15,Finished,1,0,0.00120581
2022,12,2022-07-24,ricard,LAT,williams,0,20,1,0.0086517,0.0,0.0,0.07445702,0.31454799,0.0,0.14285714,17,Collision damage,0,0,0.00066791
2022,13,2022-07-31,hungaroring,RUS,mercedes,0,1,3,1.0,0.87248322,0.0,0.59182227,0.14605801,0.61373391,0.63636364,3,Finished,1,0,0.52827076
2022,13,2022-07-31,hungaroring,SAI,ferrari,0,2,3,0.77880078,0.68456376,0.0,0.55050996,0.51334834,0.61802575,0.5,4,Finished,1,0,0.20358448
2022,13,2022-07-31,hungaroring,LEC,ferrari,0,3,3,0.60653066,0.68456376,0.0,0.48499442,0.18285773,0.72961373,0.5,6,Finished,1,0,0.08317228
2022,13,2022-07-31,hungaroring,NOR,mclaren,0,4,3,0.47236655,0.20134228,0.0,0.29927109,0.08146249,0.30042918,0.7,7,Finished,1,0,0.01604404
2022,13,2022-07-31,hungaroring,OCO,alpine,0,5,2,0.36787944,0.33557047,0.0,0.29833171,0.61334994,0.24034335,0.66666667,9,+1 Lap,1,0,0.01760021
2022,13,2022-07-31,hungaroring,ALO,alpine,0,6,1,0.2865048,0.33557047,0.0,0.36058861,0.53923658,0.15879828,0.33333333,8,+1 Lap,1,0,0.01048941
2022,13,2022-07-31,hungaroring,HAM,mercedes,0,7,3,0.22313016,0.87248322,0.0,0.82003982,1.0,0.54506438,0.36363636,2,Finished,1,0,0.04906506
2022,13,2022-07-31,hungaroring,BOT,alfa,0,8,3,0.17377394,0.06711409,0.0,0.15683255,0.2935124,0.19742489,1.0,20,Power Unit,0,0,0.00447611
2022,13,2022-07-31,hungaroring,RIC,mclaren,0,9,3,0.13533528,0.20134228,0.0,0.21273282,0.17094402,0.08154506,0.3,15,+1 Lap,1,0,0.00300386
2022,13,2022-07-31,hungaroring,VER,red_bull,0,10,3,0.10539922,1.0,0.0,1.0,0.58669212,1.0,0.75,1,Finished,1,1,0.05366272
2022,13,2022-07-31,hungaroring,PER,red_bull,0,11,3,0.082085,1.0,0.0,0.53065849,0.13795975,0.69957082,0.25,5,Finished,1,0,0.01445241
2022,13,2022-07-31,hungaroring,ZHO,alfa,0,12,0,0.06392786,0.06711409,0.0,0.08996708,0.5,0.02145923,0.0,13,+1 Lap,1,0,0.0017825
2022,13,2022-07-31,hungaroring,MAG,haas,0,13,2,0.04978707,0.11409396,0.0,0.10987046,0.27033832,0.0944206,0.33333333,16,+1 Lap,1,0,0.00190056
2022,13,2022-07-31,hungaroring,STR,aston_martin,0,14,3,0.03877421,0.08053691,0.0,0.13511193,0.20039782,0.01716738,0.44444444,11,+1 Lap,1,0,0.00168755
2022,13,2022-07-31,hungaroring,MSC,haas,0,15,1,0.03019738,0.11409396,0.0,0.18193536,0.34830103,0.05150215,0.66666667,14,+1 Lap,1,0,0.00224873
2022,13,2022-07-31,hungaroring,TSU,alphatauri,0,16,1,0.02351775,0.06711409,0.0,0.05213168,0.46036507,0.0472103,0.33333333,19,+2 Laps,1,0,0.00168489
2022,13,2022-07-31,hungaroring,ALB,williams,0,17,2,0.01831564,0.0,0.0,0.09782756,0.4104434,0.01287554,0.85714286,17,+1 Lap,1,0,0.00187787
2022,13,2022-07-31,hungaroring,VET,aston_martin,0,18,3,0.01426423,0.08053691,0.0,0.207935,0.29358825,0.06437768,0.57142857,10,+1 Lap,1,0,0.00192726
2022,13,2022-07-31,hungaroring,GAS,alphatauri,0,19,3,0.011109,0.06711409,0.0,0.16874476,0.31369646,0.06866953,0.66666667,12,+1 Lap,1,0,0.00191024
2022,13,2022-07-31,hungaroring,LAT,williams,0,20,2,0.0086517,0.0,0.0,0.05373891,0.30847314,0.0,0.14285714,18,+1 Lap,1,0,0.00115907
2022,14,2022-08-28,spa,VER,red_bull,0,1,3,1.0,1.0,0.0,1.0,0.82555266,1.0,0.77777778,1,Finished,1,1,0.76525089
2022,14,2022-08-28,spa,SAI,ferrari,0,2,3,0.77880078,0.87142857,0.0,0.68371909,0.09288096,0.60465116,0.57142857,3,Finished,1,0,0.07518266
2022,14,2022-08-28,spa,PER,red_bull,0,3,3,0.60653066,1.0,0.0,0.44099622,0.18372498,0.67054264,0.22222222,2,Finished,1,0,0.03951212
2022,14,2022-08-28,spa,LEC,ferrari,0,4,3,0.47236655,0.87142857,0.0,0.57428717,0.44872451,0.68992248,0.42857143,6,Finished,1,0,0.03606202
2022,14,2022-08-28,spa,OCO,alpine,0,5,2,0.36787944,0.35,0.0,0.30721479,0.466025,0.2248062,0.6,7,Finished,1,0,0.00619584
2022,14,2022-08-28,spa,ALO,alpine,0,6,1,0.2865048,0.35,0.0,0.34733661,0.36691916,0.15891473,0.4,5,Finished,1,0,0.00397681
2022,14,2022-08-28,spa,HAM,mercedes,0,7,3,0.22313016,0.97857143,0.0,0.88555536,1.0,0.56589147,0.41666667,20,Collision damage,0,0,0.04251406
2022,14,2022-08-28,spa,RUS,mercedes,0,8,3,0.17377394,0.97857143,0.0,0.59182227,0.4771269,0.6124031,0.58333333,4,Finished,1,0,0.01882461
2022,14,2022-08-28,spa,ALB,williams,0,9,2,0.13533528,0.0,0.0,0.08082702,0.49754408,0.01162791,0.875,10,Finished,1,0,0.00134047
2022,14,2022-08-28,spa,NOR,mclaren,0,10,3,0.10539922,0.21428571,0.0,0.32337291,0.1602022,0.29457364,0.72727273,12,Finished,1,0,0.00203645
2022,14,2022-08-28,spa,RIC,mclaren,0,11,3,0.082085,0.21428571,0.0,0.16763809,0.54510565,0.07364341,0.27272727,15,Finished,1,0,0.0014251
2022,14,2022-08-28,spa,GAS,alphatauri,0,12,3,0.06392786,0.0,0.0,0.08657681,0.36042638,0.0620155,0.71428571,9,Finished,1,0,0.00092961
2022,14,2022-08-28,spa,ZHO,alfa,0,13,0,0.04978707,0.07142857,0.0,0.1119864,0.5,0.01937984,0.0,14,Finished,1,0,0.00076303
2022,14,2022-08-28,spa,STR,aston_martin,0,14,3,0.03877421,0.03571429,0.0,0.1679609,0.13842209,0.01550388,0.4,11,Finished,1,0,0.00067441
2022,14,2022-08-28,spa,MSC,haas,0,15,1,0.03019738,0.12142857,0.0,0.18193536,0.32461818,0.04651163,0.71428571,17,+1 Lap,1,0,0.00109623
2022,14,2022-08-28,spa,VET,aston_martin,0,16,3,0.02351775,0.03571429,0.0,0.15876407,0.44234635,0.0620155,0.625,8,Finished,1,0,0.00097327
2022,14,2022-08-28,spa,LAT,williams,0,17,2,0.01831564,0.0,0.0,0.04707938,0.28689977,0.0,0.125,18,+1 Lap,1,0,0.00050214
2022,14,2022-08-28,spa,MAG,haas,0,18,2,0.01426423,0.12142857,0.0,0.12195492,0.23092658,0.08527132,0.28571429,16,+1 Lap,1,0,0.00073758
2022,14,2022-08-28,spa,TSU,alphatauri,0,19,1,0.011109,0.0,0.0,0.03674445,0.33006872,0.04263566,0.28571429,13,Finished,1,0,0.00057003
2022,14,2022-08-28,spa,BOT,alfa,0,20,3,0.0086517,0.07142857,0.0,0.12398359,0.57261508,0.17829457,1.0,19,Accident,0,0,0.00143267
2022,15,2022-09-04,zandvoort,VER,red_bull,0,1,1,1.0,1.0,0.0,1.0,0.7,1.0,0.8,1,Finished,1,1,0.78809629
2022,15,2022-09-04,zandvoort,LEC,ferrari,0,2,1,0.77880078,0.72955975,0.0,0.55451751,0.47973159,0.65492958,0.375,3,Finished,1,0,0.08219718
2022,15,2022-09-04,zandvoort,SAI,ferrari,0,3,1,0.60653066,0.72955975,0.0,0.64769642,0.42047768,0.60211268,0.625,8,Finished,1,0,0.04737539
2022,15,2022-09-04,zandvoort,HAM,mercedes,0,4,1,0.47236655,0.7672956,0.0,0.72285336,0.6274923,0.51408451,0.41666667,4,Finished,1,0,0.03148407
2022,15,2022-09-04,zandvoort,PER,red_bull,0,5,1,0.36787944,1.0,0.0,0.6397209,0.39863879,0.67253521,0.2,5,Finished,1,0,0.02272875
2022,15,2022-09-04,zandvoort,RUS,mercedes,0,6,1,0.2865048,0.7672956,0.0,0.59182227,0.3,0.59859155,0.58333333,2,Finished,1,0,0.01210925
2022,15,2022-09-04,zandvoort,NOR,mclaren,0,7,1,0.22313016,0.18867925,0.0,0.33550738,0.36611956,0.26760563,0.75,7,Finished,1,0,0.00301393
2022,15,2022-09-04,zandvoort,MSC,haas,0,8,1,0.17377394,0.10691824,0.0,0.19182928,0.31334931,0.04225352,0.625,13,Finished,1,0,0.00149848
2022,15,2022-09-04,zandvoort,TSU,alphatauri,0,9,1,0.13533528,0.01257862,0.0,0.05876377,0.3,0.03873239,0.25,20,Differential,0,0,0.0008328
2022,15,2022-09-04,zandvoort,STR,aston_martin,0,10,1,0.10539922,0.05031447,0.0,0.16068805,0.34432126,0.01408451,0.36363636,10,Finished,1,0,0.00091901
2022,15,2022-09-04,zandvoort,GAS,alphatauri,0,11,1,0.082085,0.01257862,0.0,0.11755382,0.51952465,0.06338028,0.75,11,Finished,1,0,0.00106662
2022,15,2022-09-04,zandvoort,OCO,alpine,0,12,1,0.06392786,0.34591195,0.0,0.29102876,0.38075861,0.22535211,0.54545455,9,Finished,1,0,0.0017093
2022,15,2022-09-04,zandvoort,ALO,alpine,0,13,1,0.04978707,0.34591195,0.0,0.40739412,0.44715178,0.17957746,0.45454545,6,Finished,1,0,0.00176697
2022,15,2022-09-04,zandvoort,ZHO,alfa,0,14,0,0.03877421,0.0,0.0,0.07015957,0.5,0.01760563,0.0,16,Finished,1,0,0.00057674
2022,15,2022-09-04,zandvoort,ALB,williams,0,15,0,0.03019738,0.00628931,0.0,0.09892952,0.5,0.01408451,0.88888889,12,Finished,1,0,0.00085859
2022,15,2022-09-04,zandvoort,BOT,alfa,0,16,1,0.02351775,0.0,0.0,0.05087686,0.56812802,0.16197183,1.0,19,Engine,0,0,0.00097028
2022,15,2022-09-04,zandvoort,RIC,mclaren,0,17,1,0.01831564,0.18867925,0.0,0.14954911,0.35413411,0.06690141,0.25,17,Finished,1,0,0.00077358
2022,15,2022-09-04,zandvoort,MAG,haas,0,18,0,0.01426423,0.10691824,0.0,0.12414546,0.5,0.07746479,0.375,15,Finished,1,0,0.00078705
2022,15,2022-09-04,zandvoort,VET,aston_martin,0,19,1,0.011109,0.05031447,0.0,0.19172433,0.33628718,0.07042254,0.66666667,14,Finished,1,0,0.00077646
2022,15,2022-09-04,zandvoort,LAT,williams,0,20,1,0.0086517,0.00628931,0.0,0.04309537,0.31991483,0.0,0.11111111,18,+1 Lap,1,0,0.00045926
2022,16,2022-09-11,monza,LEC,ferrari,0,1,3,1.0,0.57309942,0.0,0.49931798,0.68463801,0.6483871,0.44444444,2,Finished,1,0,0.25812659
2022,16,2022-09-11,monza,VER,red_bull,0,2,3,0.77880078,1.0,0.0,1.0,0.08048617,1.0,0.81818182,1,Finished,1,1,0.47528866
2022,16,2022-09-11,monza,SAI,ferrari,0,3,3,0.60653066,0.57309942,0.0,0.39741951,0.61425537,0.56451613,0.55555556,4,Finished,1,0,0.06626802
2022,16,2022-09-11,monza,PER,red_bull,0,4,3,0.47236655,1.0,0.0,0.47028988,0.46714882,0.6483871,0.18181818,6,Finished,1,0,0.07490038
2022,16,2022-09-11,monza,HAM,mercedes,0,5,3,0.36787944,0.79532164,0.0,0.59281029,0.35641252,0.50967742,0.38461538,5,Finished,1,0,0.04107529
2022,16,2022-09-11,monza,RUS,mercedes,0,6,3,0.2865048,0.79532164,0.0,0.67590291,0.18997372,0.60645161,0.61538462,3,Finished,1,0,0.03797312
2022,16,2022-09-11,monza,NOR,mclaren,0,7,3,0.22313016,0.16374269,0.0,0.2730138,0.83917381,0.26451613,0.76923077,7,Finished,1,0,0.00996911
2022,16,2022-09-11,monza,RIC,mclaren,0,8,3,0.17377394,0.16374269,0.0,0.11749471,1.0,0.06129032,0.23076923,17,Oil leak,0,0,0.00516906
2022,16,2022-09-11,monza,GAS,alphatauri,0,9,3,0.13533528,0.01169591,0.0,0.12859158,0.50111424,0.05806452,0.75,8,Finished,1,0,0.00313752
2022,16,2022-09-11,monza,ALO,alpine,0,10,1,0.10539922,0.32163743,0.0,0.33141169,0.44165565,0.19032258,0.5,19,Water pressure,0,0,0.00560437
2022,16,2022-09-11,monza,OCO,alpine,0,11,2,0.082085,0.32163743,0.0,0.29072244,0.36054974,0.21290323,0.5,11,Finished,1,0,0.00473918
2022,16,2022-09-11,monza,BOT,alfa,0,12,3,0.06392786,0.0,0.0,0.04349877,0.91010914,0.1483871,1.0,13,+1 Lap,1,0,0.00396212
2022,16,2022-09-11,monza,DEV,williams,0,13,0,0.04978707,0.00584795,0.0,0.51880882,0.5,0.0,0.5,9,Finished,1,0,0.0031805
2022,16,2022-09-11,monza,ZHO,alfa,0,14,0,0.03877421,0.0,0.0,0.07031712,0.5,0.01612903,0.0,10,Finished,1,0,0.00138901
2022,16,2022-09-11,monza,TSU,alphatauri,0,15,1,0.03019738,0.01169591,0.0,0.03482841,0.3,0.03548387,0.25,14,+1 Lap,1,0,0.00129566
2022,16,2022-09-11,monza,LAT,williams,0,16,2,0.02351775,0.00584795,0.0,0.02077722,0.30133119,0.0,0.1,15,+1 Lap,1,0,0.00110848
2022,16,2022-09-11,monza,VET,aston_martin,0,17,3,0.01831564,0.04093567,0.0,0.13743597,0.10193874,0.06451613,0.6,20,Engine,0,0,0.00154552
2022,16,2022-09-11,monza,STR,aston_martin,0,18,3,0.01426423,0.04093567,0.0,0.14360344,0.53907453,0.01612903,0.41666667,18,Engine,0,0,0.00194797
2022,16,2022-09-11,monza,MAG,haas,0,19,2,0.011109,0.07017544,0.0,0.08445817,0.175,0.07096774,0.33333333,16,+1 Lap,1,0,0.00138185
2022,16,2022-09-11,monza,MSC,haas,0,20,1,0.0086517,0.07017544,0.0,0.1316619,0.33493185,0.03870968,0.66666667,12,Finished,1,0,0.00193757
2022,17,2022-10-02,marina_bay,LEC,ferrari,0,1,2,1.0,0.55376344,0.0,0.44496194,0.63678699,0.65373134,0.5,2,Finished,1,0,0.44409871
2022,17,2022-10-02,marina_bay,PER,red_bull,0,2,3,0.77880078,1.0,0.0,0.52681595,0.1483953,0.62686567,0.16666667,1,Finished,1,1,0.21957239
2022,17,2022-10-02,marina_bay,HAM,mercedes,0,3,3,0.60653066,0.72043011,0.0,0.52712042,1.0,0.50149254,0.35714286,9,Finished,1,0,0.14080185
2022,17,2022-10-02,marina_bay,SAI,ferrari,0,4,3,0.47236655,0.55376344,0.0,0.49277385,0.31897481,0.55820896,0.5,3,Finished,1,0,0.04392434
2022,17,2022-10-02,marina_bay,ALO,alpine,0,5,2,0.36787944,0.23655914,0.0,0.28633696,0.31987408,0.1761194,0.5,18,Engine,0,0,0.01185441
2022,17,2022-10-02,marina_bay,NOR,mclaren,0,6,1,0.2865048,0.13978495,0.0,0.263116,0.45156058,0.26268657,0.76923077,4,Finished,1,0,0.00975741
2022,17,2022-10-02,marina_bay,GAS,alphatauri,0,7,2,0.22313016,0.03225806,0.0,0.16108702,0.32415753,0.06567164,0.77777778,10,Finished,1,0,0.00474625
2022,17,2022-10-02,marina_bay,VER,red_bull,0,8,3,0.17377394,1.0,0.0,1.0,0.71101515,1.0,0.83333333,7,Finished,1,0,0.08614695
2022,17,2022-10-02,marina_bay,MAG,haas,0,9,3,0.13533528,0.0,0.0,0.04203425,0.0366669,0.06567164,0.3,12,Finished,1,0,0.00188579
2022,17,2022-10-02,marina_bay,TSU,alphatauri,0,10,0,0.10539922,0.03225806,0.0,0.03846305,0.5,0.03283582,0.22222222,15,Accident,0,0,0.0022933
2022,17,2022-10-02,marina_bay,RUS,mercedes,0,11,1,0.082085,0.72043011,0.0,0.67570051,0.3,0.60597015,0.64285714,14,+2 Laps,1,0,0.0155295
2022,17,2022-10-02,marina_bay,STR,aston_martin,0,12,3,0.06392786,0.03763441,0.0,0.12025367,0.15210783,0.01492537,0.41666667,6,Finished,1,0,0.00178718
2022,17,2022-10-02,marina_bay,MSC,haas,0,13,0,0.04978707,0.0,0.0,0.07547339,0.5,0.0358209,0.7,13,+1 Lap,1,0,0.00227309
2022,17,2022-10-02,marina_bay,VET,aston_martin,0,14,3,0.03877421,0.03763441,0.0,0.12430094,0.84012709,0.05970149,0.6,8,Finished,1,0,0.00298052
2022,17,2022-10-02,marina_bay,ZHO,alfa,0,15,0,0.03019738,0.00537634,0.0,0.08597291,0.5,0.01791045,0.125,20,Collision,0,0,0.00163594
2022,17,2022-10-02,marina_bay,BOT,alfa,0,16,3,0.02351775,0.00537634,0.0,0.03299831,0.66825787,0.13731343,0.875,11,Finished,1,0,0.00259834
2022,17,2022-10-02,marina_bay,RIC,mclaren,0,17,3,0.01831564,0.13978495,0.0,0.07285577,0.42380468,0.05671642,0.23076923,5,Finished,1,0,0.00188431
2022,17,2022-10-02,marina_bay,OCO,alpine,0,18,2,0.01426423,0.23655914,0.0,0.2173839,0.23065601,0.19701493,0.5,16,Engine,0,0,0.00264346
2022,17,2022-10-02,marina_bay,ALB,williams,0,19,1,0.011109,0.01612903,0.0,0.10189555,0.48511651,0.0119403,0.9,17,Collision damage,0,0,0.00217936
2022,17,2022-10-02,marina_bay,LAT,williams,0,20,0,0.0086517,0.01612903,0.0,0.03218597,0.5,0.0,0.09090909,19,Collision damage,0,0,0.0014069
2022,18,2022-10-09,suzuka,VER,red_bull,0,1,3,1.0,1.0,0.0,1.0,0.46975351,1.0,0.76923077,1,Finished,1,1,0.75416334
2022,18,2022-10-09,suzuka,LEC,ferrari,0,2,2,0.77880078,0.69444444,0.0,0.70760358,0.34045378,0.69501466,0.54545455,3,Finished,1,0,0.1039746
2022,18,2022-10-09,suzuka,SAI,ferrari,0,3,3,0.60653066,0.69444444,0.0,0.62421276,0.30210775,0.59237537,0.45454545,19,Accident,0,0,0.04491593
2022,18,2022-10-09,suzuka,PER,red_bull,0,4,3,0.47236655,1.0,0.0,0.717305,0.3250941,0.68914956,0.23076923,2,Finished,1,0,0.0483603
2022,18,2022-10-09,suzuka,OCO,alpine,0,5,2,0.36787944,0.17777778,0.0,0.19536959,0.38162061,0.19354839,0.5,4,Finished,1,0,0.00460376
2022,18,2022-10-09,suzuka,HAM,mercedes,0,6,3,0.2865048,0.57222222,0.0,0.46935055,1.0,0.49853372,0.4,5,Finished,1,0,0.01649693
2022,18,2022-10-09,suzuka,ALO,alpine,0,7,2,0.22313016,0.17777778,0.0,0.24732791,0.25101148,0.17302053,0.5,7,Finished,1,0,0.00262627
2022,18,2022-10-09,suzuka,RUS,mercedes,0,8,1,0.17377394,0.57222222,0.0,0.64690314,0.3234252,0.59530792,0.6,8,Finished,1,0,0.00947862
2022,18,2022-10-09,suzuka,VET,aston_martin,0,9,3,0.13533528,0.1,0.0,0.17036348,0.57543433,0.07038123,0.54545455,6,Finished,1,0,0.0019387
2022,18,2022-10-09,suzuka,NOR,mclaren,0,10,1,0.10539922,0.22222222,0.0,0.36343335,0.36367629,0.29325513,0.78571429,10,Finished,1,0,0.00293085
2022,18,2022-10-09,suzuka,RIC,mclaren,0,11,3,0.082085,0.22222222,0.0,0.14221894,0.38460165,0.08504399,0.21428571,11,Finished,1,0,0.00138668
2022,18,2022-10-09,suzuka,BOT,alfa,0,12,3,0.06392786,0.00555556,0.0,0.05255592,0.98780813,0.13489736,0.875,15,Finished,1,0,0.00198719
2022,18,2022-10-09,suzuka,TSU,alphatauri,0,13,0,0.04978707,0.03888889,0.0,0.04471206,0.5,0.03225806,0.22222222,13,Finished,1,0,0.00089824
2022,18,2022-10-09,suzuka,ZHO,alfa,0,14,0,0.03877421,0.00555556,0.0,0.08836557,0.5,0.01759531,0.125,16,Finished,1,0,0.00081336
2022,18,2022-10-09,suzuka,MSC,haas,0,15,0,0.03019738,0.0,0.0,0.09468878,0.5,0.03519062,0.63636364,17,Finished,1,0,0.00102839
2022,18,2022-10-09,suzuka,ALB,williams,0,16,1,0.02351775,0.01666667,0.0,0.09208613,0.55822011,0.01173021,0.9,20,Hydraulics,0,0,0.00120184
2022,18,2022-10-09,suzuka,GAS,alphatauri,0,17,3,0.01831564,0.03888889,0.0,0.19992838,0.23594245,0.06744868,0.77777778,18,Finished,1,0,0.00104654
2022,18,2022-10-09,suzuka,MAG,haas,0,18,3,0.01426423,0.0,0.0,0.07462449,0.09843692,0.06451613,0.36363636,14,Finished,1,0,0.00062135
2022,18,2022-10-09,suzuka,STR,aston_martin,0,19,3,0.011109,0.1,0.0,0.1868897,0.12320355,0.03812317,0.46153846,12,Finished,1,0,0.00084308
2022,18,2022-10-09,suzuka,LAT,williams,0,20,0,0.0086517,0.01666667,0.0,0.03741516,0.5,0.0,0.09090909,9,Finished,1,0,0.00068406
2022,19,2022-10-23,americas,SAI,ferrari,0,1,3,1.0,0.63829787,0.0,0.49661759,0.33238194,0.55191257,0.45454545,20,Collision damage,0,0,0.21122048
2022,19,2022-10-23,americas,LEC,ferrari,0,2,3,0.77880078,0.63829787,0.0,0.77791908,0.49663848,0.68852459,0.54545455,3,Finished,1,0,0.17717303
2022,19,2022-10-23,americas,VER,red_bull,0,3,3,0.60653066,1.0,0.0,1.0,1.0,1.0,0.78571429,1,Finished,1,1,0.4538748
2022,19,2022-10-23,americas,PER,red_bull,0,4,3,0.47236655,1.0,0.0,0.80318854,0.48404816,0.69125683,0.21428571,4,Finished,1,0,0.09112484
2022,19,2022-10-23,americas,HAM,mercedes,0,5,3,0.36787944,0.44148936,0.0,0.38346701,0.91930802,0.49180328,0.4375,2,Finished,1,0,0.02378427
2022,19,2022-10-23,americas,RUS,mercedes,0,6,2,0.2865048,0.44148936,0.0,0.54839025,0.22103397,0.56557377,0.5625,5,Finished,1,0,0.01397292
2022,19,2022-10-23,americas,STR,aston_martin,0,7,3,0.22313016,0.13297872,0.0,0.18118614,0.11255387,0.03551913,0.42857143,18,Collision,0,0,0.00271102
2022,19,2022-10-23,americas,NOR,mclaren,0,8,2,0.17377394,0.18617021,0.0,0.33183856,0.37982485,0.27595628,0.8,6,Finished,1,0,0.00521425
2022,19,2022-10-23,americas,ALO,alpine,0,9,2,0.13533528,0.23404255,0.0,0.26002142,0.175,0.17759563,0.46153846,7,Finished,1,0,0.00302434
2022,19,2022-10-23,americas,BOT,alfa,0,10,3,0.10539922,0.00531915,0.0,0.06669387,0.68803961,0.12568306,0.88888889,19,Spun off,0,0,0.00280103
2022,19,2022-10-23,americas,ALB,williams,0,11,1,0.082085,0.02659574,0.0,0.08023994,0.51048212,0.01092896,0.9,13,Finished,1,0,0.00216213
2022,19,2022-10-23,americas,VET,aston_martin,0,12,3,0.06392786,0.13297872,0.0,0.21746215,0.2340611,0.08743169,0.58333333,8,Finished,1,0,0.00201562
2022,19,2022-10-23,americas,GAS,alphatauri,0,13,3,0.04978707,0.03723404,0.0,0.18192643,0.02949105,0.06284153,0.7,14,Finished,1,0,0.00141824
2022,19,2022-10-23,americas,ZHO,alfa,0,14,0,0.03877421,0.00531915,0.0,0.0788494,0.5,0.01639344,0.11111111,12,Finished,1,0,0.0012176
2022,19,2022-10-23,americas,TSU,alphatauri,0,15,1,0.03019738,0.03723404,0.0,0.05945081,0.39457571,0.03005464,0.3,10,Finished,1,0,0.00123881
2022,19,2022-10-23,americas,MAG,haas,0,16,2,0.02351775,0.0,0.0,0.08031745,0.175,0.06010929,0.41666667,9,Finished,1,0,0.00106926
2022,19,2022-10-23,americas,RIC,mclaren,0,17,3,0.01831564,0.18617021,0.0,0.15954558,0.37626347,0.07923497,0.2,16,Finished,1,0,0.00161047
2022,19,2022-10-23,americas,OCO,alpine,0,18,2,0.01426423,0.23404255,0.0,0.27602512,0.175,0.21311475,0.53846154,11,Finished,1,0,0.00216587
2022,19,2022-10-23,americas,MSC,haas,0,19,1,0.011109,0.0,0.0,0.0868976,0.32332208,0.03278689,0.58333333,15,Finished,1,0,0.00123198
2022,19,2022-10-23,americas,LAT,williams,0,20,1,0.0086517,0.02659574,0.0,0.07659573,0.32848566,0.00546448,0.09090909,17,Finished,1,0,0.00096901
2022,20,2022-10-30,rodriguez,VER,red_bull,0,1,3,1.0,1.0,0.0,1.0,0.98013483,1.0,0.8,1,Finished,1,1,0.8402217
2022,20,2022-10-30,rodriguez,RUS,mercedes,0,2,2,0.77880078,0.55248619,0.0,0.52526117,0.21470445,0.55754476,0.52941176,4,Finished,1,0,0.04098447
2022,20,2022-10-30,rodriguez,HAM,mercedes,0,3,3,0.60653066,0.55248619,0.0,0.57381665,1.0,0.50639386,0.47058824,2,Finished,1,0,0.04132343
2022,20,2022-10-30,rodriguez,PER,red_bull,0,4,3,0.47236655,1.0,0.0,0.74043408,0.49140484,0.67774936,0.2,3,Finished,1,0,0.04051366
2022,20,2022-10-30,rodriguez,SAI,ferrari,0,5,3,0.36787944,0.61878453,0.0,0.34077249,0.24057398,0.51662404,0.45454545,5,Finished,1,0,0.00856179
2022,20,2022-10-30,rodriguez,BOT,alfa,0,6,3,0.2865048,0.00552486,0.0,0.06669387,0.42088182,0.11764706,0.88888889,10,+1 Lap,1,0,0.00202717
2022,20,2022-10-30,rodriguez,LEC,ferrari,0,7,3,0.22313016,0.61878453,0.0,0.84823457,0.54881164,0.68286445,0.54545455,6,Finished,1,0,0.01368571
2022,20,2022-10-30,rodriguez,NOR,mclaren,0,8,2,0.17377394,0.23756906,0.0,0.39160715,0.25254319,0.27877238,0.8125,9,+1 Lap,1,0,0.00263621
2022,20,2022-10-30,rodriguez,ALO,alpine,0,9,2,0.13533528,0.1878453,0.0,0.22558104,0.26971147,0.18158568,0.5,19,Engine,0,0,0.00144349
2022,20,2022-10-30,rodriguez,OCO,alpine,0,10,2,0.10539922,0.1878453,0.0,0.23746399,0.2619975,0.19948849,0.5,8,+1 Lap,1,0,0.00132954
2022,20,2022-10-30,rodriguez,RIC,mclaren,0,11,3,0.082085,0.23756906,0.0,0.1569828,0.15805881,0.0741688,0.1875,7,+1 Lap,1,0,0.00086637
2022,20,2022-10-30,rodriguez,ZHO,alfa,0,12,0,0.06392786,0.00552486,0.0,0.0873423,0.5,0.01534527,0.11111111,13,+1 Lap,1,0,0.00064494
2022,20,2022-10-30,rodriguez,TSU,alphatauri,0,13,1,0.04978707,0.03314917,0.0,0.0767904,0.3,0.03069054,0.36363636,20,Collision damage,0,0,0.00061936
2022,20,2022-10-30,rodriguez,GAS,alphatauri,0,14,3,0.03877421,0.03314917,0.0,0.15225492,0.43097032,0.05882353,0.63636364,11,+1 Lap,1,0,0.00083874
2022,20,2022-10-30,rodriguez,MAG,haas,0,15,2,0.03019738,0.01104972,0.0,0.11568192,0.22349513,0.06138107,0.46153846,17,+1 Lap,1,0,0.00059158
2022,20,2022-10-30,rodriguez,MSC,haas,0,16,1,0.02351775,0.01104972,0.0,0.0915586,0.3,0.03069054,0.53846154,16,+1 Lap,1,0,0.00060643
2022,20,2022-10-30,rodriguez,VET,aston_martin,0,17,3,0.01831564,0.13812155,0.0,0.21746215,0.71588028,0.09207161,0.58333333,14,+1 Lap,1,0,0.00122582
2022,20,2022-10-30,rodriguez,STR,aston_martin,0,18,3,0.01426423,0.13812155,0.0,0.14972156,0.11557255,0.03324808,0.42857143,15,+1 Lap,1,0,0.00061956
2022,20,2022-10-30,rodriguez,ALB,williams,0,19,1,0.011109,0.02209945,0.0,0.05856545,0.52051276,0.01023018,0.90909091,12,+1 Lap,1,0,0.00080056
2022,20,2022-10-30,rodriguez,LAT,williams,0,20,1,0.0086517,0.02209945,0.0,0.07831361,0.32000447,0.00511509,0.08333333,18,+2 Laps,1,0,0.00045945
2022,21,2022-11-13,interlagos,MAG,haas,1,1,2,1.0,0.01081081,0.13533528,0.11102092,0.29570056,0.05769231,0.42857143,19,Collision,0,0,0.02200205
2022,21,2022-11-13,interlagos,VER,red_bull,1,2,3,0.77880078,1.0,0.42437285,1.0,1.0,1.0,0.8125,6,Finished,1,0,0.69907345
2022,21,2022-11-13,interlagos,RUS,mercedes,1,3,2,0.60653066,0.54594595,1.0,0.46250671,0.24841611,0.55528846,0.5,1,Finished,1,1,0.09908254
2022,21,2022-11-13,interlagos,NOR,mclaren,1,4,2,0.47236655,0.24324324,0.18009231,0.36852107,0.32242399,0.26682692,0.76470588,18,Gearbox,0,0,0.01511762
2022,21,2022-11-13,interlagos,SAI,ferrari,1,5,3,0.36787944,0.6,0.75147729,0.38790637,0.46289448,0.50961538,0.5,3,Finished,1,0,0.04529466
2022,21,2022-11-13,interlagos,OCO,alpine,1,6,2,0.2865048,0.15135135,0.01034317,0.24785655,0.30115448,0.19711538,0.5,8,Finished,1,0,0.00494354
2022,21,2022-11-13,interlagos,ALO,alpine,1,7,2,0.22313016,0.15135135,0.00777266,0.14005144,0.27553044,0.17067308,0.5,5,Finished,1,0,0.00361575
2022,21,2022-11-13,interlagos,HAM,mercedes,1,8,3,0.17377394,0.54594595,0.56471812,0.63657111,0.8873188,0.51923077,0.5,2,Finished,1,0,0.03636137
2022,21,2022-11-13,interlagos,PER,red_bull,1,9,3,0.13533528,1.0,0.31890656,0.79181309,0.400804,0.67307692,0.1875,7,Finished,1,0,0.03649952
2022,21,2022-11-13,interlagos,LEC,ferrari,1,10,3,0.10539922,0.6,0.23965104,0.77791908,0.31114946,0.66105769,0.5,4,Finished,1,0,0.01864721
2022,21,2022-11-13,interlagos,ALB,williams,1,11,1,0.082085,0.02162162,0.0,0.05856545,0.33389911,0.00961538,0.91666667,15,Finished,1,0,0.00216074
2022,21,2022-11-13,interlagos,GAS,alphatauri,1,12,3,0.06392786,0.03243243,0.07642629,0.15225492,0.47698074,0.05528846,0.63636364,14,Finished,1,0,0.00255115
2022,21,2022-11-13,interlagos,VET,aston_martin,1,13,3,0.04978707,0.12972973,0.10170139,0.21746215,0.16559081,0.08653846,0.61538462,11,Finished,1,0,0.00249744
2022,21,2022-11-13,interlagos,RIC,mclaren,1,14,3,0.03877421,0.24324324,0.05743262,0.21753157,0.2758791,0.08413462,0.23529412,20,Collision,0,0,0.0024488
2022,21,2022-11-13,interlagos,STR,aston_martin,1,15,3,0.03019738,0.12972973,0.01376379,0.12542858,0.00865446,0.03125,0.4,10,Finished,1,0,0.00150556
2022,21,2022-11-13,interlagos,LAT,williams,1,16,1,0.02351775,0.02162162,0.00584098,0.07831361,0.32272326,0.00480769,0.07692308,16,Finished,1,0,0.00128153
2022,21,2022-11-13,interlagos,ZHO,alfa,1,17,0,0.01831564,0.01081081,0.03243324,0.09685846,0.5,0.01442308,0.1,12,Finished,1,0,0.00152149
2022,21,2022-11-13,interlagos,BOT,alfa,1,18,3,0.01426423,0.01081081,0.02437284,0.1051248,0.46418045,0.11298077,0.9,9,Finished,1,0,0.00228109
2022,21,2022-11-13,interlagos,TSU,alphatauri,1,19,1,0.011109,0.03243243,0.01831564,0.0767904,0.32775425,0.02884615,0.36363636,17,+1 Lap,1,0,0.00149045
2022,21,2022-11-13,interlagos,MSC,haas,1,20,1,0.0086517,0.01081081,0.04315931,0.08204244,0.31523185,0.02884615,0.57142857,13,Finished,1,0,0.00162402
2022,22,2022-11-20,yas_marina,VER,red_bull,0,1,3,1.0,1.0,0.0,1.0,1.0,1.0,0.82352941,1,Finished,1,1,0.80126208
2022,22,2022-11-20,yas_marina,PER,red_bull,0,2,3,0.77880078,1.0,0.0,0.91005441,0.07139451,0.67599068,0.17647059,3,Finished,1,0,0.09205593
2022,22,2022-11-20,yas_marina,LEC,ferrari,0,3,3,0.60653066,0.65454545,0.0,0.83837563,0.26736074,0.67599068,0.46153846,2,Finished,1,0,0.03794177
2022,22,2022-11-20,yas_marina,SAI,ferrari,0,4,3,0.47236655,0.65454545,0.0,0.48785313,0.47904697,0.54545455,0.53846154,4,Finished,1,0,0.01810595
2022,22,2022-11-20,yas_marina,HAM,mercedes,0,5,3,0.36787944,0.72727273,0.0,0.8469216,0.84762688,0.55944056,0.47368421,18,Hydraulics,0,0,0.02715913
2022,22,2022-11-20,yas_marina,RUS,mercedes,0,6,3,0.2865048,0.72727273,0.0,0.63204268,0.02984222,0.61771562,0.52631579,5,Finished,1,0,0.00917769
2022,22,2022-11-20,yas_marina,NOR,mclaren,0,7,3,0.22313016,0.23636364,0.0,0.34992115,0.35035323,0.26340326,0.76470588,6,Finished,1,0,0.00288386
2022,22,2022-11-20,yas_marina,OCO,alpine,0,8,2,0.17377394,0.25454545,0.0,0.32088231,0.31187151,0.2004662,0.46666667,7,Finished,1,0,0.001931
2022,22,2022-11-20,yas_marina,VET,aston_martin,0,9,3,0.13533528,0.15151515,0.0,0.29181268,0.19531527,0.08391608,0.57142857,10,Finished,1,0,0.00123382
2022,22,2022-11-20,yas_marina,RIC,mclaren,0,10,3,0.10539922,0.23636364,0.0,0.25500865,0.18456108,0.08158508,0.23529412,9,Finished,1,0,0.00101686
2022,22,2022-11-20,yas_marina,ALO,alpine,0,11,1,0.082085,0.25454545,0.0,0.28664385,0.40287707,0.18881119,0.53333333,20,Water leak,0,0,0.00149248
2022,22,2022-11-20,yas_marina,TSU,alphatauri,0,12,1,0.06392786,0.01212121,0.0,0.08088664,0.52895713,0.02797203,0.33333333,11,Finished,1,0,0.0006918
2022,22,2022-11-20,yas_marina,MSC,haas,0,13,1,0.04978707,0.01212121,0.0,0.0907028,0.33098598,0.02797203,0.57142857,16,+1 Lap,1,0,0.00064067
2022,22,2022-11-20,yas_marina,STR,aston_martin,0,14,3,0.03877421,0.15151515,0.0,0.19208978,0.09786222,0.03263403,0.4375,8,Finished,1,0,0.00066139
2022,22,2022-11-20,yas_marina,ZHO,alfa,0,15,0,0.03019738,0.01818182,0.0,0.09869285,0.5,0.01398601,0.09090909,12,+1 Lap,1,0,0.00054362
2022,22,2022-11-20,yas_marina,MAG,haas,0,16,2,0.02351775,0.01212121,0.0,0.1165786,0.20904192,0.05827506,0.42857143,17,+1 Lap,1,0,0.00052197
2022,22,2022-11-20,yas_marina,GAS,alphatauri,0,17,3,0.01831564,0.01212121,0.0,0.13151946,0.30276095,0.05361305,0.66666667,14,+1 Lap,1,0,0.00062837
2022,22,2022-11-20,yas_marina,BOT,alfa,0,18,3,0.01426423,0.01818182,0.0,0.1535376,0.57619073,0.11421911,0.90909091,15,+1 Lap,1,0,0.00093844
2022,22,2022-11-20,yas_marina,ALB,williams,0,19,2,0.011109,0.01212121,0.0,0.07149793,0.49654861,0.00932401,0.92307692,13,+1 Lap,1,0,0.00073304
2022,22,2022-11-20,yas_marina,LAT,williams,0,20,2,0.0086517,0.01212121,0.0,0.08880145,0.18637866,0.004662,0.07142857,19,Collision damage,0,0,0.00038014
2023,2,2023-03-19,jeddah,PER,red_bull,0,1,2,1.0,1.0,0.0,0.81873075,0.40176559,0.72,0.5,1,Finished,1,1,0.71739306
2023,2,2023-03-19,jeddah,LEC,ferrari,0,2,2,0.77880078,0.27906977,0.0,0.0,0.60041062,0.0,0.5,7,Finished,1,0,0.02814353
2023,2,2023-03-19,jeddah,ALO,aston_martin,0,3,2,0.60653066,0.53488372,0.0,0.67032005,0.20123887,0.6,0.5,3,Finished,1,0,0.06713376
2023,2,2023-03-19,jeddah,RUS,mercedes,0,4,2,0.47236655,0.37209302,0.0,0.30119421,0.36065996,0.24,0.5,4,Finished,1,0,0.01884659
2023,2,2023-03-19,jeddah,SAI,ferrari,0,5,2,0.36787944,0.27906977,0.0,0.54881164,0.52329676,0.48,0.5,6,Finished,1,0,0.02256683
2023,2,2023-03-19,jeddah,STR,aston_martin,0,6,2,0.2865048,0.53488372,0.0,0.36787944,0.25162789,0.32,0.5,20,Retired,0,0,0.01491534
2023,2,2023-03-19,jeddah,OCO,alpine,0,7,2,0.22313016,0.04651163,0.0,0.0,0.48574143,0.0,0.5,8,Finished,1,0,0.00337469
2023,2,2023-03-19,jeddah,HAM,mercedes,0,8,2,0.17377394,0.37209302,0.0,0.44932896,0.53253617,0.4,0.5,5,Finished,1,0,0.0123385
2023,2,2023-03-19,jeddah,PIA,mclaren,0,9,0,0.13533528,0.0,0.0,0.0,0.5,0.0,0.5,15,Finished,1,0,0.00244317
2023,2,2023-03-19,jeddah,GAS,alpine,0,10,2,0.10539922,0.04651163,0.0,0.20189652,0.38329621,0.08,0.5,9,Finished,1,0,0.00296588
2023,2,2023-03-19,jeddah,HUL,haas,0,11,1,0.082085,0.0,0.0,0.06081006,0.34789625,0.0,0.5,12,Finished,1,0,0.00196699
2023,2,2023-03-19,jeddah,ZHO,alfa,0,12,1,0.06392786,0.09302326,0.0,0.04978707,0.35850062,0.0,0.5,13,Finished,1,0,0.0021576
2023,2,2023-03-19,jeddah,MAG,haas,0,13,1,0.04978707,0.0,0.0,0.09071795,0.38727266,0.0,0.5,10,Finished,1,0,0.00191578
2023,2,2023-03-19,jeddah,BOT,alfa,0,14,2,0.03877421,0.09302326,0.0,0.24659696,0.36888048,0.16,0.5,18,Lapped,1,0,0.00292784
2023,2,2023-03-19,jeddah,VER,red_bull,0,15,2,0.03019738,1.0,0.0,1.0,0.825,1.0,0.5,2,Finished,1,0,0.09201859
2023,2,2023-03-19,jeddah,TSU,alphatauri,0,16,2,0.02351775,0.0,0.0,0.13533528,0.19648257,0.0,0.5,11,Finished,1,0,0.00158533
2023,2,2023-03-19,jeddah,ALB,williams,0,17,1,0.01831564,0.02325581,0.0,0.16529889,0.3,0.04,0.5,19,Retired,0,0,0.00190032
2023,2,2023-03-19,jeddah,DEV,alphatauri,0,18,0,0.01426423,0.0,0.0,0.07427358,0.5,0.0,0.5,14,Finished,1,0,0.00186352
2023,2,2023-03-19,jeddah,NOR,mclaren,0,19,2,0.011109,0.0,0.0,0.0407622,0.34726193,0.0,0.5,17,Finished,1,0,0.00155563
2023,2,2023-03-19,jeddah,SAR,williams,0,20,0,0.0086517,0.02325581,0.0,0.11080316,0.5,0.0,0.5,16,Finished,1,0,0.00198704
2023,3,2023-04-02,albert_park,VER,red_bull,0,1,3,1.0,1.0,0.0,1.0,0.42654518,1.0,0.5,1,Finished,1,1,0.78796022
2023,3,2023-04-02,albert_park,RUS,mercedes,0,2,2,0.77880078,0.43678161,0.0,0.46736211,0.5623687,0.40909091,0.5,18,Retired,0,0,0.06288498
2023,3,2023-04-02,albert_park,HAM,mercedes,0,3,3,0.60653066,0.43678161,0.0,0.49411268,1.0,0.45454545,0.5,2,Finished,1,0,0.05231227
2023,3,2023-04-02,albert_park,ALO,aston_martin,0,4,2,0.47236655,0.43678161,0.0,0.7371295,0.37017136,0.68181818,0.5,3,Finished,1,0,0.03122654
2023,3,2023-04-02,albert_park,SAI,ferrari,0,5,3,0.36787944,0.29885057,0.0,0.50402792,0.05397379,0.45454545,0.5,12,Finished,1,0,0.00900317
2023,3,2023-04-02,albert_park,STR,aston_martin,0,6,3,0.2865048,0.43678161,0.0,0.20227262,0.18890464,0.18181818,0.5,4,Finished,1,0,0.00539658
2023,3,2023-04-02,albert_park,LEC,ferrari,0,7,3,0.22313016,0.29885057,0.0,0.16560682,0.88806859,0.13636364,0.5,20,Retired,0,0,0.00569071
2023,3,2023-04-02,albert_park,ALB,williams,0,8,2,0.17377394,0.01149425,0.0,0.09088695,0.29436324,0.02272727,0.5,19,Retired,0,0,0.00166013
2023,3,2023-04-02,albert_park,GAS,alpine,0,9,3,0.13533528,0.09195402,0.0,0.22201914,0.19371347,0.09090909,0.5,13,Retired,0,0,0.00183981
2023,3,2023-04-02,albert_park,HUL,haas,0,10,2,0.10539922,0.01149425,0.0,0.09435878,0.45627143,0.0,0.5,7,Finished,1,0,0.00146921
2023,3,2023-04-02,albert_park,OCO,alpine,0,11,2,0.082085,0.09195402,0.0,0.13558739,0.38306072,0.09090909,0.5,14,Retired,0,0,0.00161891
2023,3,2023-04-02,albert_park,TSU,alphatauri,0,12,1,0.06392786,0.0,0.0,0.14882388,0.33494629,0.0,0.5,10,Finished,1,0,0.00120726
2023,3,2023-04-02,albert_park,NOR,mclaren,0,13,2,0.04978707,0.0,0.0,0.04482489,0.46443497,0.0,0.5,6,Finished,1,0,0.00113771
2023,3,2023-04-02,albert_park,MAG,haas,0,14,3,0.03877421,0.01149425,0.0,0.14076676,0.2166732,0.02272727,0.5,17,Retired,0,0,0.00103535
2023,3,2023-04-02,albert_park,DEV,alphatauri,0,15,0,0.03019738,0.0,0.0,0.08167628,0.5,0.0,0.5,15,Retired,0,0,0.00113818
2023,3,2023-04-02,albert_park,PIA,mclaren,0,16,0,0.02351775,0.0,0.0,0.03343544,0.5,0.0,0.5,8,Finished,1,0,0.0010557
2023,3,2023-04-02,albert_park,ZHO,alfa,0,17,1,0.01831564,0.04597701,0.0,0.07725444,0.3777744,0.0,0.5,9,Finished,1,0,0.00105693
2023,3,2023-04-02,albert_park,SAR,williams,0,18,0,0.01426423,0.01149425,0.0,0.08829797,0.5,0.0,0.5,16,Retired,0,0,0.00110372
2023,3,2023-04-02,albert_park,BOT,alfa,0,19,3,0.011109,0.04597701,0.0,0.15393715,0.69868964,0.09090909,0.5,11,Finished,1,0,0.00154925
2023,3,2023-04-02,albert_park,PER,red_bull,0,20,3,0.0086517,1.0,0.0,1.0,0.62032787,0.97727273,0.5,5,Finished,1,0,0.02965336
2023,4,2023-04-30,baku,LEC,ferrari,1,1,3,1.0,0.21138211,0.75147729,0.10685455,0.35757514,0.08695652,0.5,3,Finished,1,0,0.05081599
2023,4,2023-04-30,baku,VER,red_bull,1,2,3,0.77880078,1.0,0.56471812,1.0,0.74847473,1.0,0.66666667,2,Finished,1,0,0.48597979
2023,4,2023-04-30,baku,PER,red_bull,1,3,3,0.60653066,1.0,1.0,0.80463865,1.0,0.7826087,0.33333333,1,Finished,1,1,0.38114708
2023,4,2023-04-30,baku,SAI,ferrari,1,4,3,0.47236655,0.21138211,0.31890656,0.36452373,0.18982826,0.28985507,0.5,5,Finished,1,0,0.01050895
2023,4,2023-04-30,baku,HAM,mercedes,1,5,3,0.36787944,0.45528455,0.18009231,0.60927731,0.5877497,0.55072464,0.5,6,Finished,1,0,0.01997401
2023,4,2023-04-30,baku,ALO,aston_martin,1,6,2,0.2865048,0.52845528,0.23965104,0.71342754,0.45102144,0.65217391,0.5,4,Finished,1,0,0.02091068
2023,4,2023-04-30,baku,NOR,mclaren,1,7,3,0.22313016,0.09756098,0.01034317,0.15943483,0.37571878,0.11594203,0.5,9,Finished,1,0,0.00268683
2023,4,2023-04-30,baku,TSU,alphatauri,1,8,2,0.17377394,0.00813008,0.0,0.15466871,0.32397777,0.01449275,0.5,10,Finished,1,0,0.00183644
2023,4,2023-04-30,baku,STR,aston_martin,1,9,3,0.13533528,0.52845528,0.13533528,0.32521413,0.05928819,0.28985507,0.5,7,Finished,1,0,0.00483753
2023,4,2023-04-30,baku,PIA,mclaren,1,10,0,0.10539922,0.09756098,0.07642629,0.10905867,0.5,0.05797101,0.5,11,Finished,1,0,0.0021507
2023,4,2023-04-30,baku,RUS,mercedes,1,11,3,0.082085,0.45528455,0.42437285,0.30155624,0.41154474,0.26086957,0.5,8,Finished,1,0,0.00670008
2023,4,2023-04-30,baku,OCO,alpine,1,12,2,0.06392786,0.06504065,0.00777266,0.08748511,0.25666321,0.05797101,0.5,15,Finished,1,0,0.00139146
2023,4,2023-04-30,baku,ALB,williams,1,13,2,0.04978707,0.00813008,0.10170139,0.05864302,0.27654261,0.01449275,0.5,12,Finished,1,0,0.00132512
2023,4,2023-04-30,baku,BOT,alfa,1,14,3,0.03877421,0.04878049,0.01376379,0.14733777,0.41869375,0.05797101,0.33333333,18,Lapped,1,0,0.00142572
2023,4,2023-04-30,baku,SAR,williams,1,15,0,0.03019738,0.00813008,0.0,0.05697253,0.5,0.0,0.5,16,Finished,1,0,0.00129986
2023,4,2023-04-30,baku,ZHO,alfa,1,16,1,0.02351775,0.04878049,0.04315931,0.12147366,0.3,0.02898551,0.66666667,19,Retired,0,0,0.00144737
2023,4,2023-04-30,baku,HUL,haas,1,17,1,0.01831564,0.05691057,0.01831564,0.16773771,0.3383872,0.08695652,0.5,17,Lapped,1,0,0.00146113
2023,4,2023-04-30,baku,MAG,haas,1,18,2,0.01426423,0.05691057,0.05743262,0.09082699,0.2063724,0.01449275,0.5,13,Finished,1,0,0.00120478
2023,4,2023-04-30,baku,GAS,alpine,1,19,3,0.011109,0.06504065,0.03243324,0.1432535,0.53947784,0.05797101,0.5,14,Finished,1,0,0.00163493
2023,4,2023-04-30,baku,DEV,alphatauri,1,20,0,0.0086517,0.00813008,0.02437284,0.05270002,0.5,0.0,0.5,20,Retired,0,0,0.00126156
2023,5,2023-05-07,miami,PER,red_bull,0,1,1,1.0,1.0,0.0,0.89844517,0.51952465,0.93548387,0.5,2,Finished,1,0,0.75280515
2023,5,2023-05-07,miami,ALO,aston_martin,0,2,1,0.77880078,0.5,0.0,0.70372477,0.35413411,0.64516129,1.0,3,Finished,1,0,0.12154856
2023,5,2023-05-07,miami,SAI,ferrari,0,3,1,0.60653066,0.30722892,0.0,0.4060038,0.56812802,0.3655914,0.5,5,Finished,1,0,0.02717951
2023,5,2023-05-07,miami,MAG,haas,0,4,1,0.47236655,0.04216867,0.0,0.09532329,0.3,0.01075269,1.0,10,Finished,1,0,0.00647761
2023,5,2023-05-07,miami,GAS,alpine,0,5,1,0.36787944,0.04819277,0.0,0.13142864,0.3,0.04301075,0.5,8,Finished,1,0,0.00380308
2023,5,2023-05-07,miami,RUS,mercedes,0,6,1,0.2865048,0.41566265,0.0,0.30147475,0.47973159,0.30107527,0.33333333,4,Finished,1,0,0.00772687
2023,5,2023-05-07,miami,LEC,ferrari,0,7,1,0.22313016,0.30722892,0.0,0.26708578,0.6274923,0.30107527,0.5,7,Finished,1,0,0.00621811
2023,5,2023-05-07,miami,OCO,alpine,0,8,1,0.17377394,0.04819277,0.0,0.08451142,0.39863879,0.04301075,0.5,9,Finished,1,0,0.00200193
2023,5,2023-05-07,miami,VER,red_bull,0,9,1,0.13533528,1.0,0.0,1.0,0.7,1.0,0.5,1,Finished,1,1,0.05185325
2023,5,2023-05-07,miami,BOT,alfa,0,10,1,0.10539922,0.03614458,0.0,0.12334943,0.42047768,0.04301075,0.33333333,13,Finished,1,0,0.001519
2023,5,2023-05-07,miami,ALB,williams,0,11,1,0.082085,0.0060241,0.0,0.07590515,0.38075861,0.01075269,0.5,14,Finished,1,0,0.00130639
2023,5,2023-05-07,miami,HUL,haas,0,12,0,0.06392786,0.04216867,0.0,0.14118902,0.5,0.06451613,0.0,15,Finished,1,0,0.00124475
2023,5,2023-05-07,miami,HAM,mercedes,0,13,1,0.04978707,0.41566265,0.0,0.57327565,0.44715178,0.51612903,0.66666667,6,Finished,1,0,0.00624179
2023,5,2023-05-07,miami,ZHO,alfa,0,14,1,0.03877421,0.03614458,0.0,0.094132,0.3,0.02150538,0.66666667,16,Finished,1,0,0.00123267
2023,5,2023-05-07,miami,DEV,alphatauri,0,15,0,0.03019738,0.01204819,0.0,0.04083814,0.5,0.0,0.5,18,Finished,1,0,0.00115592
2023,5,2023-05-07,miami,NOR,mclaren,0,16,1,0.02351775,0.08433735,0.0,0.17905354,0.3,0.10752688,0.66666667,17,Finished,1,0,0.00147318
2023,5,2023-05-07,miami,TSU,alphatauri,0,17,1,0.01831564,0.01204819,0.0,0.16529889,0.34432126,0.02150538,0.5,11,Finished,1,0,0.00114233
2023,5,2023-05-07,miami,STR,aston_martin,0,18,1,0.01426423,0.5,0.0,0.33481737,0.36611956,0.29032258,0.0,12,Finished,1,0,0.00273376
2023,5,2023-05-07,miami,PIA,mclaren,0,19,0,0.011109,0.08433735,0.0,0.12171739,0.5,0.04301075,0.33333333,19,Lapped,1,0,0.00125265
2023,5,2023-05-07,miami,SAR,williams,0,20,0,0.0086517,0.0060241,0.0,0.05783629,0.5,0.0,0.5,20,Lapped,1,0,0.00108349
2023,6,2023-05-28,monaco,VER,red_bull,0,1,3,1.0,1.0,0.0,1.0,1.0,1.0,0.6,1,Finished,1,1,0.86389062
2023,6,2023-05-28,monaco,ALO,aston_martin,0,2,2,0.77880078,0.46666667,0.0,0.69652154,0.36152005,0.6302521,1.0,2,Finished,1,0,0.0767157
2023,6,2023-05-28,monaco,LEC,ferrari,0,3,3,0.60653066,0.31904762,0.0,0.27444076,0.3336797,0.28571429,0.33333333,6,Finished,1,0,0.0120463
2023,6,2023-05-28,monaco,OCO,alpine,0,4,2,0.47236655,0.06666667,0.0,0.10982378,0.30394941,0.05042017,0.33333333,3,Finished,1,0,0.00357489
2023,6,2023-05-28,monaco,SAI,ferrari,0,5,3,0.36787944,0.31904762,0.0,0.41534623,0.95808185,0.3697479,0.66666667,8,Finished,1,0,0.0104732
2023,6,2023-05-28,monaco,HAM,mercedes,0,6,3,0.2865048,0.42380952,0.0,0.528985,0.5821231,0.47058824,0.5,4,Finished,1,0,0.00747315
2023,6,2023-05-28,monaco,GAS,alpine,0,7,3,0.22313016,0.06666667,0.0,0.15626299,0.37545185,0.06722689,0.66666667,7,Finished,1,0,0.00174414
2023,6,2023-05-28,monaco,RUS,mercedes,0,8,3,0.17377394,0.42380952,0.0,0.3548093,0.32329126,0.33613445,0.5,5,Finished,1,0,0.00305763
2023,6,2023-05-28,monaco,TSU,alphatauri,0,9,2,0.13533528,0.00952381,0.0,0.15883768,0.21367149,0.01680672,1.0,15,Lapped,1,0,0.00114546
2023,6,2023-05-28,monaco,NOR,mclaren,0,10,3,0.10539922,0.06666667,0.0,0.14923306,0.55010451,0.08403361,0.75,9,Lapped,1,0,0.00130047
2023,6,2023-05-28,monaco,PIA,mclaren,0,11,0,0.082085,0.06666667,0.0,0.10136279,0.5,0.03361345,0.25,10,Lapped,1,0,0.00084289
2023,6,2023-05-28,monaco,DEV,alphatauri,0,12,0,0.06392786,0.00952381,0.0,0.03922845,0.5,0.0,0.0,12,Lapped,1,0,0.00059723
2023,6,2023-05-28,monaco,ALB,williams,0,13,2,0.04978707,0.0047619,0.0,0.07555332,0.26328346,0.00840336,1.0,14,Lapped,1,0,0.00077274
2023,6,2023-05-28,monaco,STR,aston_martin,0,14,3,0.03877421,0.46666667,0.0,0.28651202,0.16524638,0.22689076,0.0,20,Retired,0,0,0.00117941
2023,6,2023-05-28,monaco,BOT,alfa,0,15,3,0.03019738,0.02857143,0.0,0.11631293,0.32653256,0.03361345,0.5,11,Lapped,1,0,0.00065528
2023,6,2023-05-28,monaco,SAR,williams,0,16,0,0.02351775,0.0047619,0.0,0.05018868,0.5,0.0,0.0,18,Lapped,1,0,0.00051211
2023,6,2023-05-28,monaco,MAG,haas,0,17,2,0.01831564,0.03809524,0.0,0.11041249,0.20159047,0.01680672,1.0,19,Retired,0,0,0.00071168
2023,6,2023-05-28,monaco,HUL,haas,0,18,1,0.01426423,0.03809524,0.0,0.12385649,0.34853806,0.05042017,0.0,17,Lapped,1,0,0.00051656
2023,6,2023-05-28,monaco,ZHO,alfa,0,19,1,0.011109,0.02857143,0.0,0.08456967,0.32663825,0.01680672,0.5,13,Lapped,1,0,0.00058243
2023,6,2023-05-28,monaco,PER,red_bull,0,20,3,0.0086517,1.0,0.0,0.88125593,0.87526423,0.88235294,0.4,16,Lapped,1,0,0.01220811
2023,7,2023-06-04,catalunya,VER,red_bull,0,1,3,1.0,1.0,0.0,1.0,1.0,1.0,0.66666667,1,Finished,1,1,0.90286068
2023,7,2023-06-04,catalunya,SAI,ferrari,0,2,3,0.77880078,0.34895833,0.0,0.35017811,0.47596383,0.33333333,0.5,5,Finished,1,0,0.02878322
2023,7,2023-06-04,catalunya,NOR,mclaren,0,3,3,0.60653066,0.08854167,0.0,0.18397929,0.25315013,0.08333333,0.8,17,Lapped,1,0,0.00722459
2023,7,2023-06-04,catalunya,GAS,alpine,0,4,3,0.47236655,0.171875,0.0,0.17767506,0.15504616,0.09722222,0.5,10,Finished,1,0,0.00412744
2023,7,2023-06-04,catalunya,HAM,mercedes,0,5,3,0.36787944,0.5,0.0,0.55043696,0.83195368,0.47916667,0.6,2,Finished,1,0,0.01691938
2023,7,2023-06-04,catalunya,STR,aston_martin,0,6,3,0.2865048,0.484375,0.0,0.20718425,0.21687545,0.1875,0.0,6,Finished,1,0,0.00314072
2023,7,2023-06-04,catalunya,OCO,alpine,0,7,3,0.22313016,0.171875,0.0,0.25436838,0.24609656,0.14583333,0.5,8,Finished,1,0,0.00212161
2023,7,2023-06-04,catalunya,HUL,haas,0,8,0,0.17377394,0.04166667,0.0,0.11953346,0.5,0.04166667,0.0,15,Lapped,1,0,0.00112285
2023,7,2023-06-04,catalunya,ALO,aston_martin,0,9,2,0.13533528,0.484375,0.0,0.72852411,0.27277281,0.64583333,1.0,7,Finished,1,0,0.00804472
2023,7,2023-06-04,catalunya,PIA,mclaren,0,10,0,0.10539922,0.08854167,0.0,0.13700705,0.5,0.03472222,0.2,13,Lapped,1,0,0.00106334
2023,7,2023-06-04,catalunya,PER,red_bull,0,11,3,0.082085,1.0,0.0,0.7154446,0.6849641,0.72916667,0.33333333,4,Finished,1,0,0.01503929
2023,7,2023-06-04,catalunya,RUS,mercedes,0,12,3,0.06392786,0.5,0.0,0.38675236,0.37462865,0.34722222,0.4,3,Finished,1,0,0.00283496
2023,7,2023-06-04,catalunya,ZHO,alfa,0,13,1,0.04978707,0.01041667,0.0,0.09339581,0.3,0.01388889,0.4,9,Finished,1,0,0.00069204
2023,7,2023-06-04,catalunya,DEV,alphatauri,0,14,0,0.03877421,0.01041667,0.0,0.04710551,0.5,0.0,0.25,14,Lapped,1,0,0.00068151
2023,7,2023-06-04,catalunya,TSU,alphatauri,0,15,2,0.03019738,0.01041667,0.0,0.14276742,0.24513728,0.01388889,0.75,12,Finished,1,0,0.00077638
2023,7,2023-06-04,catalunya,BOT,alfa,0,16,3,0.02351775,0.01041667,0.0,0.09232099,0.59131256,0.02777778,0.6,19,Lapped,1,0,0.00088597
2023,7,2023-06-04,catalunya,MAG,haas,0,17,2,0.01831564,0.04166667,0.0,0.09085051,0.21035708,0.01388889,1.0,18,Lapped,1,0,0.00081182
2023,7,2023-06-04,catalunya,ALB,williams,0,18,2,0.01426423,0.0,0.0,0.05592506,0.26240324,0.00694444,1.0,16,Lapped,1,0,0.00075108
2023,7,2023-06-04,catalunya,LEC,ferrari,0,19,3,0.011109,0.34895833,0.0,0.35376852,0.1937819,0.29166667,0.5,11,Finished,1,0,0.00159127
2023,7,2023-06-04,catalunya,SAR,williams,0,20,0,0.0086517,0.0,0.0,0.03349207,0.5,0.0,0.0,20,Lapped,1,0,0.00052713
2023,8,2023-06-18,villeneuve,VER,red_bull,0,1,3,1.0,1.0,0.0,1.0,1.0,1.0,0.71428571,1,Finished,1,1,0.89125301
2023,8,2023-06-18,villeneuve,HUL,haas,0,2,2,0.77880078,0.03763441,0.0,0.10466216,0.43608399,0.03529412,0.2,15,Lapped,1,0,0.00888566
2023,8,2023-06-18,villeneuve,ALO,aston_martin,0,3,2,0.60653066,0.49462366,0.0,0.62451646,0.27794696,0.58235294,0.8,2,Finished,1,0,0.03087137
2023,8,2023-06-18,villeneuve,HAM,mercedes,0,4,3,0.47236655,0.57526882,0.0,0.60639039,0.96683876,0.51176471,0.66666667,3,Finished,1,0,0.03273075
2023,8,2023-06-18,villeneuve,RUS,mercedes,0,5,2,0.36787944,0.57526882,0.0,0.39741951,0.47260933,0.38235294,0.33333333,19,Retired,0,0,0.00946138
2023,8,2023-06-18,villeneuve,OCO,alpine,0,6,2,0.2865048,0.17204301,0.0,0.24479965,0.43464446,0.14705882,0.6,8,Finished,1,0,0.00307279
2023,8,2023-06-18,villeneuve,NOR,mclaren,0,7,2,0.22313016,0.09139785,0.0,0.17705843,0.20600703,0.07058824,0.66666667,13,Finished,1,0,0.0016562
2023,8,2023-06-18,villeneuve,SAI,ferrari,0,8,3,0.17377394,0.33870968,0.0,0.35390793,0.62845974,0.34117647,0.6,5,Finished,1,0,0.00407084
2023,8,2023-06-18,villeneuve,PIA,mclaren,0,9,0,0.13533528,0.09139785,0.0,0.13805976,0.5,0.02941176,0.33333333,11,Finished,1,0,0.00121523
2023,8,2023-06-18,villeneuve,ALB,williams,0,10,2,0.10539922,0.0,0.0,0.06415328,0.22125705,0.00588235,1.0,7,Finished,1,0,0.00096751
2023,8,2023-06-18,villeneuve,LEC,ferrari,0,11,3,0.082085,0.33870968,0.0,0.30604096,0.60690327,0.24705882,0.4,4,Finished,1,0,0.00233205
2023,8,2023-06-18,villeneuve,PER,red_bull,0,12,3,0.06392786,1.0,0.0,0.59489907,0.0695276,0.68823529,0.28571429,6,Finished,1,0,0.00696634
2023,8,2023-06-18,villeneuve,STR,aston_martin,0,13,3,0.04978707,0.49462366,0.0,0.27573411,0.1858691,0.20588235,0.2,9,Finished,1,0,0.00160087
2023,8,2023-06-18,villeneuve,MAG,haas,0,14,3,0.03877421,0.03763441,0.0,0.06005526,0.06950076,0.01176471,0.8,17,Lapped,1,0,0.000654
2023,8,2023-06-18,villeneuve,BOT,alfa,0,15,3,0.03019738,0.02150538,0.0,0.08759267,0.66359591,0.02352941,0.5,10,Finished,1,0,0.00088796
2023,8,2023-06-18,villeneuve,TSU,alphatauri,0,16,1,0.02351775,0.01075269,0.0,0.13230585,0.3,0.01176471,0.8,14,Finished,1,0,0.00077321
2023,8,2023-06-18,villeneuve,GAS,alpine,0,17,3,0.01831564,0.17204301,0.0,0.16339648,0.19067767,0.08823529,0.4,12,Finished,1,0,0.00079767
2023,8,2023-06-18,villeneuve,DEV,alphatauri,0,18,0,0.01426423,0.01075269,0.0,0.04533352,0.5,0.0,0.2,18,Lapped,1,0,0.00058845
2023,8,2023-06-18,villeneuve,SAR,williams,0,19,0,0.011109,0.0,0.0,0.02654265,0.5,0.0,0.0,20,Retired,0,0,0.00050878
2023,8,2023-06-18,villeneuve,ZHO,alfa,0,20,1,0.0086517,0.02150538,0.0,0.11295465,0.43154307,0.02352941,0.5,16,Lapped,1,0,0.00070591
2023,11,2023-07-23,hungaroring,HAM,mercedes,0,1,3,1.0,0.61627907,0.0,0.59095589,1.0,0.4745098,0.625,4,Finished,1,0,0.37569327
2023,11,2023-07-23,hungaroring,VER,red_bull,0,2,3,0.77880078,1.0,0.0,1.0,0.81967348,1.0,0.8,1,Finished,1,1,0.5471482
2023,11,2023-07-23,hungaroring,NOR,mclaren,0,3,3,0.60653066,0.26162791,0.0,0.34018381,0.18318292,0.16470588,0.66666667,2,Finished,1,0,0.01781063
2023,11,2023-07-23,hungaroring,PIA,mclaren,0,4,0,0.47236655,0.26162791,0.0,0.19799017,0.5,0.06666667,0.33333333,5,Finished,1,0,0.0092292
2023,11,2023-07-23,hungaroring,ZHO,alfa,0,5,1,0.36787944,0.01744186,0.0,0.10280295,0.34219791,0.01568627,0.44444444,16,Lapped,1,0,0.00364305
2023,11,2023-07-23,hungaroring,LEC,ferrari,0,6,3,0.2865048,0.4244186,0.0,0.41453073,0.23022378,0.29019608,0.625,7,Finished,1,0,0.00756399
2023,11,2023-07-23,hungaroring,BOT,alfa,0,7,3,0.22313016,0.01744186,0.0,0.09991422,0.17716066,0.01960784,0.55555556,12,Lapped,1,0,0.00193077
2023,11,2023-07-23,hungaroring,ALO,aston_martin,0,8,2,0.17377394,0.40697674,0.0,0.53783578,0.4554593,0.5372549,0.875,9,Finished,1,0,0.00841061
2023,11,2023-07-23,hungaroring,PER,red_bull,0,9,3,0.13533528,1.0,0.0,0.40093553,0.3171121,0.61176471,0.2,3,Finished,1,0,0.00989697
2023,11,2023-07-23,hungaroring,HUL,haas,0,10,0,0.10539922,0.0,0.0,0.05062006,0.5,0.03529412,0.33333333,14,Lapped,1,0,0.00130741
2023,11,2023-07-23,hungaroring,SAI,ferrari,0,11,3,0.082085,0.4244186,0.0,0.33568664,0.59147844,0.3254902,0.375,8,Finished,1,0,0.00373466
2023,11,2023-07-23,hungaroring,OCO,alpine,0,12,3,0.06392786,0.18023256,0.0,0.24755751,0.49635919,0.12156863,0.57142857,19,Retired,0,0,0.00202691
2023,11,2023-07-23,hungaroring,RIC,alphatauri,0,13,3,0.04978707,0.0,0.0,0.5,0.14739244,0.0,0.5,13,Lapped,1,0,0.00133555
2023,11,2023-07-23,hungaroring,STR,aston_martin,0,14,3,0.03877421,0.40697674,0.0,0.16918921,0.21658312,0.17254902,0.125,10,Lapped,1,0,0.00160304
2023,11,2023-07-23,hungaroring,GAS,alpine,0,15,3,0.03019738,0.18023256,0.0,0.14851903,0.224825,0.0627451,0.42857143,20,Retired,0,0,0.00119369
2023,11,2023-07-23,hungaroring,ALB,williams,0,16,2,0.02351775,0.05813953,0.0,0.16143742,0.33297494,0.04313725,1.0,11,Lapped,1,0,0.00137521
2023,11,2023-07-23,hungaroring,TSU,alphatauri,0,17,2,0.01831564,0.0,0.0,0.06459952,0.30164911,0.00784314,0.75,15,Lapped,1,0,0.0009663
2023,11,2023-07-23,hungaroring,RUS,mercedes,0,18,3,0.01426423,0.61627907,0.0,0.37403444,0.45438489,0.32156863,0.375,6,Finished,1,0,0.00347755
2023,11,2023-07-23,hungaroring,MAG,haas,0,19,2,0.011109,0.0,0.0,0.02150175,0.2485852,0.00784314,0.66666667,17,Lapped,1,0,0.00083523
2023,11,2023-07-23,hungaroring,SAR,williams,0,20,0,0.0086517,0.05813953,0.0,0.05635946,0.5,0.0,0.0,18,Retired,0,0,0.00081774
2023,12,2023-07-30,spa,VER,red_bull,1,1,3,1.0,1.0,1.0,1.0,1.0,1.0,0.81818182,1,Finished,1,1,0.91605473
2023,12,2023-07-30,spa,LEC,ferrari,1,2,3,0.77880078,0.37765957,0.31890656,0.40119368,0.28382736,0.28469751,0.66666667,3,Finished,1,0,0.01701896
2023,12,2023-07-30,spa,PER,red_bull,1,3,3,0.60653066,1.0,0.0,0.52504212,0.45230193,0.60854093,0.18181818,2,Finished,1,0,0.02314772
2023,12,2023-07-30,spa,HAM,mercedes,1,4,3,0.47236655,0.54787234,0.18009231,0.59095589,0.47623972,0.47330961,0.66666667,4,Finished,1,0,0.01344068
2023,12,2023-07-30,spa,SAI,ferrari,1,5,3,0.36787944,0.37765957,0.42437285,0.33568664,0.3862248,0.30960854,0.33333333,19,Retired,0,0,0.0059768
2023,12,2023-07-30,spa,PIA,mclaren,1,6,0,0.2865048,0.37234043,0.75147729,0.25479618,0.5,0.09608541,0.3,20,Retired,0,0,0.00602018
2023,12,2023-07-30,spa,NOR,mclaren,1,7,3,0.22313016,0.37234043,0.23965104,0.46355066,0.15398876,0.21352313,0.7,7,Finished,1,0,0.00347765
2023,12,2023-07-30,spa,RUS,mercedes,1,8,3,0.17377394,0.54787234,0.13533528,0.35774453,0.55127024,0.3202847,0.33333333,6,Finished,1,0,0.00379839
2023,12,2023-07-30,spa,ALO,aston_martin,1,9,2,0.13533528,0.29255319,0.0,0.41446893,0.3998735,0.49466192,0.88888889,5,Finished,1,0,0.0028613
2023,12,2023-07-30,spa,STR,aston_martin,1,10,3,0.10539922,0.29255319,0.05743262,0.20224899,0.12379522,0.16014235,0.11111111,9,Finished,1,0,0.0010164
2023,12,2023-07-30,spa,TSU,alphatauri,1,11,2,0.082085,0.0,0.00777266,0.06459952,0.23008963,0.00711744,0.66666667,10,Finished,1,0,0.00065274
2023,12,2023-07-30,spa,GAS,alpine,1,12,3,0.06392786,0.05319149,0.56471812,0.08828019,0.28632176,0.0569395,0.42857143,11,Finished,1,0,0.00130136
2023,12,2023-07-30,spa,MAG,haas,1,13,2,0.04978707,0.0,0.02437284,0.02965419,0.20737163,0.00711744,0.57142857,15,Finished,1,0,0.00055693
2023,12,2023-07-30,spa,BOT,alfa,1,14,3,0.03877421,0.01595745,0.03243324,0.0950078,0.23925764,0.01779359,0.6,12,Finished,1,0,0.00062482
2023,12,2023-07-30,spa,OCO,alpine,1,15,3,0.03019738,0.05319149,0.10170139,0.1134935,0.36198364,0.11032028,0.57142857,8,Finished,1,0,0.00082515
2023,12,2023-07-30,spa,ALB,williams,1,16,2,0.02351775,0.05319149,0.04315931,0.17364976,0.34975855,0.03914591,1.0,14,Finished,1,0,0.00092141
2023,12,2023-07-30,spa,ZHO,alfa,1,17,1,0.01831564,0.01595745,0.01831564,0.09461678,0.33211578,0.01423488,0.4,13,Finished,1,0,0.00056768
2023,12,2023-07-30,spa,SAR,williams,1,18,0,0.01426423,0.05319149,0.01376379,0.0496848,0.5,0.0,0.0,17,Finished,1,0,0.00052342
2023,12,2023-07-30,spa,RIC,alphatauri,1,19,3,0.011109,0.0,0.07642629,0.09071795,0.35347787,0.0,0.5,16,Finished,1,0,0.0006131
2023,12,2023-07-30,spa,HUL,haas,1,20,0,0.0086517,0.0,0.01034317,0.05732233,0.5,0.03202847,0.42857143,18,Finished,1,0,0.00060059
2023,13,2023-08-27,zandvoort,VER,red_bull,0,1,2,1.0,1.0,0.0,1.0,0.825,1.0,0.83333333,1,Finished,1,1,0.89510971
2023,13,2023-08-27,zandvoort,NOR,mclaren,0,2,2,0.77880078,0.39378238,0.0,0.51563706,0.33440425,0.21974522,0.7,7,Finished,1,0,0.03940516
2023,13,2023-08-27,zandvoort,RUS,mercedes,0,3,2,0.60653066,0.47150259,0.0,0.29725641,0.48804411,0.31528662,0.3,17,Finished,1,0,0.01796773
2023,13,2023-08-27,zandvoort,ALB,williams,0,4,1,0.47236655,0.05181347,0.0,0.17854706,0.34432126,0.03503185,1.0,8,Finished,1,0,0.00543985
2023,13,2023-08-27,zandvoort,ALO,aston_martin,0,5,2,0.36787944,0.2746114,0.0,0.44409588,0.41412164,0.47452229,0.9,2,Finished,1,0,0.00870677
2023,13,2023-08-27,zandvoort,SAI,ferrari,0,6,2,0.2865048,0.39378238,0.0,0.24582085,0.34990082,0.29299363,0.33333333,5,Finished,1,0,0.00398077
2023,13,2023-08-27,zandvoort,PER,red_bull,0,7,2,0.22313016,1.0,0.0,0.57902595,0.4128032,0.60191083,0.16666667,4,Finished,1,0,0.01176605
2023,13,2023-08-27,zandvoort,PIA,mclaren,0,8,0,0.17377394,0.39378238,0.0,0.23665259,0.5,0.10828025,0.3,9,Finished,1,0,0.00243906
2023,13,2023-08-27,zandvoort,LEC,ferrari,0,9,2,0.13533528,0.39378238,0.0,0.50819063,0.55156042,0.31528662,0.66666667,19,Undertray,0,0,0.00388417
2023,13,2023-08-27,zandvoort,SAR,williams,0,10,0,0.10539922,0.05181347,0.0,0.05336309,0.5,0.0,0.0,20,Accident,0,0,0.00079756
2023,13,2023-08-27,zandvoort,STR,aston_martin,0,11,2,0.082085,0.2746114,0.0,0.1690524,0.26785866,0.14968153,0.1,11,Finished,1,0,0.0010841
2023,13,2023-08-27,zandvoort,GAS,alpine,0,12,2,0.06392786,0.04663212,0.0,0.08228747,0.37363366,0.07006369,0.375,3,Finished,1,0,0.00078688
2023,13,2023-08-27,zandvoort,HAM,mercedes,0,13,2,0.04978707,0.47150259,0.0,0.53697207,0.60397062,0.47133758,0.7,6,Finished,1,0,0.00373801
2023,13,2023-08-27,zandvoort,TSU,alphatauri,0,14,2,0.03877421,0.00518135,0.0,0.07549866,0.175,0.00955414,0.7,15,Finished,1,0,0.00064376
2023,13,2023-08-27,zandvoort,HUL,haas,0,15,0,0.03019738,0.0,0.0,0.05183497,0.5,0.02866242,0.375,12,Finished,1,0,0.00066805
2023,13,2023-08-27,zandvoort,ZHO,alfa,0,16,1,0.02351775,0.00518135,0.0,0.07238106,0.31991483,0.01273885,0.36363636,18,Accident,0,0,0.00057832
2023,13,2023-08-27,zandvoort,OCO,alpine,0,17,2,0.01831564,0.04663212,0.0,0.1134935,0.30623274,0.11146497,0.625,10,Finished,1,0,0.000745
2023,13,2023-08-27,zandvoort,MAG,haas,0,18,1,0.01426423,0.0,0.0,0.03514155,0.32432403,0.00636943,0.625,16,Finished,1,0,0.0005993
2023,13,2023-08-27,zandvoort,BOT,alfa,0,19,2,0.011109,0.00518135,0.0,0.11170369,0.35440919,0.01592357,0.63636364,14,Finished,1,0,0.00066451
2023,13,2023-08-27,zandvoort,LAW,alphatauri,0,20,0,0.0086517,0.00518135,0.0,0.5,0.5,0.0,0.5,13,Finished,1,0,0.00099524
2023,14,2023-09-03,monza,SAI,ferrari,0,1,3,1.0,0.32653061,0.0,0.24582085,1.0,0.30088496,0.33333333,3,Finished,1,0,0.09419797
2023,14,2023-09-03,monza,VER,red_bull,0,2,3,0.77880078,1.0,0.0,1.0,0.82257635,1.0,0.84615385,1,Finished,1,1,0.73210599
2023,14,2023-09-03,monza,LEC,ferrari,0,3,3,0.60653066,0.32653061,0.0,0.39842831,0.98947619,0.2920354,0.66666667,4,Finished,1,0,0.04138161
2023,14,2023-09-03,monza,RUS,mercedes,0,4,3,0.47236655,0.42857143,0.0,0.30540885,0.69818997,0.2920354,0.27272727,5,Finished,1,0,0.01848476
2023,14,2023-09-03,monza,PER,red_bull,0,5,3,0.36787944,1.0,0.0,0.61521238,0.62931957,0.59292035,0.15384615,2,Finished,1,0,0.05641835
2023,14,2023-09-03,monza,ALB,williams,0,6,1,0.2865048,0.04081633,0.0,0.16762761,0.34401841,0.04424779,1.0,7,Finished,1,0,0.0042625
2023,14,2023-09-03,monza,PIA,mclaren,0,7,0,0.22313016,0.42857143,0.0,0.24996484,0.5,0.10619469,0.27272727,12,Finished,1,0,0.00594136
2023,14,2023-09-03,monza,HAM,mercedes,0,8,3,0.17377394,0.42857143,0.0,0.47648394,0.493485,0.46017699,0.72727273,6,Finished,1,0,0.01156357
2023,14,2023-09-03,monza,NOR,mclaren,0,9,3,0.13533528,0.42857143,0.0,0.55773231,0.94490296,0.22123894,0.72727273,8,Finished,1,0,0.01364217
2023,14,2023-09-03,monza,ALO,aston_martin,0,10,2,0.10539922,0.26530612,0.0,0.44409588,0.29443981,0.49557522,0.90909091,9,Finished,1,0,0.00668694
2023,14,2023-09-03,monza,TSU,alphatauri,0,11,2,0.082085,0.00510204,0.0,0.07280596,0.22639226,0.00884956,0.63636364,20,Did not start,0,0,0.00141421
2023,14,2023-09-03,monza,LAW,alphatauri,0,12,0,0.06392786,0.00510204,0.0,0.09071795,0.5,0.0,0.5,11,Finished,1,0,0.00159775
2023,14,2023-09-03,monza,HUL,haas,0,13,0,0.04978707,0.0,0.0,0.06183359,0.5,0.02654867,0.44444444,17,Lapped,1,0,0.0014582
2023,14,2023-09-03,monza,BOT,alfa,0,14,3,0.03877421,0.0,0.0,0.09349862,0.64539872,0.01474926,0.63636364,10,Finished,1,0,0.00182292
2023,14,2023-09-03,monza,SAR,williams,0,15,0,0.03019738,0.04081633,0.0,0.05336309,0.5,0.0,0.0,13,Finished,1,0,0.00111955
2023,14,2023-09-03,monza,ZHO,alfa,0,16,1,0.02351775,0.0,0.0,0.06242365,0.41965444,0.01179941,0.36363636,14,Finished,1,0,0.00119084
2023,14,2023-09-03,monza,GAS,alpine,0,17,3,0.01831564,0.10714286,0.0,0.19419084,0.61413301,0.10914454,0.44444444,15,Finished,1,0,0.00218833
2023,14,2023-09-03,monza,OCO,alpine,0,18,3,0.01426423,0.10714286,0.0,0.09723389,0.30792569,0.10619469,0.55555556,19,Retired,0,0,0.00156809
2023,14,2023-09-03,monza,MAG,haas,0,19,2,0.011109,0.0,0.0,0.03694652,0.20944926,0.00589971,0.55555556,18,Lapped,1,0,0.00102521
2023,14,2023-09-03,monza,STR,aston_martin,0,20,3,0.0086517,0.26530612,0.0,0.15574016,0.44912337,0.13864307,0.09090909,16,Finished,1,0,0.0019297
2023,15,2023-09-17,marina_bay,SAI,ferrari,0,1,3,1.0,0.32828283,0.0,0.30630897,0.58359208,0.32142857,0.4,1,Finished,1,1,0.37667497
2023,15,2023-09-17,marina_bay,RUS,mercedes,0,2,2,0.77880078,0.46464646,0.0,0.3350358,0.21685261,0.29945055,0.33333333,16,Retired,0,0,0.14388075
2023,15,2023-09-17,marina_bay,LEC,ferrari,0,3,3,0.60653066,0.32828283,0.0,0.34444448,1.0,0.30494505,0.6,4,Finished,1,0,0.12203249
2023,15,2023-09-17,marina_bay,NOR,mclaren,0,4,2,0.47236655,0.38383838,0.0,0.49728938,0.60305582,0.21703297,0.75,2,Finished,1,0,0.06832673
2023,15,2023-09-17,marina_bay,HAM,mercedes,0,5,3,0.36787944,0.46464646,0.0,0.50074044,0.72753989,0.45054945,0.66666667,3,Finished,1,0,0.06317121
2023,15,2023-09-17,marina_bay,MAG,haas,0,6,3,0.2865048,0.0,0.0,0.03694652,0.1045179,0.00549451,0.5,10,Finished,1,0,0.00675424
2023,15,2023-09-17,marina_bay,ALO,aston_martin,0,7,2,0.22313016,0.21212121,0.0,0.39460939,0.2938045,0.46703297,0.91666667,15,Finished,1,0,0.01910184
2023,15,2023-09-17,marina_bay,OCO,alpine,0,8,2,0.17377394,0.1010101,0.0,0.08237917,0.175,0.0989011,0.55555556,18,Retired,0,0,0.00599596
2023,15,2023-09-17,marina_bay,HUL,haas,0,9,2,0.13533528,0.0,0.0,0.06998603,0.35396849,0.02472527,0.5,13,Finished,1,0,0.00467925
2023,15,2023-09-17,marina_bay,LAW,alphatauri,0,10,0,0.10539922,0.00505051,0.0,0.11302662,0.5,0.0,0.5,9,Finished,1,0,0.00476742
2023,15,2023-09-17,marina_bay,VER,red_bull,0,11,3,0.082085,1.0,0.0,1.0,0.79032094,1.0,0.85714286,5,Finished,1,0,0.11661423
2023,15,2023-09-17,marina_bay,GAS,alpine,0,12,3,0.06392786,0.1010101,0.0,0.17329308,0.25675118,0.10164835,0.44444444,6,Finished,1,0,0.00431167
2023,15,2023-09-17,marina_bay,PER,red_bull,0,13,3,0.04978707,1.0,0.0,0.64489453,0.68656218,0.60164835,0.14285714,8,Finished,1,0,0.03678392
2023,15,2023-09-17,marina_bay,ALB,williams,0,14,2,0.03877421,0.07070707,0.0,0.2007994,0.32010815,0.05769231,1.0,11,Finished,1,0,0.00501009
2023,15,2023-09-17,marina_bay,TSU,alphatauri,0,15,1,0.03019738,0.00505051,0.0,0.06734122,0.3,0.00824176,0.63636364,19,Retired,0,0,0.00314681
2023,15,2023-09-17,marina_bay,BOT,alfa,0,16,3,0.02351775,0.00505051,0.0,0.11439639,0.48517951,0.01648352,0.66666667,17,Retired,0,0,0.0037373
2023,15,2023-09-17,marina_bay,PIA,mclaren,0,17,0,0.01831564,0.38383838,0.0,0.26216806,0.5,0.0989011,0.25,7,Finished,1,0,0.00626178
2023,15,2023-09-17,marina_bay,SAR,williams,0,18,0,0.01426423,0.07070707,0.0,0.05336309,0.5,0.0,0.0,14,Finished,1,0,0.00274845
2023,15,2023-09-17,marina_bay,ZHO,alfa,0,19,1,0.011109,0.00505051,0.0,0.05511773,0.3,0.01098901,0.33333333,12,Finished,1,0,0.0025249
2023,15,2023-09-17,marina_bay,STR,aston_martin,0,20,3,0.0086517,0.21212121,0.0,0.12531827,0.31385435,0.12912088,0.08333333,20,Withdrew,0,0,0.003476
2023,16,2023-09-24,suzuka,VER,red_bull,0,1,3,1.0,1.0,0.0,1.0,0.94121265,1.0,0.86666667,1,Finished,1,1,0.88012029
2023,16,2023-09-24,suzuka,PIA,mclaren,0,2,0,0.77880078,0.39325843,0.0,0.23896252,0.5,0.11229947,0.23076923,3,Finished,1,0,0.0189081
2023,16,2023-09-24,suzuka,NOR,mclaren,0,3,2,0.60653066,0.39325843,0.0,0.55883638,0.32919525,0.25935829,0.76923077,2,Finished,1,0,0.01889229
2023,16,2023-09-24,suzuka,LEC,ferrari,0,4,3,0.47236655,0.55617978,0.0,0.46504485,0.6540719,0.32887701,0.54545455,4,Finished,1,0,0.01670992
2023,16,2023-09-24,suzuka,PER,red_bull,0,5,3,0.36787944,1.0,0.0,0.69745127,0.80500745,0.59625668,0.13333333,19,Retired,0,0,0.03276579
2023,16,2023-09-24,suzuka,SAI,ferrari,0,6,3,0.2865048,0.55617978,0.0,0.53182086,0.27998934,0.37967914,0.45454545,6,Finished,1,0,0.00702078
2023,16,2023-09-24,suzuka,HAM,mercedes,0,7,3,0.22313016,0.46629213,0.0,0.56271456,1.0,0.48128342,0.66666667,5,Finished,1,0,0.01083258
2023,16,2023-09-24,suzuka,RUS,mercedes,0,8,2,0.17377394,0.46629213,0.0,0.27551347,0.34189356,0.29144385,0.33333333,7,Finished,1,0,0.0029156
2023,16,2023-09-24,suzuka,TSU,alphatauri,0,9,1,0.13533528,0.01685393,0.0,0.06448591,0.35627692,0.00802139,0.63636364,12,Lapped,1,0,0.00098325
2023,16,2023-09-24,suzuka,ALO,aston_martin,0,10,2,0.10539922,0.20224719,0.0,0.38942115,0.38443279,0.45454545,0.91666667,8,Finished,1,0,0.00276498
2023,16,2023-09-24,suzuka,LAW,alphatauri,0,11,0,0.082085,0.01685393,0.0,0.16030498,0.5,0.00534759,0.5,11,Lapped,1,0,0.00094872
2023,16,2023-09-24,suzuka,GAS,alpine,0,12,3,0.06392786,0.15730337,0.0,0.2774227,0.21985563,0.12032086,0.44444444,10,Finished,1,0,0.00106349
2023,16,2023-09-24,suzuka,ALB,williams,0,13,2,0.04978707,0.05617978,0.0,0.20064493,0.40280482,0.05614973,1.0,16,Retired,0,0,0.00115874
2023,16,2023-09-24,suzuka,OCO,alpine,0,14,2,0.03877421,0.15730337,0.0,0.09257483,0.58424016,0.09625668,0.55555556,9,Finished,1,0,0.00110232
2023,16,2023-09-24,suzuka,MAG,haas,0,15,3,0.03019738,0.00561798,0.0,0.07867063,0.08236606,0.00802139,0.54545455,15,Lapped,1,0,0.00052696
2023,16,2023-09-24,suzuka,BOT,alfa,0,16,3,0.02351775,0.00561798,0.0,0.10365131,0.82490781,0.01604278,0.66666667,20,Retired,0,0,0.00101404
2023,16,2023-09-24,suzuka,STR,aston_martin,0,17,3,0.01831564,0.20224719,0.0,0.12413507,0.19210549,0.12566845,0.08333333,18,Retired,0,0,0.00067675
2023,16,2023-09-24,suzuka,HUL,haas,0,18,2,0.01426423,0.00561798,0.0,0.07864785,0.175,0.02406417,0.45454545,14,Lapped,1,0,0.00051959
2023,16,2023-09-24,suzuka,ZHO,alfa,0,19,1,0.011109,0.00561798,0.0,0.07317547,0.33088543,0.01069519,0.33333333,13,Lapped,1,0,0.00053851
2023,16,2023-09-24,suzuka,SAR,williams,0,20,0,0.0086517,0.05617978,0.0,0.04624377,0.5,0.0,0.0,17,Retired,0,0,0.00053729
2023,17,2023-10-08,losail,VER,red_bull,1,1,1,1.0,1.0,0.75147729,1.0,0.6274923,1.0,0.86666667,1,Finished,1,1,0.85894317
2023,17,2023-10-08,losail,RUS,mercedes,1,2,1,0.77880078,0.48466258,0.42437285,0.26052576,0.31630488,0.2875,0.30769231,4,Finished,1,0,0.03087989
2023,17,2023-10-08,losail,HAM,mercedes,1,3,1,0.60653066,0.48466258,0.31890656,0.54035553,0.7,0.475,0.69230769,19,Retired,0,0,0.03718533
2023,17,2023-10-08,losail,ALO,aston_martin,1,4,1,0.47236655,0.22699387,0.13533528,0.39946771,0.56812802,0.435,0.91666667,6,Finished,1,0,0.01248205
2023,17,2023-10-08,losail,LEC,ferrari,1,5,1,0.36787944,0.66871166,0.04315931,0.52069761,0.39863879,0.3375,0.58333333,5,Finished,1,0,0.01175735
2023,17,2023-10-08,losail,PIA,mclaren,1,6,0,0.2865048,0.4601227,1.0,0.28863092,0.5,0.1425,0.21428571,2,Finished,1,0,0.01315834
2023,17,2023-10-08,losail,GAS,alpine,1,7,1,0.22313016,0.19018405,0.10170139,0.31457412,0.35413411,0.115,0.4,12,Finished,1,0,0.00278947
2023,17,2023-10-08,losail,OCO,alpine,1,8,1,0.17377394,0.19018405,0.0,0.13795167,0.47973159,0.095,0.6,7,Finished,1,0,0.00213051
2023,17,2023-10-08,losail,BOT,alfa,1,9,1,0.13533528,0.00613497,0.07642629,0.07874797,0.3,0.015,0.66666667,8,Finished,1,0,0.00132944
2023,17,2023-10-08,losail,NOR,mclaren,1,10,1,0.10539922,0.4601227,0.56471812,0.55883638,0.38075861,0.2875,0.78571429,3,Finished,1,0,0.00789808
2023,17,2023-10-08,losail,TSU,alphatauri,1,11,1,0.082085,0.01840491,0.05743262,0.075722,0.33628718,0.0075,0.58333333,15,Lapped,1,0,0.00110628
2023,17,2023-10-08,losail,SAI,ferrari,1,12,1,0.06392786,0.66871166,0.23965104,0.55907946,0.42047768,0.375,0.41666667,20,Did not start,0,0,0.00591686
2023,17,2023-10-08,losail,PER,red_bull,1,13,1,0.04978707,1.0,0.0,0.54679484,0.51952465,0.5575,0.13333333,10,Finished,1,0,0.0070578
2023,17,2023-10-08,losail,ALB,williams,1,14,0,0.03877421,0.06134969,0.18009231,0.17022793,0.5,0.0525,1.0,13,Finished,1,0,0.00177397
2023,17,2023-10-08,losail,HUL,haas,1,15,0,0.03019738,0.00613497,0.0,0.07864785,0.5,0.0225,0.5,16,Lapped,1,0,0.00095631
2023,17,2023-10-08,losail,SAR,williams,1,16,0,0.02351775,0.06134969,0.0,0.04624377,0.5,0.0,0.0,18,Retired,0,0,0.00077588
2023,17,2023-10-08,losail,STR,aston_martin,1,17,1,0.01831564,0.22699387,0.03243324,0.08698365,0.44715178,0.1175,0.08333333,11,Finished,1,0,0.00110275
2023,17,2023-10-08,losail,LAW,alphatauri,1,18,0,0.01426423,0.01840491,0.0,0.15825,0.5,0.005,0.5,17,Lapped,1,0,0.00098641
2023,17,2023-10-08,losail,MAG,haas,1,19,0,0.011109,0.00613497,0.02437284,0.08317644,0.5,0.0075,0.5,14,Lapped,1,0,0.00092242
2023,17,2023-10-08,losail,ZHO,alfa,1,20,0,0.0086517,0.00613497,0.01831564,0.08237481,0.5,0.01,0.33333333,9,Finished,1,0,0.00084768
2023,18,2023-10-22,americas,LEC,ferrari,1,1,3,1.0,0.70748299,0.56471812,0.4710292,0.65296782,0.33487298,0.58333333,20,Disqualified,0,0,0.31641882
2023,18,2023-10-22,americas,NOR,mclaren,1,2,3,0.77880078,0.69387755,0.42437285,0.64179852,0.33957744,0.31408776,0.73333333,2,Finished,1,0,0.13655123
2023,18,2023-10-22,americas,HAM,mercedes,1,3,3,0.60653066,0.47619048,0.75147729,0.41700848,0.88504473,0.44803695,0.69230769,19,Disqualified,0,0,0.11228898
2023,18,2023-10-22,americas,SAI,ferrari,1,4,3,0.47236655,0.70748299,0.23965104,0.55907946,0.16418091,0.35334873,0.41666667,3,Finished,1,0,0.03323539
2023,18,2023-10-22,americas,RUS,mercedes,1,5,3,0.36787944,0.47619048,0.13533528,0.30119081,0.25634425,0.30484988,0.30769231,5,Finished,1,0,0.0124007
2023,18,2023-10-22,americas,VER,red_bull,1,6,3,0.2865048,1.0,1.0,1.0,1.0,1.0,0.875,1,Finished,1,1,0.3288017
2023,18,2023-10-22,americas,GAS,alpine,1,7,3,0.22313016,0.2244898,0.18009231,0.30906045,0.0364952,0.10623557,0.36363636,6,Finished,1,0,0.00473656
2023,18,2023-10-22,americas,OCO,alpine,1,8,2,0.17377394,0.2244898,0.05743262,0.15022257,0.23093705,0.10161663,0.63636364,18,Retired,0,0,0.00392774
2023,18,2023-10-22,americas,PER,red_bull,1,9,3,0.13533528,1.0,0.31890656,0.39993407,0.54083468,0.51732102,0.125,4,Finished,1,0,0.02118104
2023,18,2023-10-22,americas,PIA,mclaren,1,10,0,0.10539922,0.69387755,0.07642629,0.47264311,0.5,0.19168591,0.26666667,17,Retired,0,0,0.008833
2023,18,2023-10-22,americas,TSU,alphatauri,1,11,2,0.082085,0.01360544,0.02437284,0.05223783,0.30173547,0.00692841,0.61538462,8,Finished,1,0,0.00195046
2023,18,2023-10-22,americas,ZHO,alfa,1,12,1,0.06392786,0.04761905,0.01034317,0.10736253,0.34791111,0.01385681,0.30769231,13,Lapped,1,0,0.00181901
2023,18,2023-10-22,americas,BOT,alfa,1,13,3,0.04978707,0.04761905,0.01376379,0.10926803,0.37221427,0.02309469,0.69230769,12,Finished,1,0,0.00211518
2023,18,2023-10-22,americas,MAG,haas,1,14,2,0.03877421,0.00680272,0.00777266,0.08620241,0.25844828,0.00692841,0.53846154,14,Lapped,1,0,0.00161685
2023,18,2023-10-22,americas,RIC,alphatauri,1,15,3,0.03019738,0.01360544,0.04315931,0.56188248,0.26939261,0.0,0.5,15,Lapped,1,0,0.00255275
2023,18,2023-10-22,americas,HUL,haas,1,16,1,0.02351775,0.00680272,0.01831564,0.0823369,0.38729974,0.02078522,0.46153846,11,Finished,1,0,0.00166142
2023,18,2023-10-22,americas,ALO,aston_martin,1,17,2,0.01831564,0.2244898,0.03243324,0.38116169,0.2994902,0.42263279,0.92307692,16,Retired,0,0,0.00439935
2023,18,2023-10-22,americas,ALB,williams,1,18,2,0.01426423,0.06802721,0.10170139,0.17392385,0.34249802,0.05311778,1.0,9,Finished,1,0,0.00261065
2023,18,2023-10-22,americas,STR,aston_martin,1,19,3,0.011109,0.2244898,0.0,0.07202381,0.06039878,0.10854503,0.07692308,7,Finished,1,0,0.00147921
2023,18,2023-10-22,americas,SAR,williams,1,20,0,0.0086517,0.06802721,0.00584098,0.03708234,0.5,0.0,0.0,10,Finished,1,0,0.00141995
2023,19,2023-10-29,rodriguez,LEC,ferrari,0,1,3,1.0,0.7414966,0.0,0.4710292,0.50575862,0.32403433,0.58333333,3,Finished,1,0,0.25752876
2023,19,2023-10-29,rodriguez,SAI,ferrari,0,2,3,0.77880078,0.7414966,0.0,0.60874787,0.39760373,0.36695279,0.41666667,4,Finished,1,0,0.12211465
2023,19,2023-10-29,rodriguez,VER,red_bull,0,3,3,0.60653066,1.0,0.0,1.0,0.99582282,1.0,0.88235294,1,Finished,1,1,0.50030296
2023,19,2023-10-29,rodriguez,RIC,alphatauri,0,4,3,0.47236655,0.04761905,0.0,0.06833622,0.26537884,0.0,0.33333333,7,Finished,1,0,0.0055082
2023,19,2023-10-29,rodriguez,PER,red_bull,0,5,3,0.36787944,1.0,0.0,0.39993407,0.68194965,0.51502146,0.11764706,20,Collision damage,0,0,0.04203288
2023,19,2023-10-29,rodriguez,HAM,mercedes,0,6,3,0.2865048,0.48979592,0.0,0.33432647,1.0,0.43133047,0.69230769,2,Finished,1,0,0.0222264
2023,19,2023-10-29,rodriguez,PIA,mclaren,0,7,0,0.22313016,0.76190476,0.0,0.42726627,0.5,0.17811159,0.26666667,8,Finished,1,0,0.01323479
2023,19,2023-10-29,rodriguez,RUS,mercedes,0,8,3,0.17377394,0.48979592,0.0,0.39301742,0.32167381,0.30686695,0.30769231,6,Finished,1,0,0.00706578
2023,19,2023-10-29,rodriguez,BOT,alfa,0,9,3,0.13533528,0.04761905,0.0,0.11747817,0.28703553,0.02145923,0.71428571,15,Finished,1,0,0.00227044
2023,19,2023-10-29,rodriguez,ZHO,alfa,0,10,1,0.10539922,0.04761905,0.0,0.12775166,0.34219791,0.01287554,0.28571429,14,Finished,1,0,0.00173982
2023,19,2023-10-29,rodriguez,GAS,alpine,0,11,3,0.082085,0.17006803,0.0,0.24108602,0.32796164,0.12017167,0.36363636,11,Finished,1,0,0.00243153
2023,19,2023-10-29,rodriguez,HUL,haas,0,12,1,0.06392786,0.00680272,0.0,0.08785057,0.37688961,0.0193133,0.5,13,Finished,1,0,0.00156098
2023,19,2023-10-29,rodriguez,ALO,aston_martin,0,13,2,0.04978707,0.13605442,0.0,0.1971495,0.23783897,0.39270386,0.92307692,18,Withdrew,0,0,0.00299931
2023,19,2023-10-29,rodriguez,ALB,williams,0,14,2,0.03877421,0.06122449,0.0,0.16387729,0.3641175,0.05364807,1.0,9,Finished,1,0,0.00219089
2023,19,2023-10-29,rodriguez,TSU,alphatauri,0,15,2,0.03019738,0.04761905,0.0,0.09399399,0.175,0.01716738,0.64285714,12,Finished,1,0,0.00135757
2023,19,2023-10-29,rodriguez,OCO,alpine,0,16,2,0.02351775,0.17006803,0.0,0.11307115,0.31288064,0.0944206,0.63636364,10,Finished,1,0,0.00191605
2023,19,2023-10-29,rodriguez,MAG,haas,0,17,2,0.01831564,0.00680272,0.0,0.09170582,0.21205098,0.00643777,0.5,19,Accident,0,0,0.00116471
2023,19,2023-10-29,rodriguez,STR,aston_martin,0,18,3,0.01426423,0.13605442,0.0,0.1093011,0.08890971,0.11373391,0.07692308,17,Collision damage,0,0,0.00113622
2023,19,2023-10-29,rodriguez,NOR,mclaren,0,19,3,0.011109,0.76190476,0.0,0.7581164,0.16788172,0.34120172,0.73333333,5,Finished,1,0,0.010047
2023,19,2023-10-29,rodriguez,SAR,williams,0,20,0,0.0086517,0.06122449,0.0,0.07423376,0.5,0.00214592,0.0,16,Retired,0,0,0.00117105
2023,20,2023-11-05,interlagos,VER,red_bull,1,1,3,1.0,1.0,1.0,1.0,0.86321627,1.0,0.88235294,1,Finished,1,1,0.87108805
2023,20,2023-11-05,interlagos,LEC,ferrari,1,2,3,0.77880078,0.84496124,0.31890656,0.49833858,0.51717936,0.33808554,0.61538462,20,Did not start,0,0,0.04432618
2023,20,2023-11-05,interlagos,STR,aston_martin,1,3,3,0.60653066,0.13953488,0.04315931,0.09811131,0.09902122,0.10794297,0.07692308,5,Finished,1,0,0.00247335
2023,20,2023-11-05,interlagos,ALO,aston_martin,1,4,2,0.47236655,0.13953488,0.05743262,0.15177265,0.47263259,0.37270876,0.92307692,3,Finished,1,0,0.00448024
2023,20,2023-11-05,interlagos,HAM,mercedes,1,5,3,0.36787944,0.62790698,0.18009231,0.43565665,1.0,0.44806517,0.71428571,8,Finished,1,0,0.0148419
2023,20,2023-11-05,interlagos,RUS,mercedes,1,6,3,0.2865048,0.62790698,0.42437285,0.37471139,0.67027225,0.30753564,0.28571429,15,Retired,0,0,0.00880755
2023,20,2023-11-05,interlagos,NOR,mclaren,1,7,3,0.22313016,0.94573643,0.75147729,0.80368103,0.14317601,0.34419552,0.75,2,Finished,1,0,0.02303902
2023,20,2023-11-05,interlagos,SAI,ferrari,1,8,3,0.17377394,0.84496124,0.13533528,0.58143849,0.75658935,0.37270876,0.38461538,6,Finished,1,0,0.00911907
2023,20,2023-11-05,interlagos,PER,red_bull,1,9,3,0.13533528,1.0,0.56471812,0.21592188,0.47103426,0.48879837,0.11764706,4,Finished,1,0,0.00923645
2023,20,2023-11-05,interlagos,PIA,mclaren,1,10,0,0.10539922,0.94573643,0.07642629,0.45778633,0.5,0.17718941,0.25,14,Lapped,1,0,0.00486666
2023,20,2023-11-05,interlagos,HUL,haas,1,11,1,0.082085,0.00775194,0.00777266,0.09907827,0.33205653,0.01832994,0.5,12,Lapped,1,0,0.0007027
2023,20,2023-11-05,interlagos,OCO,alpine,1,12,2,0.06392786,0.20155039,0.02437284,0.15022257,0.3862429,0.09164969,0.66666667,10,Lapped,1,0,0.00112013
2023,20,2023-11-05,interlagos,GAS,alpine,1,13,3,0.04978707,0.20155039,0.03243324,0.25783578,0.41602068,0.11405295,0.33333333,7,Finished,1,0,0.00108444
2023,20,2023-11-05,interlagos,MAG,haas,1,14,2,0.03877421,0.00775194,0.01376379,0.08420508,0.22273694,0.00610998,0.5,18,Retired,0,0,0.00057062
2023,20,2023-11-05,interlagos,ALB,williams,1,15,2,0.03019738,0.03875969,0.01831564,0.14155983,0.23184086,0.05498982,1.0,19,Retired,0,0,0.00081731
2023,20,2023-11-05,interlagos,TSU,alphatauri,1,16,2,0.02351775,0.10077519,0.23965104,0.11889733,0.21698972,0.01629328,0.6,9,Finished,1,0,0.00089208
2023,20,2023-11-05,interlagos,RIC,alphatauri,1,17,3,0.01831564,0.10077519,0.10170139,0.20340386,0.11018789,0.01221996,0.5,13,Lapped,1,0,0.00071482
2023,20,2023-11-05,interlagos,BOT,alfa,1,18,3,0.01426423,0.04651163,0.00584098,0.09399399,0.4020304,0.0203666,0.66666667,16,Retired,0,0,0.0007055
2023,20,2023-11-05,interlagos,SAR,williams,1,19,0,0.011109,0.03875969,0.00438936,0.05384463,0.5,0.00203666,0.0,11,Lapped,1,0,0.00051698
2023,20,2023-11-05,interlagos,ZHO,alfa,1,20,1,0.0086517,0.04651163,0.01034317,0.12775166,0.3584108,0.01221996,0.33333333,17,Retired,0,0,0.00059696
2023,21,2023-11-19,vegas,LEC,ferrari,0,1,0,1.0,0.52631579,0.0,0.33369213,0.5,0.32442748,0.61538462,2,Finished,1,0,0.24336139
2023,21,2023-11-19,vegas,SAI,ferrari,0,2,0,0.77880078,0.52631579,0.0,0.39097811,0.5,0.36641221,0.38461538,6,Finished,1,0,0.11151719
2023,21,2023-11-19,vegas,VER,red_bull,0,3,0,0.60653066,1.0,0.0,1.0,0.5,1.0,0.88888889,1,Finished,1,1,0.50585778
2023,21,2023-11-19,vegas,RUS,mercedes,0,4,0,0.47236655,0.45394737,0.0,0.33344285,0.5,0.29770992,0.28571429,8,Finished,1,0,0.02957279
2023,21,2023-11-19,vegas,GAS,alpine,0,5,0,0.36787944,0.16447368,0.0,0.2161022,0.5,0.11832061,0.38461538,11,Finished,1,0,0.01080569
2023,21,2023-11-19,vegas,ALB,williams,0,6,0,0.2865048,0.03289474,0.0,0.0989022,0.5,0.05152672,1.0,12,Finished,1,0,0.00760576
2023,21,2023-11-19,vegas,SAR,williams,0,7,0,0.22313016,0.03289474,0.0,0.06012683,0.5,0.0019084,0.0,16,Finished,1,0,0.00344711
2023,21,2023-11-19,vegas,BOT,alfa,0,8,0,0.17377394,0.03947368,0.0,0.08364204,0.5,0.01908397,0.66666667,17,Finished,1,0,0.0042387
2023,21,2023-11-19,vegas,MAG,haas,0,9,0,0.13533528,0.0,0.0,0.04187144,0.5,0.00572519,0.5,13,Finished,1,0,0.00305216
2023,21,2023-11-19,vegas,ALO,aston_martin,0,10,0,0.10539922,0.28289474,0.0,0.25695929,0.5,0.3778626,0.92857143,9,Finished,1,0,0.00873224
2023,21,2023-11-19,vegas,HAM,mercedes,0,11,0,0.082085,0.45394737,0.0,0.30293134,0.5,0.43129771,0.71428571,7,Finished,1,0,0.01023294
2023,21,2023-11-19,vegas,PER,red_bull,0,12,0,0.06392786,1.0,0.0,0.25258443,0.5,0.49236641,0.11111111,3,Finished,1,0,0.01589353
2023,21,2023-11-19,vegas,HUL,haas,0,13,0,0.04978707,0.0,0.0,0.09218341,0.5,0.01717557,0.5,19,Retired,0,0,0.00242219
2023,21,2023-11-19,vegas,STR,aston_martin,0,14,0,0.03877421,0.28289474,0.0,0.17717169,0.5,0.12022901,0.07142857,5,Finished,1,0,0.00340957
2023,21,2023-11-19,vegas,RIC,alphatauri,0,15,0,0.03019738,0.08552632,0.0,0.15090741,0.5,0.01145038,0.4,14,Finished,1,0,0.00259427
2023,21,2023-11-19,vegas,NOR,mclaren,0,16,0,0.02351775,0.76973684,0.0,0.71516825,0.5,0.3721374,0.76470588,20,Retired,0,0,0.02037932
2023,21,2023-11-19,vegas,OCO,alpine,0,17,0,0.01831564,0.16447368,0.0,0.1667377,0.5,0.08778626,0.61538462,4,Finished,1,0,0.00336064
2023,21,2023-11-19,vegas,ZHO,alfa,0,18,0,0.01426423,0.03947368,0.0,0.0915212,0.5,0.01145038,0.33333333,15,Finished,1,0,0.00208205
2023,21,2023-11-19,vegas,PIA,mclaren,0,19,0,0.011109,0.76973684,0.0,0.36198427,0.5,0.16603053,0.23529412,10,Finished,1,0,0.0087294
2023,21,2023-11-19,vegas,TSU,alphatauri,0,20,0,0.0086517,0.08552632,0.0,0.14618197,0.5,0.02480916,0.625,18,Retired,0,0,0.00270528
2023,22,2023-11-26,yas_marina,VER,red_bull,0,1,3,1.0,1.0,0.0,1.0,1.0,1.0,0.89473684,1,Finished,1,1,0.90843886
2023,22,2023-11-26,yas_marina,LEC,ferrari,0,2,3,0.77880078,0.51807229,0.0,0.38767595,0.44536316,0.3424408,0.64285714,2,Finished,1,0,0.03650066
2023,22,2023-11-26,yas_marina,PIA,mclaren,0,3,0,0.60653066,0.51807229,0.0,0.26098004,0.5,0.16211293,0.23529412,6,Finished,1,0,0.01303098
2023,22,2023-11-26,yas_marina,RUS,mercedes,0,4,3,0.47236655,0.37951807,0.0,0.3225234,0.21806091,0.29143898,0.26666667,3,Finished,1,0,0.0064405
2023,22,2023-11-26,yas_marina,NOR,mclaren,0,5,3,0.36787944,0.51807229,0.0,0.5514221,0.36517267,0.35519126,0.76470588,5,Finished,1,0,0.01065571
2023,22,2023-11-26,yas_marina,TSU,alphatauri,0,6,2,0.2865048,0.07831325,0.0,0.12402134,0.37363366,0.02367942,0.625,8,Finished,1,0,0.00191732
2023,22,2023-11-26,yas_marina,ALO,aston_martin,0,7,2,0.22313016,0.30722892,0.0,0.2480192,0.24100095,0.36429872,0.86666667,7,Finished,1,0,0.00327868
2023,22,2023-11-26,yas_marina,HUL,haas,0,8,0,0.17377394,0.0,0.0,0.07732869,0.5,0.01639344,0.5,15,Finished,1,0,0.0011374
2023,22,2023-11-26,yas_marina,PER,red_bull,0,9,3,0.13533528,1.0,0.0,0.38664844,0.30469093,0.49726776,0.10526316,4,Finished,1,0,0.00628346
2023,22,2023-11-26,yas_marina,GAS,alpine,0,10,3,0.10539922,0.20481928,0.0,0.21010948,0.23277379,0.1129326,0.35714286,13,Finished,1,0,0.00114413
2023,22,2023-11-26,yas_marina,HAM,mercedes,0,11,3,0.082085,0.37951807,0.0,0.27330439,0.4128507,0.42258652,0.73333333,9,Finished,1,0,0.00258905
2023,22,2023-11-26,yas_marina,OCO,alpine,0,12,3,0.06392786,0.20481928,0.0,0.23612072,0.24703183,0.10564663,0.64285714,12,Finished,1,0,0.00118061
2023,22,2023-11-26,yas_marina,STR,aston_martin,0,13,3,0.04978707,0.30722892,0.0,0.26703748,0.17852226,0.13296903,0.13333333,10,Finished,1,0,0.00101901
2023,22,2023-11-26,yas_marina,ALB,williams,0,14,2,0.03877421,0.03012048,0.0,0.12106283,0.3565741,0.04918033,1.0,14,Finished,1,0,0.00091804
2023,22,2023-11-26,yas_marina,RIC,alphatauri,0,15,3,0.03019738,0.07831325,0.0,0.13174895,0.19547992,0.01092896,0.4,11,Finished,1,0,0.00061599
2023,22,2023-11-26,yas_marina,SAI,ferrari,0,16,3,0.02351775,0.51807229,0.0,0.39097811,0.54635245,0.36429872,0.35714286,18,Retired,0,0,0.00260019
2023,22,2023-11-26,yas_marina,MAG,haas,0,17,2,0.01831564,0.0,0.0,0.04785302,0.19951781,0.00546448,0.5,20,Lapped,1,0,0.0005047
2023,22,2023-11-26,yas_marina,BOT,alfa,0,18,3,0.01426423,0.03614458,0.0,0.09179448,0.33076866,0.01821494,0.625,19,Lapped,1,0,0.00065577
2023,22,2023-11-26,yas_marina,ZHO,alfa,0,19,1,0.011109,0.03614458,0.0,0.08553962,0.34432126,0.01092896,0.375,17,Finished,1,0,0.00057255
2023,22,2023-11-26,yas_marina,SAR,williams,0,20,0,0.0086517,0.03012048,0.0,0.07008425,0.5,0.00182149,0.0,16,Finished,1,0,0.0005164
2024,1,2024-03-02,bahrain,VER,red_bull,0,1,3,1.0,0.0,0.0,1.0,0.99352325,0.0,0.5,1,Finished,1,1,0.45661572
2024,1,2024-03-02,bahrain,LEC,ferrari,0,2,3,0.77880078,0.0,0.0,1.0,0.62312774,0.0,0.5,4,Finished,1,0,0.15923051
2024,1,2024-03-02,bahrain,RUS,mercedes,0,3,3,0.60653066,0.0,0.0,1.0,0.50932122,0.0,0.5,5,Finished,1,0,0.08043093
2024,1,2024-03-02,bahrain,SAI,ferrari,0,4,3,0.47236655,0.0,0.0,1.0,0.87781116,0.0,0.5,3,Finished,1,0,0.06772097
2024,1,2024-03-02,bahrain,PER,red_bull,0,5,3,0.36787944,0.0,0.0,1.0,0.7355349,0.0,0.5,2,Finished,1,0,0.04224542
2024,1,2024-03-02,bahrain,ALO,aston_martin,0,6,3,0.2865048,0.0,0.0,1.0,0.57216587,0.0,0.5,9,Finished,1,0,0.02806708
2024,1,2024-03-02,bahrain,NOR,mclaren,0,7,3,0.22313016,0.0,0.0,1.0,0.25218308,0.0,0.5,6,Finished,1,0,0.0175385
2024,1,2024-03-02,bahrain,PIA,mclaren,0,8,1,0.17377394,0.0,0.0,1.0,0.3,0.0,0.5,8,Finished,1,0,0.01536426
2024,1,2024-03-02,bahrain,HAM,mercedes,0,9,3,0.13533528,0.0,0.0,1.0,1.0,0.0,0.5,7,Finished,1,0,0.02335339
2024,1,2024-03-02,bahrain,HUL,haas,0,10,2,0.10539922,0.0,0.0,1.0,0.22797915,0.0,0.5,16,Lapped,1,0,0.01147118
2024,1,2024-03-02,bahrain,TSU,rb,0,11,3,0.082085,0.0,0.0,1.0,0.28825248,0.0,0.5,14,Lapped,1,0,0.01110047
2024,1,2024-03-02,bahrain,STR,aston_martin,0,12,3,0.06392786,0.0,0.0,1.0,0.37227449,0.0,0.5,10,Finished,1,0,0.01114061
2024,1,2024-03-02,bahrain,ALB,williams,0,13,2,0.04978707,0.0,0.0,1.0,0.31067516,0.0,0.5,15,Lapped,1,0,0.01010869
2024,1,2024-03-02,bahrain,RIC,rb,0,14,2,0.03877421,0.0,0.0,1.0,0.34406483,0.0,0.5,13,Lapped,1,0,0.00999165
2024,1,2024-03-02,bahrain,MAG,haas,0,15,2,0.03019738,0.0,0.0,1.0,0.41530493,0.0,0.5,12,Lapped,1,0,0.01026043
2024,1,2024-03-02,bahrain,BOT,sauber,0,16,3,0.02351775,0.0,0.0,1.0,0.59163993,0.0,0.5,19,Lapped,1,0,0.01152032
2024,1,2024-03-02,bahrain,ZHO,sauber,0,17,2,0.01831564,0.0,0.0,1.0,0.27313633,0.0,0.5,11,Lapped,1,0,0.00880609
2024,1,2024-03-02,bahrain,SAR,williams,0,18,1,0.01426423,0.0,0.0,1.0,0.36873679,0.0,0.5,20,Lapped,1,0,0.00936288
2024,1,2024-03-02,bahrain,OCO,alpine,0,19,3,0.011109,0.0,0.0,1.0,0.180603,0.0,0.5,17,Lapped,1,0,0.00798665
2024,1,2024-03-02,bahrain,GAS,alpine,0,20,3,0.0086517,0.0,0.0,1.0,0.14232568,0.0,0.5,18,Lapped,1,0,0.00768425
2024,2,2024-03-09,jeddah,VER,red_bull,0,1,3,1.0,1.0,0.0,1.0,1.0,1.0,0.5,1,Finished,1,1,0.79291105
2024,2,2024-03-09,jeddah,LEC,ferrari,0,2,3,0.77880078,0.61363636,0.0,0.54881164,0.53156211,0.46153846,0.5,3,Finished,1,0,0.05431276
2024,2,2024-03-09,jeddah,PER,red_bull,0,3,3,0.60653066,1.0,0.0,0.81873075,0.71789374,0.69230769,0.5,2,Finished,1,0,0.11994674
2024,2,2024-03-09,jeddah,ALO,aston_martin,0,4,3,0.47236655,0.06818182,0.0,0.20189652,0.37118431,0.07692308,0.5,5,Finished,1,0,0.00376449
2024,2,2024-03-09,jeddah,PIA,mclaren,0,5,1,0.36787944,0.27272727,0.0,0.24659696,0.32775425,0.15384615,0.5,4,Finished,1,0,0.00417062
2024,2,2024-03-09,jeddah,NOR,mclaren,0,6,3,0.2865048,0.27272727,0.0,0.36787944,0.17335629,0.30769231,0.5,8,Finished,1,0,0.00378129
2024,2,2024-03-09,jeddah,RUS,mercedes,0,7,3,0.22313016,0.36363636,0.0,0.44932896,0.44776912,0.38461538,0.5,6,Finished,1,0,0.00540925
2024,2,2024-03-09,jeddah,HAM,mercedes,0,8,3,0.17377394,0.36363636,0.0,0.30119421,0.55237816,0.23076923,0.5,9,Finished,1,0,0.00375848
2024,2,2024-03-09,jeddah,TSU,rb,0,9,3,0.13533528,0.0,0.0,0.07427358,0.08945201,0.0,0.5,15,Lapped,1,0,0.00078404
2024,2,2024-03-09,jeddah,STR,aston_martin,0,10,3,0.10539922,0.06818182,0.0,0.16529889,0.06803095,0.03846154,0.5,19,Retired,0,0,0.00090535
2024,2,2024-03-09,jeddah,BEA,ferrari,0,11,0,0.082085,0.61363636,0.0,0.5,0.5,0.0,0.5,7,Finished,1,0,0.00425282
2024,2,2024-03-09,jeddah,ALB,williams,0,12,2,0.06392786,0.0,0.0,0.06081006,0.175,0.0,0.5,11,Finished,1,0,0.00067222
2024,2,2024-03-09,jeddah,MAG,haas,0,13,2,0.04978707,0.0,0.0,0.11080316,0.30877287,0.0,0.5,12,Finished,1,0,0.00076746
2024,2,2024-03-09,jeddah,RIC,rb,0,14,2,0.03877421,0.0,0.0,0.09071795,0.3122211,0.0,0.5,16,Lapped,1,0,0.00072752
2024,2,2024-03-09,jeddah,HUL,haas,0,15,2,0.03019738,0.0,0.0,0.04978707,0.25717874,0.0,0.5,10,Finished,1,0,0.00064442
2024,2,2024-03-09,jeddah,BOT,sauber,0,16,3,0.02351775,0.0,0.0,0.02732372,0.19113844,0.0,0.5,17,Lapped,1,0,0.00058118
2024,2,2024-03-09,jeddah,OCO,alpine,0,17,3,0.01831564,0.0,0.0,0.0407622,0.40377571,0.0,0.5,13,Lapped,1,0,0.00069834
2024,2,2024-03-09,jeddah,GAS,alpine,0,18,3,0.01426423,0.0,0.0,0.03337327,0.28964018,0.0,0.5,20,Retired,0,0,0.00061995
2024,2,2024-03-09,jeddah,SAR,williams,0,19,1,0.011109,0.0,0.0,0.02237077,0.32272326,0.0,0.5,14,Lapped,1,0,0.00062376
2024,2,2024-03-09,jeddah,ZHO,sauber,0,20,2,0.0086517,0.0,0.0,0.13533528,0.255908,0.0,0.5,18,Lapped,1,0,0.00066828
2024,3,2024-03-24,albert_park,VER,red_bull,0,1,3,1.0,1.0,0.0,1.0,0.82812728,1.0,0.5,19,Retired,0,0,0.79060795
2024,3,2024-03-24,albert_park,SAI,ferrari,0,2,3,0.77880078,0.56321839,0.0,0.67032005,0.06872518,0.29411765,0.5,1,Finished,1,1,0.04276403
2024,3,2024-03-24,albert_park,PER,red_bull,0,3,3,0.60653066,1.0,0.0,0.81873075,0.66229804,0.70588235,0.5,5,Finished,1,0,0.11665597
2024,3,2024-03-24,albert_park,NOR,mclaren,0,4,3,0.47236655,0.32183908,0.0,0.3072382,0.45762429,0.23529412,0.5,3,Finished,1,0,0.00912251
2024,3,2024-03-24,albert_park,LEC,ferrari,0,5,3,0.36787944,0.56321839,0.0,0.60956584,0.57351918,0.54901961,0.5,2,Finished,1,0,0.01768417
2024,3,2024-03-24,albert_park,PIA,mclaren,0,6,1,0.2865048,0.32183908,0.0,0.3977043,0.43459662,0.31372549,0.5,4,Finished,1,0,0.00554071
2024,3,2024-03-24,albert_park,RUS,mercedes,0,7,3,0.22313016,0.29885057,0.0,0.4086042,0.3064743,0.35294118,0.5,17,Retired,0,0,0.00406214
2024,3,2024-03-24,albert_park,TSU,rb,0,8,2,0.17377394,0.0,0.0,0.06754182,0.28345116,0.0,0.5,7,Finished,1,0,0.00113357
2024,3,2024-03-24,albert_park,STR,aston_martin,0,9,3,0.13533528,0.14942529,0.0,0.08264944,0.45111842,0.01960784,0.5,6,Finished,1,0,0.0014584
2024,3,2024-03-24,albert_park,ALO,aston_martin,0,10,2,0.10539922,0.14942529,0.0,0.32561274,0.53961714,0.23529412,0.5,8,Finished,1,0,0.00217433
2024,3,2024-03-24,albert_park,HAM,mercedes,0,11,3,0.082085,0.29885057,0.0,0.25154536,1.0,0.15686275,0.5,18,Retired,0,0,0.00311901
2024,3,2024-03-24,albert_park,ALB,williams,0,12,3,0.06392786,0.0,0.0,0.09807267,0.09480208,0.0,0.5,11,Lapped,1,0,0.00069181
2024,3,2024-03-24,albert_park,BOT,sauber,0,13,3,0.04978707,0.0,0.0,0.03404296,0.50112948,0.0,0.5,14,Lapped,1,0,0.00084656
2024,3,2024-03-24,albert_park,MAG,haas,0,14,3,0.03877421,0.01149425,0.0,0.11080316,0.14633533,0.0,0.5,10,Lapped,1,0,0.00068129
2024,3,2024-03-24,albert_park,OCO,alpine,0,15,2,0.03019738,0.0,0.0,0.06574008,0.28500072,0.0,0.5,16,Lapped,1,0,0.00069081
2024,3,2024-03-24,albert_park,HUL,haas,0,16,2,0.02351775,0.01149425,0.0,0.10754298,0.44214462,0.01960784,0.5,9,Finished,1,0,0.0008257
2024,3,2024-03-24,albert_park,GAS,alpine,0,17,3,0.01831564,0.0,0.0,0.01668663,0.12962838,0.0,0.5,13,Lapped,1,0,0.00055642
2024,3,2024-03-24,albert_park,RIC,rb,0,18,2,0.01426423,0.0,0.0,0.07025251,0.36693598,0.0,0.5,12,Lapped,1,0,0.00070091
2024,3,2024-03-24,albert_park,ZHO,sauber,0,19,2,0.011109,0.0,0.0,0.08435428,0.32976321,0.0,0.5,15,Lapped,1,0,0.0006837
2024,4,2024-04-07,suzuka,VER,red_bull,0,1,3,1.0,1.0,0.0,0.79825021,1.0,1.0,0.5,1,Finished,1,1,0.6594877
2024,4,2024-04-07,suzuka,PER,red_bull,0,2,3,0.77880078,1.0,0.0,0.83289047,0.40965295,0.90196078,0.5,2,Finished,1,0,0.18588447
2024,4,2024-04-07,suzuka,NOR,mclaren,0,3,3,0.60653066,0.56701031,0.0,0.51279452,0.58947507,0.52941176,0.66666667,5,Finished,1,0,0.0357441
2024,4,2024-04-07,suzuka,SAI,ferrari,0,4,3,0.47236655,0.95876289,0.0,1.0,0.34855525,0.78431373,0.5,3,Finished,1,0,0.0633684
2024,4,2024-04-07,suzuka,ALO,aston_martin,0,5,2,0.36787944,0.25773196,0.0,0.35834348,0.40134224,0.31372549,0.5,6,Finished,1,0,0.00564477
2024,4,2024-04-07,suzuka,PIA,mclaren,0,6,1,0.2865048,0.56701031,0.0,0.53651205,0.6469892,0.54901961,0.33333333,8,Finished,1,0,0.01098447
2024,4,2024-04-07,suzuka,HAM,mercedes,0,7,3,0.22313016,0.26804124,0.0,0.20079614,0.64648192,0.15686275,0.5,9,Finished,1,0,0.00314664
2024,4,2024-04-07,suzuka,LEC,ferrari,0,8,3,0.17377394,0.95876289,0.0,0.81336206,0.70704435,0.92156863,0.33333333,4,Finished,1,0,0.02519774
2024,4,2024-04-07,suzuka,RUS,mercedes,0,9,3,0.13533528,0.26804124,0.0,0.32616839,0.29335625,0.35294118,0.5,7,Finished,1,0,0.00235376
2024,4,2024-04-07,suzuka,TSU,rb,0,10,2,0.10539922,0.06185567,0.0,0.17412944,0.26124816,0.11764706,0.66666667,10,Lapped,1,0,0.00116818
2024,4,2024-04-07,suzuka,RIC,rb,0,11,2,0.082085,0.06185567,0.0,0.1003034,0.24196521,0.0,0.33333333,19,Retired,0,0,0.00075837
2024,4,2024-04-07,suzuka,HUL,haas,0,12,2,0.06392786,0.04123711,0.0,0.16642817,0.21175129,0.05882353,0.66666667,11,Lapped,1,0,0.00089454
2024,4,2024-04-07,suzuka,BOT,sauber,0,13,3,0.04978707,0.0,0.0,0.05681925,0.31915708,0.0,0.66666667,14,Lapped,1,0,0.00073976
2024,4,2024-04-07,suzuka,ALB,williams,0,14,3,0.03877421,0.0,0.0,0.13230224,0.16141519,0.0,0.5,20,Retired,0,0,0.00062886
2024,4,2024-04-07,suzuka,OCO,alpine,0,15,2,0.03019738,0.0,0.0,0.0723483,0.46499047,0.0,0.5,15,Lapped,1,0,0.00072667
2024,4,2024-04-07,suzuka,STR,aston_martin,0,16,3,0.02351775,0.25773196,0.0,0.21280486,0.10500616,0.17647059,0.5,12,Lapped,1,0,0.00104679
2024,4,2024-04-07,suzuka,GAS,alpine,0,17,3,0.01831564,0.0,0.0,0.04952792,0.19956311,0.0,0.5,16,Lapped,1,0,0.00055218
2024,4,2024-04-07,suzuka,MAG,haas,0,18,3,0.01426423,0.04123711,0.0,0.15442358,0.08423918,0.01960784,0.33333333,13,Lapped,1,0,0.0005539
2024,4,2024-04-07,suzuka,SAR,williams,0,19,1,0.011109,0.0,0.0,0.05785978,0.3,0.0,0.5,17,Lapped,1,0,0.00058825
2024,4,2024-04-07,suzuka,ZHO,sauber,0,20,2,0.0086517,0.0,0.0,0.09160664,0.23713271,0.0,0.33333333,18,Retired,0,0,0.00053044
2024,5,2024-04-21,shanghai,VER,red_bull,1,1,3,1.0,1.0,1.0,0.96127551,0.63609075,1.0,1.0,1,Finished,1,1,0.81025562
2024,5,2024-04-21,shanghai,PER,red_bull,1,2,3,0.77880078,1.0,0.56471812,0.93100213,0.22562075,0.83116883,0.0,3,Finished,1,0,0.10958059
2024,5,2024-04-21,shanghai,ALO,aston_martin,1,3,2,0.60653066,0.23404255,0.0,0.40556274,0.30946649,0.31168831,0.66666667,7,Finished,1,0,0.00784897
2024,5,2024-04-21,shanghai,NOR,mclaren,1,4,1,0.47236655,0.4893617,0.23965104,0.55565743,0.3,0.48051948,0.75,2,Finished,1,0,0.01266903
2024,5,2024-04-21,shanghai,PIA,mclaren,1,5,0,0.36787944,0.4893617,0.18009231,0.50973787,0.5,0.41558442,0.25,8,Finished,1,0,0.00735213
2024,5,2024-04-21,shanghai,LEC,ferrari,1,6,2,0.2865048,0.85106383,0.42437285,0.82883548,0.3841394,0.76623377,0.25,4,Finished,1,0,0.0190846
2024,5,2024-04-21,shanghai,SAI,ferrari,1,7,3,0.22313016,0.85106383,0.31890656,1.0,0.1943554,0.71428571,1.0,5,Finished,1,0,0.01926482
2024,5,2024-04-21,shanghai,RUS,mercedes,1,8,1,0.17377394,0.24113475,0.13533528,0.35836435,0.32325303,0.31168831,1.0,6,Finished,1,0,0.00280392
2024,5,2024-04-21,shanghai,HUL,haas,1,9,3,0.13533528,0.02836879,0.00584098,0.17697651,0.1660771,0.03896104,0.75,10,Finished,1,0,0.00092882
2024,5,2024-04-21,shanghai,BOT,sauber,1,10,3,0.10539922,0.0,0.04315931,0.06941469,0.83632769,0.0,0.66666667,20,Retired,0,0,0.0011468
2024,5,2024-04-21,shanghai,STR,aston_martin,1,11,3,0.082085,0.23404255,0.02437284,0.20634788,0.08640135,0.11688312,0.33333333,15,Finished,1,0,0.00090434
2024,5,2024-04-21,shanghai,RIC,rb,1,12,3,0.06392786,0.04964539,0.05743262,0.08052547,0.67700966,0.0,0.33333333,18,Retired,0,0,0.00086156
2024,5,2024-04-21,shanghai,OCO,alpine,1,13,2,0.04978707,0.0,0.03243324,0.07756766,0.28707743,0.0,0.66666667,11,Finished,1,0,0.00066356
2024,5,2024-04-21,shanghai,ALB,williams,1,14,1,0.03877421,0.0,0.01034317,0.10621474,0.37720278,0.0,0.5,12,Finished,1,0,0.0006374
2024,5,2024-04-21,shanghai,GAS,alpine,1,15,2,0.03019738,0.0,0.01831564,0.05571498,0.34966726,0.0,0.33333333,13,Finished,1,0,0.0005461
2024,5,2024-04-21,shanghai,ZHO,sauber,1,16,0,0.02351775,0.0,0.10170139,0.07354354,0.5,0.0,0.33333333,14,Finished,1,0,0.00066206
2024,5,2024-04-21,shanghai,MAG,haas,1,17,3,0.01831564,0.02836879,0.07642629,0.15304248,0.174998,0.01298701,0.25,16,Finished,1,0,0.000552
2024,5,2024-04-21,shanghai,HAM,mercedes,1,18,3,0.01426423,0.24113475,0.75147729,0.22589566,1.0,0.12987013,0.0,9,Finished,1,0,0.00278699
2024,5,2024-04-21,shanghai,TSU,rb,1,19,0,0.011109,0.04964539,0.01376379,0.19276033,0.5,0.09090909,0.66666667,19,Retired,0,0,0.00084665
2024,5,2024-04-21,shanghai,SAR,williams,1,20,0,0.0086517,0.0,0.00777266,0.05870469,0.5,0.0,0.5,17,Finished,1,0,0.00060404
2024,6,2024-05-05,miami,VER,red_bull,1,1,2,1.0,1.0,1.0,1.0,0.825,1.0,1.0,2,Finished,1,0,0.79288945
2024,6,2024-05-05,miami,LEC,ferrari,1,2,2,0.77880078,0.78453039,0.75147729,0.78387143,0.50929337,0.69090909,0.4,3,Finished,1,0,0.09665808
2024,6,2024-05-05,miami,SAI,ferrari,1,3,2,0.60653066,0.78453039,0.31890656,0.87186533,0.52621144,0.62727273,0.75,5,Finished,1,0,0.04356278
2024,6,2024-05-05,miami,PER,red_bull,1,4,2,0.47236655,1.0,0.56471812,0.89396032,0.63493193,0.77272727,0.0,4,Finished,1,0,0.04453688
2024,6,2024-05-05,miami,NOR,mclaren,1,5,2,0.36787944,0.50276243,0.0,0.63821404,0.19058555,0.52727273,0.8,1,Finished,1,1,0.00632963
2024,6,2024-05-05,miami,PIA,mclaren,1,6,1,0.2865048,0.50276243,0.23965104,0.45935354,0.31092949,0.34545455,0.2,13,Finished,1,0,0.00405816
2024,6,2024-05-05,miami,RUS,mercedes,1,7,2,0.22313016,0.24309392,0.04315931,0.37157051,0.50510132,0.3,1.0,8,Finished,1,0,0.00277403
2024,6,2024-05-05,miami,HAM,mercedes,1,8,2,0.17377394,0.24309392,0.01376379,0.22672094,0.41412164,0.17272727,0.0,6,Finished,1,0,0.00113394
2024,6,2024-05-05,miami,HUL,haas,1,9,1,0.13533528,0.02762431,0.18009231,0.17940416,0.32432403,0.03636364,0.8,11,Finished,1,0,0.00106388
2024,6,2024-05-05,miami,TSU,rb,1,10,2,0.10539922,0.03867403,0.13533528,0.15039419,0.25640198,0.06363636,0.66666667,7,Finished,1,0,0.00083891
2024,6,2024-05-05,miami,STR,aston_martin,1,11,2,0.082085,0.22099448,0.0,0.17619789,0.26160767,0.08181818,0.25,17,Finished,1,0,0.00074078
2024,6,2024-05-05,miami,GAS,alpine,1,12,2,0.06392786,0.0,0.10170139,0.06614906,0.26928707,0.0,0.25,12,Finished,1,0,0.00050687
2024,6,2024-05-05,miami,OCO,alpine,1,13,2,0.04978707,0.0,0.01831564,0.09435314,0.31819668,0.0,0.75,10,Finished,1,0,0.00058241
2024,6,2024-05-05,miami,ALB,williams,1,14,2,0.03877421,0.0,0.03243324,0.11057095,0.25743573,0.0,1.0,18,Finished,1,0,0.00062053
2024,6,2024-05-05,miami,ALO,aston_martin,1,15,2,0.03019738,0.22099448,0.01034317,0.39172402,0.46752093,0.28181818,0.75,9,Finished,1,0,0.00128534
2024,6,2024-05-05,miami,BOT,sauber,1,16,2,0.02351775,0.0,0.02437284,0.05415827,0.29030002,0.0,0.66666667,16,Finished,1,0,0.00049402
2024,6,2024-05-05,miami,SAR,williams,1,17,1,0.01831564,0.0,0.07642629,0.05567774,0.30894831,0.0,0.0,20,Retired,0,0,0.00039297
2024,6,2024-05-05,miami,RIC,rb,1,18,1,0.01426423,0.03867403,0.42437285,0.06282705,0.33628718,0.0,0.33333333,15,Finished,1,0,0.00071101
2024,6,2024-05-05,miami,MAG,haas,1,19,2,0.011109,0.02762431,0.00777266,0.13185256,0.23820252,0.00909091,0.2,19,Finished,1,0,0.00041419
2024,6,2024-05-05,miami,ZHO,sauber,1,20,2,0.0086517,0.0,0.05743262,0.07594805,0.19403623,0.0,0.33333333,14,Finished,1,0,0.00040615
2024,7,2024-05-19,imola,VER,red_bull,0,1,3,1.0,1.0,0.0,1.0,1.0,1.0,1.0,1,Finished,1,1,0.83493027
2024,7,2024-05-19,imola,PIA,mclaren,0,2,0,0.77880078,0.62275449,0.0,0.44033876,0.5,0.30147059,0.16666667,4,Finished,1,0,0.03573503
2024,7,2024-05-19,imola,NOR,mclaren,0,3,3,0.60653066,0.62275449,0.0,0.83404066,0.74284856,0.61029412,0.83333333,2,Finished,1,0,0.05359303
2024,7,2024-05-19,imola,LEC,ferrari,0,4,3,0.47236655,0.83832335,0.0,0.85289965,0.57453651,0.72058824,0.5,3,Finished,1,0,0.03563898
2024,7,2024-05-19,imola,SAI,ferrari,0,5,3,0.36787944,0.83832335,0.0,0.84091356,0.27360434,0.61029412,0.6,5,Finished,1,0,0.01823528
2024,7,2024-05-19,imola,RUS,mercedes,0,6,3,0.2865048,0.23952096,0.0,0.33611955,0.32283037,0.27205882,0.8,7,Finished,1,0,0.00321699
2024,7,2024-05-19,imola,TSU,rb,0,7,2,0.22313016,0.07784431,0.0,0.21695622,0.36241235,0.10294118,0.75,10,Lapped,1,0,0.00160242
2024,7,2024-05-19,imola,HAM,mercedes,0,8,3,0.17377394,0.23952096,0.0,0.2549457,0.68460558,0.19852941,0.2,6,Finished,1,0,0.00179571
2024,7,2024-05-19,imola,RIC,rb,0,9,3,0.13533528,0.07784431,0.0,0.05797745,0.36826406,0.03676471,0.25,13,Lapped,1,0,0.00074454
2024,7,2024-05-19,imola,HUL,haas,0,10,0,0.10539922,0.02994012,0.0,0.21032246,0.5,0.04411765,0.83333333,11,Lapped,1,0,0.00103413
2024,7,2024-05-19,imola,PER,red_bull,0,11,3,0.082085,1.0,0.0,0.86571229,0.64553245,0.75735294,0.0,8,Finished,1,0,0.00840592
2024,7,2024-05-19,imola,OCO,alpine,0,12,3,0.06392786,0.00598802,0.0,0.131444,0.1268242,0.00735294,0.8,14,Lapped,1,0,0.000579
2024,7,2024-05-19,imola,STR,aston_martin,0,13,3,0.04978707,0.23353293,0.0,0.15194967,0.22545632,0.06617647,0.2,9,Finished,1,0,0.00064914
2024,7,2024-05-19,imola,ALB,williams,0,14,2,0.03877421,0.0,0.0,0.10863479,0.2630278,0.0,1.0,20,Retired,0,0,0.00061029
2024,7,2024-05-19,imola,GAS,alpine,0,15,3,0.03019738,0.00598802,0.0,0.0895654,0.18919947,0.0,0.2,16,Lapped,1,0,0.00038735
2024,7,2024-05-19,imola,BOT,sauber,0,16,3,0.02351775,0.0,0.0,0.06261149,0.50511432,0.0,0.5,18,Lapped,1,0,0.0005225
2024,7,2024-05-19,imola,ZHO,sauber,0,17,1,0.01831564,0.0,0.0,0.06356313,0.33147815,0.0,0.5,15,Lapped,1,0,0.00045261
2024,7,2024-05-19,imola,MAG,haas,0,18,2,0.01426423,0.02994012,0.0,0.11625087,0.27490035,0.00735294,0.16666667,12,Lapped,1,0,0.00040624
2024,7,2024-05-19,imola,ALO,aston_martin,0,19,2,0.011109,0.23353293,0.0,0.41031856,0.23225404,0.24264706,0.8,19,Lapped,1,0,0.00107223
2024,7,2024-05-19,imola,SAR,williams,0,20,0,0.0086517,0.0,0.0,0.05099796,0.5,0.0,0.0,17,Lapped,1,0,0.00038835
2024,8,2024-05-26,monaco,LEC,ferrari,0,1,3,1.0,0.93464052,0.0,0.85289965,0.38190047,0.70186335,0.57142857,1,Finished,1,1,0.57781667
2024,8,2024-05-26,monaco,PIA,mclaren,0,2,1,0.77880078,0.77124183,0.0,0.44033876,0.37386819,0.32919255,0.14285714,2,Finished,1,0,0.08186489
2024,8,2024-05-26,monaco,SAI,ferrari,0,3,3,0.60653066,0.93464052,0.0,0.79039533,0.62414121,0.57763975,0.5,3,Finished,1,0,0.12277166
2024,8,2024-05-26,monaco,NOR,mclaren,0,4,3,0.47236655,0.77124183,0.0,0.98386369,0.40349505,0.62732919,0.85714286,4,Finished,1,0,0.07324081
2024,8,2024-05-26,monaco,RUS,mercedes,0,5,3,0.36787944,0.29411765,0.0,0.31865688,0.40675719,0.27329193,0.66666667,5,Finished,1,0,0.00953654
2024,8,2024-05-26,monaco,VER,red_bull,0,6,3,0.2865048,1.0,0.0,1.0,1.0,1.0,1.0,6,Finished,1,0,0.10414336
2024,8,2024-05-26,monaco,HAM,mercedes,0,7,3,0.22313016,0.29411765,0.0,0.29841117,0.44282753,0.2173913,0.33333333,7,Finished,1,0,0.00450668
2024,8,2024-05-26,monaco,TSU,rb,0,8,3,0.17377394,0.09150327,0.0,0.2443184,0.05801125,0.0931677,0.8,8,Lapped,1,0,0.00229819
2024,8,2024-05-26,monaco,ALB,williams,0,9,2,0.13533528,0.0,0.0,0.07319493,0.2067268,0.0,1.0,9,Lapped,1,0,0.00168178
2024,8,2024-05-26,monaco,GAS,alpine,0,10,3,0.10539922,0.00653595,0.0,0.10260299,0.29446555,0.0,0.16666667,10,Lapped,1,0,0.0011396
2024,8,2024-05-26,monaco,OCO,alpine,0,11,3,0.082085,0.00653595,0.0,0.12713776,0.43104822,0.00621118,0.83333333,17,Retired,0,0,0.00158979
2024,8,2024-05-26,monaco,RIC,rb,0,12,2,0.06392786,0.09150327,0.0,0.06869591,0.24688279,0.0310559,0.2,12,Lapped,1,0,0.00105341
2024,8,2024-05-26,monaco,STR,aston_martin,0,13,3,0.04978707,0.20261438,0.0,0.20481973,0.08901475,0.06832298,0.33333333,14,Lapped,1,0,0.00128769
2024,8,2024-05-26,monaco,ALO,aston_martin,0,14,3,0.03877421,0.20261438,0.0,0.29980926,0.54586256,0.20496894,0.66666667,11,Lapped,1,0,0.00240246
2024,8,2024-05-26,monaco,HUL,haas,0,14,1,0.03877421,0.02614379,0.0,0.20247598,0.31821567,0.03726708,0.85714286,19,Retired,0,0,0.00141428
2024,8,2024-05-26,monaco,SAR,williams,0,15,1,0.03019738,0.0,0.0,0.04002855,0.31491373,0.0,0.0,15,Lapped,1,0,0.00074543
2024,8,2024-05-26,monaco,MAG,haas,0,15,2,0.03019738,0.02614379,0.0,0.11625087,0.175,0.00621118,0.14285714,20,Retired,0,0,0.00080609
2024,8,2024-05-26,monaco,PER,red_bull,0,16,3,0.02351775,1.0,0.0,0.71588927,0.52009973,0.66459627,0.0,18,Retired,0,0,0.01004684
2024,8,2024-05-26,monaco,BOT,sauber,0,17,3,0.01831564,0.0,0.0,0.06067657,0.14049333,0.0,0.4,13,Lapped,1,0,0.00076648
2024,8,2024-05-26,monaco,ZHO,sauber,0,18,2,0.01426423,0.0,0.0,0.07074793,0.22863819,0.0,0.6,16,Lapped,1,0,0.00088737
2024,9,2024-06-09,villeneuve,RUS,mercedes,0,1,3,1.0,0.41059603,0.0,0.39798159,0.21253662,0.31952663,0.71428571,3,Finished,1,0,0.09207935
2024,9,2024-06-09,villeneuve,VER,red_bull,0,2,3,0.77880078,1.0,0.0,1.0,1.0,1.0,1.0,1,Finished,1,1,0.719646
2024,9,2024-06-09,villeneuve,NOR,mclaren,0,3,3,0.60653066,0.8013245,0.0,0.86838801,0.06925103,0.66863905,0.75,2,Finished,1,0,0.08418484
2024,9,2024-06-09,villeneuve,PIA,mclaren,0,4,1,0.47236655,0.8013245,0.0,0.46611798,0.36187834,0.42011834,0.25,5,Finished,1,0,0.02777532
2024,9,2024-06-09,villeneuve,RIC,rb,0,5,2,0.36787944,0.0794702,0.0,0.06265957,0.34669586,0.0295858,0.16666667,8,Finished,1,0,0.00300878
2024,9,2024-06-09,villeneuve,ALO,aston_martin,0,6,2,0.2865048,0.12582781,0.0,0.24688928,0.59459441,0.19526627,0.71428571,6,Finished,1,0,0.00538798
2024,9,2024-06-09,villeneuve,HAM,mercedes,0,7,3,0.22313016,0.41059603,0.0,0.3441319,0.85185968,0.24852071,0.28571429,4,Finished,1,0,0.00757687
2024,9,2024-06-09,villeneuve,TSU,rb,0,8,2,0.17377394,0.0794702,0.0,0.20980911,0.20746134,0.11242604,0.83333333,14,Finished,1,0,0.00240102
2024,9,2024-06-09,villeneuve,STR,aston_martin,0,9,3,0.13533528,0.12582781,0.0,0.11669238,0.21746855,0.06508876,0.28571429,7,Finished,1,0,0.00151027
2024,9,2024-06-09,villeneuve,ALB,williams,0,10,3,0.10539922,0.01324503,0.0,0.08266185,0.1894859,0.01183432,1.0,17,Retired,0,0,0.00148239
2024,9,2024-06-09,villeneuve,LEC,ferrari,0,11,3,0.082085,0.9205298,0.0,0.82125233,0.62270694,0.81656805,0.625,19,Retired,0,0,0.0255916
2024,9,2024-06-09,villeneuve,SAI,ferrari,0,12,3,0.06392786,0.9205298,0.0,0.64219664,0.56638866,0.63905325,0.42857143,16,Retired,0,0,0.01495659
2024,9,2024-06-09,villeneuve,SAR,williams,0,13,1,0.04978707,0.01324503,0.0,0.04373387,0.3,0.0,0.0,20,Retired,0,0,0.00077539
2024,9,2024-06-09,villeneuve,MAG,haas,0,14,3,0.03877421,0.00662252,0.0,0.0665531,0.0465935,0.00591716,0.14285714,12,Finished,1,0,0.00066902
2024,9,2024-06-09,villeneuve,GAS,alpine,0,15,3,0.03019738,0.01324503,0.0,0.11140138,0.14864572,0.00591716,0.16666667,9,Finished,1,0,0.00075495
2024,9,2024-06-09,villeneuve,PER,red_bull,0,16,3,0.02351775,1.0,0.0,0.54565849,0.21992458,0.63313609,0.0,18,Retired,0,0,0.00808874
2024,9,2024-06-09,villeneuve,BOT,sauber,0,17,3,0.01831564,0.0,0.0,0.05927274,0.33800211,0.0,0.5,13,Finished,1,0,0.00091432
2024,9,2024-06-09,villeneuve,OCO,alpine,0,18,2,0.01426423,0.01324503,0.0,0.10407413,0.39532289,0.00591716,0.83333333,10,Finished,1,0,0.00119521
2024,9,2024-06-09,villeneuve,HUL,haas,0,19,2,0.011109,0.00662252,0.0,0.13645998,0.29372315,0.03550296,0.85714286,11,Finished,1,0,0.00115923
2024,9,2024-06-09,villeneuve,ZHO,sauber,0,20,2,0.0086517,0.0,0.0,0.06189836,0.2722023,0.0,0.5,15,Lapped,1,0,0.00084213
2024,10,2024-06-23,catalunya,NOR,mclaren,0,1,3,1.0,1.0,0.0,0.95662211,0.15961131,0.67525773,0.77777778,2,Finished,1,0,0.37986674
2024,10,2024-06-23,catalunya,VER,red_bull,0,2,3,0.77880078,0.97777778,0.0,1.0,1.0,1.0,1.0,1,Finished,1,1,0.50205745
2024,10,2024-06-23,catalunya,HAM,mercedes,0,3,3,0.60653066,0.60740741,0.0,0.42699491,0.77429024,0.28350515,0.25,3,Finished,1,0,0.02843277
2024,10,2024-06-23,catalunya,RUS,mercedes,0,4,3,0.47236655,0.60740741,0.0,0.48614978,0.55783644,0.3556701,0.75,4,Finished,1,0,0.02179978
2024,10,2024-06-23,catalunya,LEC,ferrari,0,5,3,0.36787944,0.82962963,0.0,0.69016498,0.19424852,0.71134021,0.625,5,Finished,1,0,0.02460997
2024,10,2024-06-23,catalunya,SAI,ferrari,0,6,3,0.2865048,0.82962963,0.0,0.48208619,0.46653568,0.55670103,0.42857143,6,Finished,1,0,0.01478469
2024,10,2024-06-23,catalunya,GAS,alpine,0,7,3,0.22313016,0.03703704,0.0,0.14773374,0.14765147,0.01546392,0.28571429,9,Finished,1,0,0.00121645
2024,10,2024-06-23,catalunya,PER,red_bull,0,8,3,0.17377394,0.97777778,0.0,0.35009914,0.6383852,0.55154639,0.0,8,Finished,1,0,0.00998893
2024,10,2024-06-23,catalunya,OCO,alpine,0,9,3,0.13533528,0.03703704,0.0,0.12903199,0.26471524,0.01030928,0.71428571,10,Finished,1,0,0.00118801
2024,10,2024-06-23,catalunya,PIA,mclaren,0,10,1,0.10539922,1.0,0.0,0.51454188,0.33784636,0.41752577,0.22222222,7,Finished,1,0,0.00772151
2024,10,2024-06-23,catalunya,ALO,aston_martin,0,11,3,0.082085,0.18518519,0.0,0.24688928,0.21945125,0.21134021,0.75,12,Lapped,1,0,0.00160857
2024,10,2024-06-23,catalunya,BOT,sauber,0,12,3,0.06392786,0.0,0.0,0.06320059,0.29392696,0.0,0.57142857,16,Lapped,1,0,0.0007749
2024,10,2024-06-23,catalunya,HUL,haas,0,13,1,0.04978707,0.00740741,0.0,0.13645998,0.32536917,0.03092784,0.875,11,Finished,1,0,0.0009851
2024,10,2024-06-23,catalunya,STR,aston_martin,0,14,3,0.03877421,0.18518519,0.0,0.16216857,0.22666255,0.08762887,0.25,14,Lapped,1,0,0.00090187
2024,10,2024-06-23,catalunya,ZHO,sauber,0,15,2,0.03019738,0.0,0.0,0.07642325,0.25551265,0.0,0.42857143,13,Lapped,1,0,0.00063292
2024,10,2024-06-23,catalunya,MAG,haas,0,16,2,0.02351775,0.00740741,0.0,0.07135059,0.19968731,0.00515464,0.125,17,Lapped,1,0,0.00051466
2024,10,2024-06-23,catalunya,TSU,rb,0,17,3,0.01831564,0.11111111,0.0,0.1880671,0.10738414,0.09793814,0.71428571,19,Lapped,1,0,0.00089369
2024,10,2024-06-23,catalunya,RIC,rb,0,18,2,0.01426423,0.11111111,0.0,0.12156091,0.32187881,0.04639175,0.28571429,15,Lapped,1,0,0.00075507
2024,10,2024-06-23,catalunya,ALB,williams,0,19,2,0.011109,0.01481481,0.0,0.08266185,0.20417023,0.01030928,1.0,18,Lapped,1,0,0.00078218
2024,10,2024-06-23,catalunya,SAR,williams,0,20,1,0.0086517,0.01481481,0.0,0.03399755,0.3093328,0.0,0.0,20,Lapped,1,0,0.00048472
2024,12,2024-07-07,silverstone,RUS,mercedes,0,1,3,1.0,0.94656489,0.0,0.77796508,0.30784811,0.46835443,0.7,19,Retired,0,0,0.36824902
2024,12,2024-07-07,silverstone,HAM,mercedes,0,2,3,0.77880078,0.94656489,0.0,0.63842911,1.0,0.35864979,0.3,1,Finished,1,1,0.19201123
2024,12,2024-07-07,silverstone,NOR,mclaren,0,3,3,0.60653066,1.0,0.0,0.79308603,0.82379742,0.65822785,0.72727273,3,Finished,1,0,0.18453919
2024,12,2024-07-07,silverstone,VER,red_bull,0,4,3,0.47236655,0.81679389,0.0,1.0,0.73851991,1.0,1.0,2,Finished,1,0,0.155311
2024,12,2024-07-07,silverstone,PIA,mclaren,0,5,1,0.36787944,1.0,0.0,0.76935708,0.59456618,0.47257384,0.27272727,4,Finished,1,0,0.04559924
2024,12,2024-07-07,silverstone,HUL,haas,0,6,1,0.2865048,0.09160305,0.0,0.20273593,0.34869146,0.05907173,0.9,6,Finished,1,0,0.00395448
2024,12,2024-07-07,silverstone,SAI,ferrari,0,7,3,0.22313016,0.7480916,0.0,0.56529491,0.63995755,0.56962025,0.44444444,5,Finished,1,0,0.01863804
2024,12,2024-07-07,silverstone,STR,aston_martin,0,8,3,0.17377394,0.1221374,0.0,0.19447611,0.17828539,0.07172996,0.3,7,Finished,1,0,0.0018281
2024,12,2024-07-07,silverstone,ALB,williams,0,9,2,0.13533528,0.01526718,0.0,0.0775645,0.30151783,0.00843882,1.0,9,Finished,1,0,0.00178281
2024,12,2024-07-07,silverstone,ALO,aston_martin,0,10,3,0.10539922,0.1221374,0.0,0.1767561,0.4673992,0.17299578,0.7,8,Finished,1,0,0.00234608
2024,12,2024-07-07,silverstone,LEC,ferrari,0,11,3,0.082085,0.7480916,0.0,0.59074173,0.60713832,0.63291139,0.6,14,Lapped,1,0,0.01303286
2024,12,2024-07-07,silverstone,SAR,williams,0,12,1,0.06392786,0.01526718,0.0,0.03962759,0.37263913,0.0,0.0,11,Finished,1,0,0.00085939
2024,12,2024-07-07,silverstone,TSU,rb,0,13,3,0.04978707,0.08396947,0.0,0.15397816,0.11248738,0.08016878,0.55555556,10,Finished,1,0,0.00116956
2024,12,2024-07-07,silverstone,ZHO,sauber,0,14,2,0.03877421,0.0,0.0,0.07934787,0.20619891,0.0,0.44444444,18,Lapped,1,0,0.00087805
2024,12,2024-07-07,silverstone,RIC,rb,0,15,2,0.03019738,0.08396947,0.0,0.18621584,0.38291468,0.0464135,0.44444444,13,Lapped,1,0,0.00129138
2024,12,2024-07-07,silverstone,BOT,sauber,0,16,3,0.02351775,0.0,0.0,0.08235948,0.27200439,0.0,0.55555556,15,Lapped,1,0,0.00092973
2024,12,2024-07-07,silverstone,MAG,haas,0,17,2,0.01831564,0.09160305,0.0,0.13333448,0.23436521,0.02109705,0.1,12,Finished,1,0,0.00087149
2024,12,2024-07-07,silverstone,OCO,alpine,0,18,3,0.01426423,0.0610687,0.0,0.13509205,0.06157093,0.01265823,0.55555556,16,Lapped,1,0,0.00089297
2024,12,2024-07-07,silverstone,PER,red_bull,0,19,3,0.011109,0.81679389,0.0,0.20810709,0.58911774,0.4978903,0.0,17,Lapped,1,0,0.00492588
2024,12,2024-07-07,silverstone,GAS,alpine,0,20,3,0.0086517,0.0610687,0.0,0.20543229,0.04127223,0.02531646,0.44444444,20,Did not start,0,0,0.00088951
2024,13,2024-07-21,hungaroring,NOR,mclaren,0,1,3,1.0,0.95522388,0.0,0.79180752,0.57168033,0.67058824,0.75,2,Finished,1,0,0.53772705
2024,13,2024-07-21,hungaroring,PIA,mclaren,0,2,1,0.77880078,0.95522388,0.0,0.80771327,0.51955627,0.48627451,0.25,1,Finished,1,1,0.155205
2024,13,2024-07-21,hungaroring,VER,red_bull,0,3,3,0.60653066,0.71641791,0.0,1.0,1.0,1.0,1.0,5,Finished,1,0,0.19744894
2024,13,2024-07-21,hungaroring,SAI,ferrari,0,4,3,0.47236655,0.62686567,0.0,0.59347761,0.53634252,0.57254902,0.5,6,Finished,1,0,0.02937021
2024,13,2024-07-21,hungaroring,HAM,mercedes,0,5,3,0.36787944,1.0,0.0,0.84411136,0.85026793,0.43137255,0.3,3,Finished,1,0,0.0426014
2024,13,2024-07-21,hungaroring,LEC,ferrari,0,6,3,0.2865048,0.62686567,0.0,0.45626116,0.31023091,0.58823529,0.54545455,4,Finished,1,0,0.01088623
2024,13,2024-07-21,hungaroring,ALO,aston_martin,0,7,3,0.22313016,0.17910448,0.0,0.24587543,0.36032141,0.17647059,0.63636364,11,Finished,1,0,0.00304741
2024,13,2024-07-21,hungaroring,STR,aston_martin,0,8,3,0.17377394,0.17910448,0.0,0.23148174,0.14438704,0.09019608,0.36363636,10,Finished,1,0,0.00176648
2024,13,2024-07-21,hungaroring,RIC,rb,0,9,3,0.13533528,0.08208955,0.0,0.1954996,0.11158157,0.04313725,0.4,12,Lapped,1,0,0.00123645
2024,13,2024-07-21,hungaroring,TSU,rb,0,10,3,0.10539922,0.08208955,0.0,0.16165472,0.14652081,0.07843137,0.6,9,Finished,1,0,0.00122313
2024,13,2024-07-21,hungaroring,HUL,haas,0,11,1,0.082085,0.14925373,0.0,0.27680041,0.33629241,0.08627451,0.90909091,13,Lapped,1,0,0.00180917
2024,13,2024-07-21,hungaroring,BOT,sauber,0,12,3,0.06392786,0.0,0.0,0.0940115,0.0615249,0.0,0.6,16,Lapped,1,0,0.00077544
2024,13,2024-07-21,hungaroring,ALB,williams,0,13,2,0.04978707,0.02985075,0.0,0.13695949,0.2515389,0.01568627,1.0,14,Lapped,1,0,0.00110344
2024,13,2024-07-21,hungaroring,SAR,williams,0,14,1,0.03877421,0.02985075,0.0,0.06761385,0.3,0.0,0.0,17,Lapped,1,0,0.00064641
2024,13,2024-07-21,hungaroring,MAG,haas,0,15,2,0.03019738,0.14925373,0.0,0.13998185,0.21031695,0.01960784,0.09090909,15,Lapped,1,0,0.00078025
2024,13,2024-07-21,hungaroring,PER,red_bull,0,16,3,0.02351775,0.71641791,0.0,0.16187107,0.54685098,0.4627451,0.0,7,Finished,1,0,0.00278583
2024,13,2024-07-21,hungaroring,RUS,mercedes,0,17,3,0.01831564,1.0,0.0,0.73391235,0.53327571,0.43529412,0.7,8,Finished,1,0,0.00930295
2024,13,2024-07-21,hungaroring,ZHO,sauber,0,18,2,0.01426423,0.0,0.0,0.07575775,0.22791467,0.0,0.4,19,Lapped,1,0,0.00064594
2024,13,2024-07-21,hungaroring,OCO,alpine,0,19,3,0.011109,0.05970149,0.0,0.13509247,0.35610549,0.01176471,0.55555556,18,Lapped,1,0,0.00086812
2024,13,2024-07-21,hungaroring,GAS,alpine,0,20,3,0.0086517,0.05970149,0.0,0.20198105,0.16781531,0.02352941,0.44444444,20,Retired,0,0,0.00077016
2024,14,2024-07-28,spa,VER,red_bull,0,1,3,1.0,0.73758865,0.0,1.0,1.0,1.0,1.0,4,Finished,1,0,0.75460341
2024,14,2024-07-28,spa,LEC,ferrari,0,2,3,0.77880078,0.45390071,0.0,0.3248919,0.47778824,0.61132075,0.58333333,3,Finished,1,0,0.04062064
2024,14,2024-07-28,spa,PER,red_bull,0,3,3,0.60653066,0.73758865,0.0,0.23934747,0.63886552,0.46792453,0.0,7,Finished,1,0,0.02583683
2024,14,2024-07-28,spa,HAM,mercedes,0,4,3,0.47236655,0.97163121,0.0,0.9249136,0.4018053,0.47169811,0.36363636,1,Finished,1,1,0.05676095
2024,14,2024-07-28,spa,NOR,mclaren,0,5,3,0.36787944,1.0,0.0,0.84706856,0.18904237,0.71320755,0.69230769,5,Finished,1,0,0.04864304
2024,14,2024-07-28,spa,PIA,mclaren,0,6,1,0.2865048,1.0,0.0,0.83877846,0.3,0.56226415,0.30769231,2,Finished,1,0,0.02972741
2024,14,2024-07-28,spa,RUS,mercedes,0,7,3,0.22313016,0.97163121,0.0,0.66329589,0.52791498,0.43773585,0.63636364,20,Disqualified,0,0,0.02494317
2024,14,2024-07-28,spa,SAI,ferrari,0,8,3,0.17377394,0.45390071,0.0,0.49911593,0.25085158,0.58113208,0.45454545,6,Finished,1,0,0.00621429
2024,14,2024-07-28,spa,ALO,aston_martin,0,9,3,0.13533528,0.17730496,0.0,0.2404882,0.37796676,0.16981132,0.58333333,8,Finished,1,0,0.00219142
2024,14,2024-07-28,spa,OCO,alpine,0,10,3,0.10539922,0.04964539,0.0,0.14111015,0.27637728,0.01132075,0.55555556,9,Finished,1,0,0.00114231
2024,14,2024-07-28,spa,ALB,williams,0,11,2,0.082085,0.0141844,0.0,0.09962731,0.24764048,0.01509434,1.0,12,Finished,1,0,0.00119161
2024,14,2024-07-28,spa,GAS,alpine,0,12,3,0.06392786,0.04964539,0.0,0.15308916,0.2093648,0.02264151,0.44444444,13,Finished,1,0,0.00091995
2024,14,2024-07-28,spa,RIC,rb,0,13,3,0.04978707,0.06382979,0.0,0.19121612,0.16670906,0.04150943,0.36363636,10,Finished,1,0,0.00088579
2024,14,2024-07-28,spa,BOT,sauber,0,14,3,0.03877421,0.0,0.0,0.08094102,0.07554761,0.0,0.63636364,15,Finished,1,0,0.00070115
2024,14,2024-07-28,spa,STR,aston_martin,0,15,3,0.03019738,0.17730496,0.0,0.25089624,0.13991664,0.09056604,0.41666667,11,Finished,1,0,0.00113011
2024,14,2024-07-28,spa,HUL,haas,0,16,1,0.02351775,0.14184397,0.0,0.29513928,0.31334931,0.08301887,0.91666667,18,Finished,1,0,0.00166474
2024,14,2024-07-28,spa,MAG,haas,0,17,2,0.01831564,0.14184397,0.0,0.15327306,0.21157627,0.01886792,0.08333333,14,Finished,1,0,0.00076703
2024,14,2024-07-28,spa,TSU,rb,0,18,3,0.01426423,0.06382979,0.0,0.14608811,0.11782113,0.08301887,0.63636364,16,Finished,1,0,0.00086976
2024,14,2024-07-28,spa,SAR,williams,0,19,1,0.011109,0.0141844,0.0,0.06073941,0.31630488,0.0,0.0,17,Finished,1,0,0.0005637
2024,14,2024-07-28,spa,ZHO,sauber,0,20,2,0.0086517,0.0,0.0,0.06805509,0.22956538,0.0,0.36363636,19,Retired,0,0,0.00062268
2024,15,2024-08-25,zandvoort,NOR,mclaren,0,1,3,1.0,1.0,0.0,0.71462033,0.27030891,0.71841155,0.64285714,1,Finished,1,1,0.45497472
2024,15,2024-08-25,zandvoort,VER,red_bull,0,2,3,0.77880078,0.69503546,0.0,0.83975854,1.0,1.0,1.0,2,Finished,1,0,0.34772732
2024,15,2024-08-25,zandvoort,PIA,mclaren,0,3,1,0.60653066,1.0,0.0,0.89664755,0.38075861,0.60288809,0.35714286,4,Finished,1,0,0.10230436
2024,15,2024-08-25,zandvoort,RUS,mercedes,0,4,3,0.47236655,0.95035461,0.0,0.46160969,0.27903351,0.41877256,0.63636364,7,Finished,1,0,0.03408874
2024,15,2024-08-25,zandvoort,PER,red_bull,0,5,3,0.36787944,0.69503546,0.0,0.30619786,0.44847291,0.47292419,0.0,6,Finished,1,0,0.0121873
2024,15,2024-08-25,zandvoort,LEC,ferrari,0,6,3,0.2865048,0.61702128,0.0,0.48286227,0.31540387,0.63898917,0.61538462,3,Finished,1,0,0.01280239
2024,15,2024-08-25,zandvoort,ALO,aston_martin,0,7,3,0.22313016,0.10638298,0.0,0.19866698,0.57281186,0.17689531,0.61538462,10,Lapped,1,0,0.00329097
2024,15,2024-08-25,zandvoort,STR,aston_martin,0,8,3,0.17377394,0.10638298,0.0,0.19715373,0.13929367,0.0866426,0.38461538,13,Lapped,1,0,0.00168012
2024,15,2024-08-25,zandvoort,GAS,alpine,0,9,3,0.13533528,0.04255319,0.0,0.11773211,0.47248207,0.02166065,0.4,9,Lapped,1,0,0.00149693
2024,15,2024-08-25,zandvoort,SAI,ferrari,0,10,3,0.10539922,0.61702128,0.0,0.57161973,0.35115634,0.58483755,0.41666667,5,Finished,1,0,0.00620981
2024,15,2024-08-25,zandvoort,ALB,williams,0,10,2,0.10539922,0.0141844,0.0,0.12370808,0.29894321,0.01444043,1.0,14,Lapped,1,0,0.0014814
2024,15,2024-08-25,zandvoort,HAM,mercedes,0,11,3,0.082085,0.95035461,0.0,1.0,0.52791498,0.54151625,0.36363636,8,Finished,1,0,0.01450798
2024,15,2024-08-25,zandvoort,TSU,rb,0,12,3,0.06392786,0.04255319,0.0,0.13332979,0.02764094,0.07942238,0.58333333,17,Lapped,1,0,0.00094595
2024,15,2024-08-25,zandvoort,HUL,haas,0,13,1,0.04978707,0.14184397,0.0,0.25586778,0.34432126,0.07942238,0.84615385,11,Lapped,1,0,0.00162677
2024,15,2024-08-25,zandvoort,MAG,haas,0,14,2,0.03877421,0.14184397,0.0,0.13710055,0.21031187,0.01805054,0.15384615,18,Lapped,1,0,0.0008848
2024,15,2024-08-25,zandvoort,RIC,rb,0,15,2,0.03019738,0.04255319,0.0,0.16185484,0.22680764,0.0433213,0.41666667,12,Lapped,1,0,0.00088921
2024,15,2024-08-25,zandvoort,OCO,alpine,0,16,3,0.02351775,0.04255319,0.0,0.14427712,0.18526123,0.01805054,0.6,15,Lapped,1,0,0.00088101
2024,15,2024-08-25,zandvoort,BOT,sauber,0,17,3,0.01831564,0.0,0.0,0.06967083,0.18610618,0.0,0.63636364,19,Lapped,1,0,0.00076071
2024,15,2024-08-25,zandvoort,ZHO,sauber,0,18,2,0.01426423,0.0,0.0,0.04940983,0.18832536,0.0,0.36363636,20,Lapped,1,0,0.00065078
2024,15,2024-08-25,zandvoort,SAR,williams,0,20,1,0.0086517,0.0141844,0.0,0.06853259,0.3,0.0,0.0,16,Lapped,1,0,0.00060873
2024,16,2024-09-01,monza,NOR,mclaren,0,1,3,1.0,1.0,0.0,0.7926863,0.50988135,0.76271186,0.66666667,3,Finished,1,0,0.51835542
2024,16,2024-09-01,monza,PIA,mclaren,0,2,1,0.77880078,1.0,0.0,1.0,0.35735693,0.60677966,0.33333333,2,Finished,1,0,0.22042654
2024,16,2024-09-01,monza,RUS,mercedes,0,3,3,0.60653066,0.75974026,0.0,0.41439252,0.59970662,0.41355932,0.66666667,7,Finished,1,0,0.05599769
2024,16,2024-09-01,monza,LEC,ferrari,0,4,3,0.47236655,0.61038961,0.0,0.56198472,0.82136999,0.65084746,0.64285714,1,Finished,1,1,0.05161354
2024,16,2024-09-01,monza,SAI,ferrari,0,5,3,0.36787944,0.61038961,0.0,0.61705075,0.72848701,0.58305085,0.38461538,4,Finished,1,0,0.0306293
2024,16,2024-09-01,monza,HAM,mercedes,0,6,3,0.2865048,0.75974026,0.0,0.92788487,0.40141748,0.5220339,0.33333333,5,Finished,1,0,0.03082234
2024,16,2024-09-01,monza,VER,red_bull,0,7,3,0.22313016,0.61688312,0.0,0.82593335,1.0,1.0,1.0,6,Finished,1,0,0.06504306
2024,16,2024-09-01,monza,PER,red_bull,0,8,3,0.17377394,0.61688312,0.0,0.35132383,0.76524167,0.47118644,0.0,8,Finished,1,0,0.0096873
2024,16,2024-09-01,monza,ALB,williams,0,9,1,0.13533528,0.01298701,0.0,0.1397711,0.4559123,0.01355932,1.0,9,Finished,1,0,0.00224545
2024,16,2024-09-01,monza,HUL,haas,0,10,1,0.10539922,0.12987013,0.0,0.26644252,0.32110044,0.07457627,0.85714286,17,Lapped,1,0,0.00250552
2024,16,2024-09-01,monza,ALO,aston_martin,0,11,3,0.082085,0.1038961,0.0,0.2214679,0.19129118,0.16949153,0.64285714,11,Finished,1,0,0.00183822
2024,16,2024-09-01,monza,RIC,rb,0,12,2,0.06392786,0.03896104,0.0,0.18192885,0.52136678,0.04067797,0.46153846,13,Finished,1,0,0.00161453
2024,16,2024-09-01,monza,MAG,haas,0,13,2,0.04978707,0.12987013,0.0,0.14078851,0.208758,0.01694915,0.14285714,10,Finished,1,0,0.00107682
2024,16,2024-09-01,monza,GAS,alpine,0,14,3,0.03877421,0.03246753,0.0,0.12259785,0.13731055,0.02711864,0.45454545,15,Lapped,1,0,0.00097779
2024,16,2024-09-01,monza,OCO,alpine,0,15,3,0.03019738,0.03246753,0.0,0.12226498,0.10434361,0.01694915,0.54545455,14,Lapped,1,0,0.00096417
2024,16,2024-09-01,monza,TSU,rb,0,16,3,0.02351775,0.03896104,0.0,0.14243807,0.03058324,0.07457627,0.53846154,20,Retired,0,0,0.00096121
2024,16,2024-09-01,monza,STR,aston_martin,0,17,3,0.01831564,0.1038961,0.0,0.20970455,0.11787304,0.08135593,0.35714286,19,Lapped,1,0,0.00111958
2024,16,2024-09-01,monza,COL,williams,0,18,0,0.01426423,0.01298701,0.0,0.66932885,0.5,0.0,0.5,12,Finished,1,0,0.0023034
2024,16,2024-09-01,monza,BOT,sauber,0,19,3,0.011109,0.0,0.0,0.0665361,0.33174205,0.0,0.66666667,16,Lapped,1,0,0.00103564
2024,16,2024-09-01,monza,ZHO,sauber,0,20,2,0.0086517,0.0,0.0,0.03315319,0.26900533,0.0,0.33333333,18,Lapped,1,0,0.0007825
2024,17,2024-09-15,baku,LEC,ferrari,0,1,3,1.0,0.68235294,0.0,0.79348274,0.45570431,0.71617162,0.66666667,2,Finished,1,0,0.39490731
2024,17,2024-09-15,baku,PIA,mclaren,0,2,1,0.77880078,1.0,0.0,1.0,0.35744749,0.65016502,0.375,1,Finished,1,1,0.32446704
2024,17,2024-09-15,baku,SAI,ferrari,0,3,3,0.60653066,0.68235294,0.0,0.58451911,0.27621642,0.60726073,0.35714286,18,Retired,0,0,0.06344428
2024,17,2024-09-15,baku,PER,red_bull,0,4,3,0.47236655,0.53529412,0.0,0.33670642,1.0,0.47194719,0.0,17,Retired,0,0,0.03433638
2024,17,2024-09-15,baku,RUS,mercedes,0,5,3,0.36787944,0.56470588,0.0,0.22730017,0.34528822,0.42244224,0.61538462,3,Finished,1,0,0.01762355
2024,17,2024-09-15,baku,VER,red_bull,0,6,3,0.2865048,0.53529412,0.0,0.80412674,0.73258517,1.0,1.0,5,Finished,1,0,0.07382603
2024,17,2024-09-15,baku,HAM,mercedes,0,7,3,0.22313016,0.56470588,0.0,0.90125022,0.3774291,0.54125413,0.38461538,9,Finished,1,0,0.02564071
2024,17,2024-09-15,baku,ALO,aston_martin,0,8,3,0.17377394,0.09411765,0.0,0.24876634,0.45515511,0.1650165,0.66666667,6,Finished,1,0,0.00430603
2024,17,2024-09-15,baku,COL,williams,0,9,0,0.13533528,0.02352941,0.0,0.1483275,0.5,0.0,0.5,8,Finished,1,0,0.00250919
2024,17,2024-09-15,baku,ALB,williams,0,10,2,0.10539922,0.02352941,0.0,0.17754439,0.25143029,0.01980198,1.0,7,Finished,1,0,0.00255476
2024,17,2024-09-15,baku,BEA,haas,0,11,0,0.082085,0.05294118,0.0,0.66932885,0.5,0.01980198,0.5,10,Finished,1,0,0.00423631
2024,17,2024-09-15,baku,TSU,rb,0,12,3,0.06392786,0.02352941,0.0,0.12255269,0.18300924,0.07260726,0.53846154,20,Retired,0,0,0.00162913
2024,17,2024-09-15,baku,HUL,haas,0,13,1,0.04978707,0.05294118,0.0,0.17886292,0.31730285,0.07260726,0.8,11,Finished,1,0,0.00226317
2024,17,2024-09-15,baku,STR,aston_martin,0,14,3,0.03877421,0.09411765,0.0,0.19273192,0.14528606,0.07920792,0.33333333,19,Retired,0,0,0.00160542
2024,17,2024-09-15,baku,GAS,alpine,0,15,3,0.03019738,0.02352941,0.0,0.09462289,0.34921608,0.02640264,0.41666667,12,Finished,1,0,0.00148113
2024,17,2024-09-15,baku,RIC,rb,0,15,2,0.03019738,0.02352941,0.0,0.15216284,0.33240252,0.03960396,0.46153846,13,Finished,1,0,0.00161929
2024,17,2024-09-15,baku,NOR,mclaren,0,16,3,0.02351775,1.0,0.0,0.96616276,0.27393054,0.79537954,0.625,4,Finished,1,0,0.04010799
2024,17,2024-09-15,baku,BOT,sauber,0,17,3,0.01831564,0.0,0.0,0.0665361,0.0885189,0.0,0.69230769,16,Lapped,1,0,0.00120616
2024,17,2024-09-15,baku,ZHO,sauber,0,18,2,0.01426423,0.0,0.0,0.03117494,0.175,0.0,0.30769231,14,Finished,1,0,0.00100101
2024,17,2024-09-15,baku,OCO,alpine,0,19,3,0.011109,0.02352941,0.0,0.11248486,0.08514703,0.01650165,0.58333333,15,Lapped,1,0,0.00123509
2024,18,2024-09-22,marina_bay,NOR,mclaren,0,1,3,1.0,1.0,0.0,0.83300618,0.88389351,0.8115016,0.58823529,1,Finished,1,1,0.71994687
2024,18,2024-09-22,marina_bay,VER,red_bull,0,2,3,0.77880078,0.45856354,0.0,0.62921832,0.64999176,1.0,1.0,2,Finished,1,0,0.13959213
2024,18,2024-09-22,marina_bay,HAM,mercedes,0,3,3,0.60653066,0.48618785,0.0,0.61346749,0.70924153,0.53035144,0.35714286,6,Finished,1,0,0.04066191
2024,18,2024-09-22,marina_bay,RUS,mercedes,0,4,3,0.47236655,0.48618785,0.0,0.36292554,0.03395278,0.45686901,0.64285714,4,Finished,1,0,0.0125052
2024,18,2024-09-22,marina_bay,PIA,mclaren,0,5,1,0.36787944,1.0,0.0,1.0,0.47309011,0.70926518,0.41176471,3,Finished,1,0,0.04577237
2024,18,2024-09-22,marina_bay,HUL,haas,0,6,2,0.2865048,0.01104972,0.0,0.10403621,0.30246861,0.07028754,0.75,9,Lapped,1,0,0.00238837
2024,18,2024-09-22,marina_bay,ALO,aston_martin,0,7,2,0.22313016,0.07734807,0.0,0.25092626,0.20840454,0.18530351,0.66666667,8,Lapped,1,0,0.00230165
2024,18,2024-09-22,marina_bay,TSU,rb,0,8,2,0.17377394,0.01657459,0.0,0.06985827,0.175,0.07028754,0.53846154,12,Lapped,1,0,0.001243
2024,18,2024-09-22,marina_bay,LEC,ferrari,0,9,3,0.13533528,0.67955801,0.0,0.88579564,1.0,0.75079872,0.66666667,5,Finished,1,0,0.01802996
2024,18,2024-09-22,marina_bay,SAI,ferrari,0,10,3,0.10539922,0.67955801,0.0,0.4141869,0.99564881,0.58785942,0.35714286,7,Finished,1,0,0.00779303
2024,18,2024-09-22,marina_bay,ALB,williams,0,11,3,0.082085,0.06629834,0.0,0.18212883,0.20850088,0.03833866,1.0,20,Retired,0,0,0.0012752
2024,18,2024-09-22,marina_bay,COL,williams,0,12,0,0.06392786,0.06629834,0.0,0.21343574,0.5,0.01277955,0.5,11,Lapped,1,0,0.00118475
2024,18,2024-09-22,marina_bay,PER,red_bull,0,13,3,0.04978707,0.45856354,0.0,0.29067975,0.61817021,0.45686901,0.0,10,Lapped,1,0,0.00244648
2024,18,2024-09-22,marina_bay,MAG,haas,0,14,3,0.03877421,0.01104972,0.0,0.09965779,0.17190895,0.01916933,0.2,19,Retired,0,0,0.00061942
2024,18,2024-09-22,marina_bay,OCO,alpine,0,15,2,0.03019738,0.02209945,0.0,0.10299459,0.175,0.01597444,0.53846154,13,Lapped,1,0,0.00070946
2024,18,2024-09-22,marina_bay,RIC,rb,0,16,2,0.02351775,0.01657459,0.0,0.13576303,0.45038832,0.03833866,0.46153846,18,Lapped,1,0,0.00084701
2024,18,2024-09-22,marina_bay,STR,aston_martin,0,17,3,0.01831564,0.07734807,0.0,0.10001159,0.19779067,0.07667732,0.33333333,14,Lapped,1,0,0.00070428
2024,18,2024-09-22,marina_bay,GAS,alpine,0,18,3,0.01426423,0.02209945,0.0,0.11089283,0.39632449,0.02555911,0.46153846,17,Lapped,1,0,0.00076559
2024,18,2024-09-22,marina_bay,BOT,sauber,0,19,3,0.011109,0.0,0.0,0.05673184,0.20858197,0.0,0.64285714,16,Lapped,1,0,0.00064803
2024,18,2024-09-22,marina_bay,ZHO,sauber,0,20,2,0.0086517,0.0,0.0,0.03758506,0.23586705,0.0,0.35714286,15,Lapped,1,0,0.00056527
2024,19,2024-10-20,americas,NOR,mclaren,1,1,3,1.0,1.0,0.56471812,0.95121794,0.54524766,0.8429003,0.61111111,4,Finished,1,0,0.50485444
2024,19,2024-10-20,americas,VER,red_bull,1,2,3,0.77880078,0.48314607,1.0,0.77879138,1.0,1.0,1.0,3,Finished,1,0,0.33205544
2024,19,2024-10-20,americas,SAI,ferrari,1,3,3,0.60653066,0.66853933,0.75147729,0.43230234,0.37314416,0.57401813,0.33333333,2,Finished,1,0,0.05028649
2024,19,2024-10-20,americas,LEC,ferrari,1,4,3,0.47236655,0.66853933,0.42437285,0.93572219,0.33801357,0.74018127,0.6875,1,Finished,1,1,0.04780374
2024,19,2024-10-20,americas,PIA,mclaren,1,5,1,0.36787944,1.0,0.07642629,1.0,0.3,0.71601208,0.38888889,5,Finished,1,0,0.03254172
2024,19,2024-10-20,americas,RUS,mercedes,1,6,3,0.2865048,0.49438202,0.31890656,0.47231326,0.3640891,0.46827795,0.66666667,6,Finished,1,0,0.01054219
2024,19,2024-10-20,americas,GAS,alpine,1,7,3,0.22313016,0.02247191,0.02437284,0.13094197,0.19085043,0.02416918,0.42857143,12,Finished,1,0,0.00147013
2024,19,2024-10-20,americas,ALO,aston_martin,1,8,3,0.17377394,0.09550562,0.00777266,0.30122636,0.09583452,0.18731118,0.6875,13,Lapped,1,0,0.00187881
2024,19,2024-10-20,americas,MAG,haas,1,9,2,0.13533528,0.02247191,0.18009231,0.08846724,0.25743573,0.01812689,0.2,11,Finished,1,0,0.00122043
2024,19,2024-10-20,americas,PER,red_bull,1,10,3,0.10539922,0.48314607,0.10170139,0.2802913,0.57642718,0.43504532,0.0,7,Finished,1,0,0.0033634
2024,19,2024-10-20,americas,TSU,rb,1,11,3,0.082085,0.00561798,0.05743262,0.05220992,0.2105702,0.06646526,0.57142857,14,Lapped,1,0,0.00100736
2024,19,2024-10-20,americas,HUL,haas,1,12,1,0.06392786,0.02247191,0.13533528,0.1417579,0.35413411,0.07250755,0.75,8,Finished,1,0,0.00138337
2024,19,2024-10-20,americas,OCO,alpine,1,13,3,0.04978707,0.02247191,0.01831564,0.12666832,0.04306123,0.01510574,0.57142857,18,Lapped,1,0,0.00082602
2024,19,2024-10-20,americas,STR,aston_martin,1,14,3,0.03877421,0.09550562,0.03243324,0.08495854,0.162089,0.07250755,0.3125,15,Lapped,1,0,0.00086597
2024,19,2024-10-20,americas,LAW,rb,1,15,0,0.03019738,0.00561798,0.01376379,0.64824053,0.5,0.0,0.5,9,Finished,1,0,0.00162695
2024,19,2024-10-20,americas,ALB,williams,1,16,2,0.02351775,0.06741573,0.01034317,0.17843922,0.27647612,0.03625378,1.0,16,Lapped,1,0,0.00120391
2024,19,2024-10-20,americas,COL,williams,1,17,0,0.01831564,0.06741573,0.04315931,0.21294071,0.5,0.01208459,0.5,10,Finished,1,0,0.00117528
2024,19,2024-10-20,americas,BOT,sauber,1,18,3,0.01426423,0.0,0.00438936,0.06158155,0.13397404,0.0,0.6,17,Lapped,1,0,0.00071242
2024,19,2024-10-20,americas,HAM,mercedes,1,19,3,0.011109,0.49438202,0.23965104,0.58748791,0.44658041,0.52567976,0.33333333,20,Retired,0,0,0.0044975
2024,19,2024-10-20,americas,ZHO,sauber,1,20,2,0.0086517,0.0,0.00584098,0.0494809,0.23934242,0.0,0.4,19,Lapped,1,0,0.00068446
2024,20,2024-10-27,rodriguez,SAI,ferrari,0,1,3,1.0,0.80813953,0.0,0.53780125,0.47603711,0.60734463,0.3125,1,Finished,1,1,0.29015961
2024,20,2024-10-27,rodriguez,VER,red_bull,0,2,3,0.77880078,0.51162791,0.0,0.79347096,1.0,1.0,1.0,6,Finished,1,0,0.33279683
2024,20,2024-10-27,rodriguez,NOR,mclaren,0,3,3,0.60653066,1.0,0.0,0.95672422,0.30604817,0.83898305,0.63157895,2,Finished,1,0,0.19198699
2024,20,2024-10-27,rodriguez,LEC,ferrari,0,4,3,0.47236655,0.80813953,0.0,1.0,0.5238637,0.77683616,0.70588235,3,Finished,1,0,0.11195181
2024,20,2024-10-27,rodriguez,RUS,mercedes,0,5,3,0.36787944,0.4127907,0.0,0.55591377,0.35315505,0.47175141,0.66666667,5,Finished,1,0,0.01817384
2024,20,2024-10-27,rodriguez,HAM,mercedes,0,6,3,0.2865048,0.4127907,0.0,0.32137629,0.81873075,0.5,0.33333333,4,Finished,1,0,0.01333742
2024,20,2024-10-27,rodriguez,MAG,haas,0,7,2,0.22313016,0.04651163,0.0,0.10601042,0.18590988,0.02259887,0.1875,7,Finished,1,0,0.00192065
2024,20,2024-10-27,rodriguez,GAS,alpine,0,8,3,0.17377394,0.01162791,0.0,0.13332262,0.22930718,0.02259887,0.46666667,10,Lapped,1,0,0.00188187
2024,20,2024-10-27,rodriguez,ALB,williams,0,9,2,0.13533528,0.0755814,0.0,0.15924096,0.28185187,0.03389831,0.92307692,19,Retired,0,0,0.00245265
2024,20,2024-10-27,rodriguez,HUL,haas,0,10,1,0.10539922,0.04651163,0.0,0.19295403,0.33628718,0.0819209,0.76470588,9,Lapped,1,0,0.00220423
2024,20,2024-10-27,rodriguez,TSU,rb,0,11,3,0.082085,0.01162791,0.0,0.05734311,0.05036507,0.06214689,0.53333333,20,Retired,0,0,0.00117031
2024,20,2024-10-27,rodriguez,LAW,rb,0,12,0,0.06392786,0.01162791,0.0,0.25631926,0.5,0.00564972,0.5,16,Lapped,1,0,0.00182802
2024,20,2024-10-27,rodriguez,ALO,aston_martin,0,13,3,0.04978707,0.0755814,0.0,0.25539145,0.04588557,0.17514124,0.70588235,18,Retired,0,0,0.00169072
2024,20,2024-10-27,rodriguez,STR,aston_martin,0,14,3,0.03877421,0.0755814,0.0,0.06427143,0.03622901,0.06779661,0.29411765,11,Lapped,1,0,0.00098571
2024,20,2024-10-27,rodriguez,BOT,sauber,0,15,3,0.03019738,0.0,0.0,0.05521233,0.09405651,0.0,0.625,14,Lapped,1,0,0.00098971
2024,20,2024-10-27,rodriguez,COL,williams,0,16,0,0.02351775,0.0755814,0.0,0.20885311,0.5,0.01412429,0.33333333,12,Lapped,1,0,0.00153992
2024,20,2024-10-27,rodriguez,PIA,mclaren,0,17,1,0.01831564,1.0,0.0,0.88543808,0.39863879,0.69774011,0.36842105,8,Finished,1,0,0.01981538
2024,20,2024-10-27,rodriguez,PER,red_bull,0,18,3,0.01426423,0.51162791,0.0,0.27447061,0.36562912,0.42372881,0.0,17,Lapped,1,0,0.00321307
2024,20,2024-10-27,rodriguez,OCO,alpine,0,19,3,0.011109,0.01162791,0.0,0.08124786,0.17421625,0.01412429,0.53333333,13,Lapped,1,0,0.00099838
2024,20,2024-10-27,rodriguez,ZHO,sauber,0,20,2,0.0086517,0.0,0.0,0.05539116,0.22767911,0.0,0.375,15,Lapped,1,0,0.00090287
2024,21,2024-11-03,interlagos,NOR,mclaren,1,1,3,1.0,1.0,1.0,0.91069787,0.54075858,0.87016575,0.65,6,Finished,1,0,0.7723223
2024,21,2024-11-03,interlagos,RUS,mercedes,1,2,3,0.77880078,0.53205128,0.23965104,0.59352689,0.44715789,0.48895028,0.625,4,Finished,1,0,0.04633848
2024,21,2024-11-03,interlagos,TSU,rb,1,3,3,0.60653066,0.01282051,0.01831564,0.04699312,0.15648093,0.06077348,0.53333333,7,Finished,1,0,0.00359458
2024,21,2024-11-03,interlagos,OCO,alpine,1,4,3,0.47236655,0.00641026,0.03243324,0.08884182,0.27669357,0.01381215,0.5,2,Finished,1,0,0.00279319
2024,21,2024-11-03,interlagos,LAW,rb,1,5,0,0.36787944,0.01282051,0.10170139,0.15976341,0.5,0.00552486,0.5,9,Finished,1,0,0.00295832
2024,21,2024-11-03,interlagos,LEC,ferrari,1,6,3,0.2865048,0.99358974,0.56471812,1.0,0.36525261,0.8038674,0.66666667,5,Finished,1,0,0.06797732
2024,21,2024-11-03,interlagos,ALB,williams,1,7,2,0.22313016,0.08333333,0.07642629,0.14038204,0.19648108,0.03314917,0.92307692,18,Did not start,0,0,0.00212799
2024,21,2024-11-03,interlagos,PIA,mclaren,1,8,1,0.17377394,1.0,0.75147729,0.80870229,0.33921141,0.69337017,0.35,8,Finished,1,0,0.04140068
2024,21,2024-11-03,interlagos,ALO,aston_martin,1,9,3,0.13533528,0.07692308,0.00777266,0.21342016,0.65139538,0.17127072,0.70588235,14,Finished,1,0,0.00234651
2024,21,2024-11-03,interlagos,STR,aston_martin,1,10,3,0.10539922,0.07692308,0.00584098,0.07560029,0.33897932,0.06629834,0.29411765,19,Did not start,0,0,0.00114407
2024,21,2024-11-03,interlagos,BOT,sauber,1,11,3,0.082085,0.0,0.01376379,0.06713344,0.28585579,0.0,0.64705882,13,Finished,1,0,0.00104524
2024,21,2024-11-03,interlagos,VER,red_bull,1,12,3,0.06392786,0.44871795,0.42437285,0.67899461,1.0,1.0,1.0,1,Finished,1,1,0.02380049
2024,21,2024-11-03,interlagos,PER,red_bull,1,13,3,0.04978707,0.44871795,0.13533528,0.19141178,0.62035227,0.41436464,0.0,11,Finished,1,0,0.00304197
2024,21,2024-11-03,interlagos,SAI,ferrari,1,14,3,0.03877421,0.99358974,0.31890656,0.67762297,0.61254715,0.66298343,0.35294118,16,Retired,0,0,0.01813756
2024,21,2024-11-03,interlagos,GAS,alpine,1,15,3,0.03019738,0.00641026,0.18009231,0.12403006,0.30223083,0.02486188,0.5,3,Finished,1,0,0.00115195
2024,21,2024-11-03,interlagos,HAM,mercedes,1,16,3,0.02351775,0.53205128,0.05743262,0.39811208,0.79172329,0.52209945,0.375,10,Finished,1,0,0.00524904
2024,21,2024-11-03,interlagos,BEA,haas,1,17,0,0.01831564,0.1025641,0.02437284,0.20985646,0.5,0.01933702,0.5,12,Finished,1,0,0.00133243
2024,21,2024-11-03,interlagos,COL,williams,1,18,0,0.01426423,0.08333333,0.04315931,0.19521669,0.5,0.01381215,0.33333333,17,Retired,0,0,0.00119303
2024,21,2024-11-03,interlagos,HUL,haas,1,19,1,0.011109,0.1025641,0.0,0.2098547,0.35849655,0.08563536,0.72222222,20,Disqualified,0,0,0.00133172
2024,21,2024-11-03,interlagos,ZHO,sauber,1,20,2,0.0086517,0.0,0.01034317,0.06515133,0.21414107,0.0,0.35294118,15,Finished,1,0,0.00071313
2024,22,2024-11-23,vegas,RUS,mercedes,0,1,1,1.0,0.59701493,0.0,0.7630974,0.39863879,0.48854962,0.64705882,1,Finished,1,1,0.32464479
2024,22,2024-11-23,vegas,SAI,ferrari,0,2,1,0.77880078,0.95522388,0.0,0.62576955,0.44715178,0.62086514,0.35294118,3,Finished,1,0,0.22109639
2024,22,2024-11-23,vegas,GAS,alpine,0,3,1,0.60653066,0.25373134,0.0,0.32410917,0.35413411,0.06615776,0.47058824,20,Retired,0,0,0.01990829
2024,22,2024-11-23,vegas,LEC,ferrari,0,4,1,0.47236655,0.95522388,0.0,1.0,0.6274923,0.78117048,0.66666667,4,Finished,1,0,0.17605443
2024,22,2024-11-23,vegas,VER,red_bull,0,5,1,0.36787944,0.62686567,0.0,0.97595734,0.7,1.0,1.0,5,Finished,1,0,0.10924059
2024,22,2024-11-23,vegas,NOR,mclaren,0,6,1,0.2865048,1.0,0.0,0.96945568,0.3,0.84223919,0.66666667,6,Finished,1,0,0.07778157
2024,22,2024-11-23,vegas,TSU,rb,0,7,1,0.22313016,0.07462687,0.0,0.14353977,0.3,0.07124682,0.5625,9,Finished,1,0,0.00337818
2024,22,2024-11-23,vegas,PIA,mclaren,0,8,1,0.17377394,1.0,0.0,0.77127143,0.36611956,0.66666667,0.33333333,7,Finished,1,0,0.03314525
2024,22,2024-11-23,vegas,HUL,haas,0,9,1,0.13533528,0.1119403,0.0,0.23193413,0.3,0.07888041,0.72222222,8,Finished,1,0,0.00315917
2024,22,2024-11-23,vegas,HAM,mercedes,0,10,1,0.10539922,0.59701493,0.0,0.37898373,0.42047768,0.48346056,0.35294118,2,Finished,1,0,0.00861999
2024,22,2024-11-23,vegas,OCO,alpine,0,11,1,0.082085,0.25373134,0.0,0.32303544,0.51952465,0.05852417,0.52941176,17,Lapped,1,0,0.00380664
2024,22,2024-11-23,vegas,MAG,haas,0,12,1,0.06392786,0.1119403,0.0,0.21476143,0.33628718,0.03562341,0.23529412,12,Finished,1,0,0.00189779
2024,22,2024-11-23,vegas,ZHO,sauber,0,13,1,0.04978707,0.0,0.0,0.08384059,0.32432403,0.0,0.33333333,13,Finished,1,0,0.0013442
2024,22,2024-11-23,vegas,COL,williams,0,14,0,0.03877421,0.08208955,0.0,0.1942417,0.5,0.01272265,0.33333333,14,Finished,1,0,0.00190956
2024,22,2024-11-23,vegas,LAW,rb,0,15,0,0.03019738,0.07462687,0.0,0.22314989,0.5,0.01017812,0.5,16,Finished,1,0,0.00204953
2024,22,2024-11-23,vegas,PER,red_bull,0,16,1,0.02351775,0.62686567,0.0,0.18968295,0.56812802,0.38422392,0.0,10,Finished,1,0,0.00483389
2024,22,2024-11-23,vegas,ALO,aston_martin,0,17,1,0.01831564,0.08955224,0.0,0.23008706,0.38075861,0.15776081,0.70588235,11,Finished,1,0,0.00229297
2024,22,2024-11-23,vegas,ALB,williams,0,18,1,0.01426423,0.08208955,0.0,0.10360433,0.34432126,0.03053435,0.92307692,19,Retired,0,0,0.00190785
2024,22,2024-11-23,vegas,BOT,sauber,0,19,1,0.011109,0.0,0.0,0.09012814,0.31630488,0.0,0.66666667,18,Lapped,1,0,0.00138692
2024,22,2024-11-23,vegas,STR,aston_martin,0,20,1,0.0086517,0.08955224,0.0,0.07982355,0.47973159,0.0610687,0.29411765,15,Finished,1,0,0.00154201
2024,23,2024-12-01,losail,VER,red_bull,1,1,2,1.0,0.62043796,0.13533528,1.0,0.825,1.0,1.0,1,Finished,1,1,0.40292084
2024,23,2024-12-01,losail,RUS,mercedes,1,2,2,0.77880078,0.77372263,0.56471812,0.88161015,0.41355547,0.53846154,0.66666667,4,Finished,1,0,0.17391026
2024,23,2024-12-01,losail,NOR,mclaren,1,3,2,0.60653066,0.81021898,0.75147729,0.93861403,0.5103678,0.84367246,0.68181818,10,Finished,1,0,0.18727619
2024,23,2024-12-01,losail,PIA,mclaren,1,4,1,0.47236655,0.81021898,1.0,0.57891322,0.6539081,0.66501241,0.31818182,3,Finished,1,0,0.09836456
2024,23,2024-12-01,losail,LEC,ferrari,1,5,2,0.36787944,1.0,0.31890656,0.94299612,0.43198461,0.79156328,0.63157895,2,Finished,1,0,0.06490721
2024,23,2024-12-01,losail,HAM,mercedes,1,6,2,0.2865048,0.77372263,0.23965104,0.57488557,0.46423569,0.51612903,0.33333333,12,Finished,1,0,0.01834557
2024,23,2024-12-01,losail,SAI,ferrari,1,7,2,0.22313016,1.0,0.42437285,0.84392809,0.26211612,0.6426799,0.38888889,6,Finished,1,0,0.03122057
2024,23,2024-12-01,losail,ALO,aston_martin,1,8,2,0.17377394,0.02919708,0.05743262,0.16542072,0.520886,0.15384615,0.72222222,7,Finished,1,0,0.00267548
2024,23,2024-12-01,losail,PER,red_bull,1,9,2,0.13533528,0.62043796,0.00438936,0.24435152,0.4020364,0.37717122,0.0,17,Retired,0,0,0.00407931
2024,23,2024-12-01,losail,MAG,haas,1,10,1,0.10539922,0.13138686,0.07642629,0.20693048,0.33210582,0.03473945,0.22222222,9,Finished,1,0,0.00172596
2024,23,2024-12-01,losail,GAS,alpine,1,11,2,0.082085,0.24817518,0.10170139,0.29858043,0.25992698,0.06451613,0.47058824,5,Finished,1,0,0.00226513
2024,23,2024-12-01,losail,ZHO,sauber,1,12,1,0.06392786,0.0,0.00584098,0.09087971,0.38727266,0.0,0.36842105,8,Finished,1,0,0.001152
2024,23,2024-12-01,losail,BOT,sauber,1,13,2,0.04978707,0.0,0.04315931,0.08738398,0.27689235,0.0,0.63157895,11,Finished,1,0,0.00119056
2024,23,2024-12-01,losail,TSU,rb,1,14,2,0.03877421,0.08759124,0.01034317,0.20814081,0.22636521,0.07444169,0.58823529,13,Finished,1,0,0.00138949
2024,23,2024-12-01,losail,STR,aston_martin,1,15,2,0.03019738,0.02919708,0.03243324,0.1001824,0.33732357,0.05955335,0.27777778,18,Retired,0,0,0.00108769
2024,23,2024-12-01,losail,ALB,williams,1,16,1,0.02351775,0.00729927,0.01831564,0.01505843,0.33921414,0.02977667,0.92307692,15,Lapped,1,0,0.00121796
2024,23,2024-12-01,losail,LAW,rb,1,17,1,0.01831564,0.08759124,0.01376379,0.19030842,0.31762005,0.00992556,0.33333333,14,Finished,1,0,0.00117802
2024,23,2024-12-01,losail,HUL,haas,1,18,1,0.01426423,0.13138686,0.18009231,0.27129965,0.32152117,0.08684864,0.73684211,16,Retired,0,0,0.0020086
2024,23,2024-12-01,losail,COL,williams,1,19,0,0.011109,0.00729927,0.00777266,0.14690648,0.5,0.01240695,0.33333333,19,Retired,0,0,0.00112547
2024,23,2024-12-01,losail,OCO,alpine,1,20,2,0.0086517,0.24817518,0.02437284,0.3249298,0.42941357,0.05707196,0.52941176,20,Retired,0,0,0.00195913
2024,24,2024-12-08,yas_marina,NOR,mclaren,0,1,3,1.0,0.59863946,0.0,0.65048936,0.38974622,0.81351981,0.65217391,1,Finished,1,1,0.40762639
2024,24,2024-12-08,yas_marina,PIA,mclaren,0,2,1,0.77880078,0.59863946,0.0,0.54882338,0.44715178,0.67832168,0.34782609,10,Finished,1,0,0.13802205
2024,24,2024-12-08,yas_marina,SAI,ferrari,0,3,3,0.60653066,1.0,0.0,0.81918478,0.32696735,0.63403263,0.36842105,2,Finished,1,0,0.16399546
2024,24,2024-12-08,yas_marina,HUL,haas,0,4,1,0.47236655,0.12244898,0.0,0.19930746,0.32432403,0.08624709,0.73684211,8,Finished,1,0,0.01123752
2024,24,2024-12-08,yas_marina,VER,red_bull,0,5,3,0.36787944,0.61904762,0.0,1.0,1.0,1.0,1.0,6,Finished,1,0,0.1544676
2024,24,2024-12-08,yas_marina,GAS,alpine,0,6,3,0.2865048,0.29931973,0.0,0.40021209,0.16698815,0.08391608,0.47058824,7,Finished,1,0,0.00739603
2024,24,2024-12-08,yas_marina,RUS,mercedes,0,7,3,0.22313016,0.66666667,0.0,0.83578721,0.44765924,0.54778555,0.68421053,5,Finished,1,0,0.0327107
2024,24,2024-12-08,yas_marina,ALO,aston_martin,0,8,3,0.17377394,0.04081633,0.0,0.17247774,0.19295122,0.15850816,0.72222222,9,Finished,1,0,0.00327897
2024,24,2024-12-08,yas_marina,BOT,sauber,0,9,3,0.13533528,0.02721088,0.0,0.10737182,0.11537749,0.0,0.6,18,Retired,0,0,0.0020515
2024,24,2024-12-08,yas_marina,PER,red_bull,0,10,3,0.10539922,0.61904762,0.0,0.18425386,0.46274349,0.35431235,0.0,20,Retired,0,0,0.00623083
2024,24,2024-12-08,yas_marina,TSU,rb,0,11,3,0.082085,0.08163265,0.0,0.19156324,0.27988067,0.06993007,0.61111111,12,Lapped,1,0,0.0024514
2024,24,2024-12-08,yas_marina,LAW,rb,0,12,0,0.06392786,0.08163265,0.0,0.16563041,0.5,0.00932401,0.25,17,Retired,0,0,0.00212537
2024,24,2024-12-08,yas_marina,STR,aston_martin,0,13,3,0.04978707,0.04081633,0.0,0.07367837,0.17421625,0.05594406,0.27777778,14,Lapped,1,0,0.00140402
2024,24,2024-12-08,yas_marina,LEC,ferrari,0,14,3,0.03877421,1.0,0.0,0.99990336,0.67022351,0.79487179,0.65,3,Finished,1,0,0.04819886
2024,24,2024-12-08,yas_marina,MAG,haas,0,15,2,0.03019738,0.12244898,0.0,0.26853873,0.19446341,0.03729604,0.22222222,16,Lapped,1,0,0.0017811
2024,24,2024-12-08,yas_marina,ALB,williams,0,16,2,0.02351775,0.00680272,0.0,0.03171218,0.22767911,0.02797203,0.92307692,11,Lapped,1,0,0.00163364
2024,24,2024-12-08,yas_marina,ZHO,sauber,0,17,2,0.01831564,0.02721088,0.0,0.1394279,0.22024169,0.00932401,0.4,13,Lapped,1,0,0.00140734
2024,24,2024-12-08,yas_marina,HAM,mercedes,0,18,3,0.01426423,0.66666667,0.0,0.47129205,0.27784632,0.49184149,0.31578947,4,Finished,1,0,0.00749858
2024,24,2024-12-08,yas_marina,COL,williams,0,19,0,0.011109,0.00680272,0.0,0.10046531,0.5,0.01165501,0.33333333,19,Retired,0,0,0.0015432
2024,24,2024-12-08,yas_marina,DOO,alpine,0,20,0,0.0086517,0.29931973,0.0,0.71684003,0.5,0.0,0.5,15,Lapped,1,0,0.00493945
2025,1,2025-03-16,albert_park,NOR,mclaren,0,1,3,1.0,0.0,0.0,1.0,0.87394651,0.0,0.5,1,Finished,1,1,0.4407213
2025,1,2025-03-16,albert_park,PIA,mclaren,0,2,2,0.77880078,0.0,0.0,1.0,0.63517698,0.0,0.5,9,Finished,1,0,0.17046834
2025,1,2025-03-16,albert_park,VER,red_bull,0,3,3,0.60653066,0.0,0.0,1.0,0.53081343,0.0,0.5,2,Finished,1,0,0.08674994
2025,1,2025-03-16,albert_park,RUS,mercedes,0,4,3,0.47236655,0.0,0.0,1.0,0.25415349,0.0,0.5,3,Finished,1,0,0.04395273
2025,1,2025-03-16,albert_park,TSU,rb,0,5,3,0.36787944,0.0,0.0,1.0,0.3391962,0.0,0.5,12,Finished,1,0,0.03279178
2025,1,2025-03-16,albert_park,ALB,williams,0,6,3,0.2865048,0.0,0.0,1.0,0.16529889,0.0,0.5,5,Finished,1,0,0.02160642
2025,1,2025-03-16,albert_park,LEC,ferrari,0,7,3,0.22313016,0.0,0.0,1.0,1.0,0.0,0.5,8,Finished,1,0,0.03351015
2025,1,2025-03-16,albert_park,HAM,ferrari,0,8,3,0.17377394,0.0,0.0,1.0,0.64267656,0.0,0.5,10,Finished,1,0,0.02133899
2025,1,2025-03-16,albert_park,GAS,alpine,0,9,3,0.13533528,0.0,0.0,1.0,0.14534143,0.0,0.5,11,Finished,1,0,0.01263663
2025,1,2025-03-16,albert_park,SAI,williams,0,10,3,0.10539922,0.0,0.0,1.0,0.81712071,0.0,0.5,18,Retired,0,0,0.01934369
2025,1,2025-03-16,albert_park,HAD,rb,0,11,0,0.082085,0.0,0.0,1.0,0.5,0.0,0.5,20,Retired,0,0,0.01390714
2025,1,2025-03-16,albert_park,ALO,aston_martin,0,12,3,0.06392786,0.0,0.0,1.0,0.55826566,0.0,0.5,17,Retired,0,0,0.01367725
2025,1,2025-03-16,albert_park,STR,aston_martin,0,13,3,0.04978707,0.0,0.0,1.0,0.61229266,0.0,0.5,6,Finished,1,0,0.0135931
2025,1,2025-03-16,albert_park,DOO,alpine,0,14,0,0.03877421,0.0,0.0,1.0,0.5,0.0,0.5,19,Retired,0,0,0.01197984
2025,1,2025-03-16,albert_park,BOR,sauber,0,15,0,0.03019738,0.0,0.0,1.0,0.5,0.0,0.5,16,Retired,0,0,0.01163111
2025,1,2025-03-16,albert_park,ANT,mercedes,0,16,0,0.02351775,0.0,0.0,1.0,0.5,0.0,0.5,4,Finished,1,0,0.01136657
2025,1,2025-03-16,albert_park,HUL,sauber,0,17,2,0.01831564,0.0,0.0,1.0,0.43826893,0.0,0.5,7,Finished,1,0,0.01063509
2025,1,2025-03-16,albert_park,LAW,red_bull,0,18,0,0.01426423,0.0,0.0,1.0,0.5,0.0,0.5,15,Retired,0,0,0.01101
2025,1,2025-03-16,albert_park,OCO,haas,0,19,3,0.011109,0.0,0.0,1.0,0.1519523,0.0,0.5,13,Finished,1,0,0.00828069
2025,1,2025-03-16,albert_park,BEA,haas,0,20,0,0.0086517,0.0,0.0,1.0,0.5,0.0,0.5,14,Finished,1,0,0.01079921
2025,2,2025-03-23,shanghai,PIA,mclaren,1,1,1,1.0,1.0,0.75147729,0.20189652,0.43488372,0.08,0.5,1,Finished,1,1,0.31053728
2025,2,2025-03-23,shanghai,RUS,mercedes,1,2,2,0.77880078,1.0,0.42437285,0.67032005,0.38556717,0.6,0.5,3,Finished,1,0,0.23863384
2025,2,2025-03-23,shanghai,NOR,mclaren,1,3,2,0.60653066,1.0,0.13533528,1.0,0.60307253,1.0,0.5,2,Finished,1,0,0.21495792
2025,2,2025-03-23,shanghai,VER,red_bull,1,4,3,0.47236655,0.66666667,0.56471812,0.81873075,1.0,0.72,0.5,4,Finished,1,0,0.13804885
2025,2,2025-03-23,shanghai,HAM,ferrari,1,5,3,0.36787944,0.18518519,1.0,0.16529889,0.73115271,0.04,0.5,19,Disqualified,0,0,0.02491208
2025,2,2025-03-23,shanghai,LEC,ferrari,1,6,3,0.2865048,0.18518519,0.31890656,0.24659696,0.54511809,0.16,0.5,18,Disqualified,0,0,0.00943831
2025,2,2025-03-23,shanghai,HAD,rb,1,7,0,0.22313016,0.0,0.03243324,0.0,0.5,0.0,0.5,11,Finished,1,0,0.00308165
2025,2,2025-03-23,shanghai,ANT,mercedes,1,8,0,0.17377394,1.0,0.18009231,0.54881164,0.5,0.48,0.5,6,Finished,1,0,0.0263584
2025,2,2025-03-23,shanghai,TSU,rb,1,9,1,0.13533528,0.0,0.23965104,0.11080316,0.3,0.0,0.5,16,Lapped,1,0,0.00288748
2025,2,2025-03-23,shanghai,ALB,williams,1,10,2,0.10539922,0.37037037,0.05743262,0.44932896,0.29343176,0.4,0.5,7,Finished,1,0,0.00624515
2025,2,2025-03-23,shanghai,OCO,haas,1,11,2,0.082085,0.0,0.01376379,0.09071795,0.29529185,0.0,0.5,5,Finished,1,0,0.00187247
2025,2,2025-03-23,shanghai,HUL,sauber,1,12,3,0.06392786,0.22222222,0.00584098,0.30119421,0.21707579,0.24,0.5,15,Lapped,1,0,0.003185
2025,2,2025-03-23,shanghai,ALO,aston_martin,1,13,2,0.04978707,0.2962963,0.07642629,0.0,0.44271444,0.0,0.5,17,Retired,0,0,0.00270818
2025,2,2025-03-23,shanghai,STR,aston_martin,1,14,3,0.03877421,0.2962963,0.10170139,0.36787944,0.10909094,0.32,0.5,9,Finished,1,0,0.00377552
2025,2,2025-03-23,shanghai,SAI,williams,1,15,3,0.03019738,0.37037037,0.01034317,0.0,0.37435139,0.0,0.5,10,Finished,1,0,0.00249011
2025,2,2025-03-23,shanghai,GAS,alpine,1,16,3,0.02351775,0.0,0.04315931,0.13533528,0.22682297,0.0,0.5,20,Disqualified,0,0,0.00161543
2025,2,2025-03-23,shanghai,BEA,haas,1,17,0,0.01831564,0.0,0.01831564,0.07427358,0.5,0.0,0.5,8,Finished,1,0,0.00176114
2025,2,2025-03-23,shanghai,DOO,alpine,1,18,0,0.01426423,0.0,0.00438936,0.0,0.5,0.0,0.5,13,Finished,1,0,0.00159739
2025,2,2025-03-23,shanghai,BOR,sauber,1,19,0,0.011109,0.22222222,0.00777266,0.0,0.5,0.0,0.5,14,Lapped,1,0,0.00211292
2025,2,2025-03-23,shanghai,LAW,red_bull,1,20,0,0.0086517,0.66666667,0.02437284,0.0,0.5,0.0,0.5,12,Finished,1,0,0.00378088
2025,3,2025-04-06,suzuka,VER,red_bull,0,1,3,1.0,0.42857143,0.0,0.7519213,1.0,0.81818182,0.5,1,Finished,1,1,0.37298788
2025,3,2025-04-06,suzuka,NOR,mclaren,0,2,3,0.77880078,1.0,0.0,1.0,0.50231361,1.0,0.5,2,Finished,1,0,0.41283307
2025,3,2025-04-06,suzuka,PIA,mclaren,0,3,2,0.60653066,1.0,0.0,0.66084357,0.44869626,0.77272727,0.5,3,Finished,1,0,0.12664767
2025,3,2025-04-06,suzuka,LEC,ferrari,0,4,3,0.47236655,0.07142857,0.0,0.13558739,0.57642718,0.18181818,0.5,4,Finished,1,0,0.00796736
2025,3,2025-04-06,suzuka,RUS,mercedes,0,5,3,0.36787944,0.71428571,0.0,0.7371295,0.28878575,0.79545455,0.5,5,Finished,1,0,0.0355961
2025,3,2025-04-06,suzuka,ANT,mercedes,0,6,0,0.2865048,0.71428571,0.0,0.50402792,0.5,0.5,0.5,6,Finished,1,0,0.01955634
2025,3,2025-04-06,suzuka,HAD,rb,0,7,0,0.22313016,0.0,0.0,0.07441194,0.5,0.0,0.5,8,Finished,1,0,0.00232083
2025,3,2025-04-06,suzuka,HAM,ferrari,0,8,3,0.17377394,0.07142857,0.0,0.09088695,0.33685967,0.20454545,0.5,7,Finished,1,0,0.00228827
2025,3,2025-04-06,suzuka,ALB,williams,0,9,3,0.13533528,0.24285714,0.0,0.41266316,0.0,0.36363636,0.5,9,Finished,1,0,0.00317982
2025,3,2025-04-06,suzuka,BEA,haas,0,10,0,0.10539922,0.2,0.0,0.17642553,0.5,0.09090909,0.5,10,Finished,1,0,0.00249341
2025,3,2025-04-06,suzuka,GAS,alpine,0,11,3,0.082085,0.0,0.0,0.07441194,0.08281042,0.0,0.5,13,Finished,1,0,0.00102806
2025,3,2025-04-06,suzuka,SAI,williams,0,12,3,0.06392786,0.24285714,0.0,0.09088695,0.42174348,0.02272727,0.5,14,Finished,1,0,0.00187047
2025,3,2025-04-06,suzuka,ALO,aston_martin,0,13,3,0.04978707,0.14285714,0.0,0.0,0.31413383,0.0,0.5,11,Finished,1,0,0.00125718
2025,3,2025-04-06,suzuka,LAW,rb,0,14,1,0.03877421,0.0,0.0,0.06092334,0.35413411,0.0,0.5,17,Finished,1,0,0.00108058
2025,3,2025-04-06,suzuka,TSU,red_bull,0,15,3,0.03019738,0.42857143,0.0,0.08829797,0.13100913,0.06818182,0.5,12,Finished,1,0,0.00180082
2025,3,2025-04-06,suzuka,HUL,sauber,0,16,2,0.02351775,0.08571429,0.0,0.19904226,0.24662495,0.13636364,0.5,16,Finished,1,0,0.00138225
2025,3,2025-04-06,suzuka,BOR,sauber,0,17,0,0.01831564,0.08571429,0.0,0.04083814,0.5,0.0,0.5,19,Finished,1,0,0.0012544
2025,3,2025-04-06,suzuka,OCO,haas,0,18,3,0.01426423,0.2,0.0,0.29693616,0.21661066,0.22727273,0.5,18,Finished,1,0,0.00184865
2025,3,2025-04-06,suzuka,DOO,alpine,0,19,0,0.011109,0.0,0.0,0.04987981,0.5,0.0,0.5,15,Finished,1,0,0.00108882
2025,3,2025-04-06,suzuka,STR,aston_martin,0,20,3,0.0086517,0.14285714,0.0,0.31328219,0.07554761,0.22727273,0.5,20,Lapped,1,0,0.00151802
2025,4,2025-04-13,bahrain,PIA,mclaren,0,1,2,1.0,1.0,0.0,0.7098555,0.29701857,0.79032258,0.33333333,1,Finished,1,1,0.53631084
2025,4,2025-04-13,bahrain,RUS,mercedes,0,2,3,0.77880078,0.66019417,0.0,0.67867116,0.54974749,0.72580645,1.0,2,Finished,1,0,0.23596339
2025,4,2025-04-13,bahrain,LEC,ferrari,0,3,3,0.60653066,0.22330097,0.0,0.30158112,0.61694802,0.32258065,0.5,4,Finished,1,0,0.02729299
2025,4,2025-04-13,bahrain,ANT,mercedes,0,4,0,0.47236655,0.66019417,0.0,0.48704806,0.5,0.48387097,0.0,11,Finished,1,0,0.03243039
2025,4,2025-04-13,bahrain,GAS,alpine,0,5,3,0.36787944,0.0,0.0,0.08570864,0.1027652,0.0,0.5,7,Finished,1,0,0.00353446
2025,4,2025-04-13,bahrain,NOR,mclaren,0,6,3,0.2865048,1.0,0.0,1.0,0.25106942,1.0,0.66666667,3,Finished,1,0,0.08428411
2025,4,2025-04-13,bahrain,VER,red_bull,0,7,3,0.22313016,0.53398058,0.0,0.8976595,1.0,0.98387097,0.5,6,Finished,1,0,0.050005
2025,4,2025-04-13,bahrain,SAI,williams,0,8,3,0.17377394,0.18446602,0.0,0.09083449,0.86109033,0.01612903,0.5,19,Retired,0,0,0.00439978
2025,4,2025-04-13,bahrain,HAM,ferrari,0,9,3,0.13533528,0.22330097,0.0,0.176872,0.55934383,0.24193548,0.5,5,Finished,1,0,0.00422
2025,4,2025-04-13,bahrain,TSU,red_bull,0,10,3,0.10539922,0.53398058,0.0,0.10289947,0.17194515,0.0483871,0.5,9,Finished,1,0,0.00351799
2025,4,2025-04-13,bahrain,DOO,alpine,0,11,0,0.082085,0.0,0.0,0.05745222,0.5,0.0,0.5,14,Finished,1,0,0.00175126
2025,4,2025-04-13,bahrain,HAD,rb,0,12,0,0.06392786,0.03883495,0.0,0.14481055,0.5,0.06451613,0.5,13,Finished,1,0,0.00201472
2025,4,2025-04-13,bahrain,ALO,aston_martin,0,13,3,0.04978707,0.09708738,0.0,0.0513127,0.45415812,0.0,0.5,15,Finished,1,0,0.00173268
2025,4,2025-04-13,bahrain,OCO,haas,0,14,3,0.03877421,0.14563107,0.0,0.21741367,0.1125643,0.16129032,0.66666667,8,Finished,1,0,0.00202032
2025,4,2025-04-13,bahrain,ALB,williams,0,15,3,0.03019738,0.18446602,0.0,0.36111226,0.13051662,0.29032258,0.5,12,Finished,1,0,0.00251006
2025,4,2025-04-13,bahrain,HUL,sauber,0,16,3,0.02351775,0.05825243,0.0,0.1561317,0.06631483,0.09677419,0.5,20,Disqualified,0,0,0.00133133
2025,4,2025-04-13,bahrain,LAW,rb,0,17,0,0.01831564,0.03883495,0.0,0.05746638,0.5,0.0,0.5,16,Finished,1,0,0.00148889
2025,4,2025-04-13,bahrain,BOR,sauber,0,18,0,0.01426423,0.05825243,0.0,0.03852087,0.5,0.0,0.5,18,Finished,1,0,0.00148028
2025,4,2025-04-13,bahrain,STR,aston_martin,0,19,3,0.011109,0.09708738,0.0,0.22451389,0.28130357,0.16129032,0.5,17,Finished,1,0,0.00181273
2025,4,2025-04-13,bahrain,BEA,haas,0,20,0,0.0086517,0.14563107,0.0,0.18433233,0.5,0.08064516,0.33333333,10,Finished,1,0,0.00189877
2025,5,2025-04-20,jeddah,VER,red_bull,0,1,3,1.0,0.45454545,0.0,0.82696568,1.0,0.8961039,1.0,2,Finished,1,0,0.47947232
2025,5,2025-04-20,jeddah,PIA,mclaren,0,2,2,0.77880078,1.0,0.0,0.86832111,0.41495517,0.96103896,0.5,1,Finished,1,1,0.30793459
2025,5,2025-04-20,jeddah,RUS,mercedes,0,3,3,0.60653066,0.6013986,0.0,0.78865541,0.47113339,0.81818182,1.0,5,Finished,1,0,0.10732207
2025,5,2025-04-20,jeddah,LEC,ferrari,0,4,3,0.47236655,0.31468531,0.0,0.4063812,0.62250456,0.41558442,1.0,3,Finished,1,0,0.02324686
2025,5,2025-04-20,jeddah,ANT,mercedes,0,5,0,0.36787944,0.6013986,0.0,0.42926227,0.5,0.38961039,0.0,6,Finished,1,0,0.01430287
2025,5,2025-04-20,jeddah,SAI,williams,0,6,2,0.2865048,0.13286713,0.0,0.07242693,0.51465937,0.01298701,0.5,8,Finished,1,0,0.00331189
2025,5,2025-04-20,jeddah,HAM,ferrari,0,7,3,0.22313016,0.31468531,0.0,0.27686897,0.28897444,0.32467532,0.0,7,Finished,1,0,0.0038588
2025,5,2025-04-20,jeddah,TSU,red_bull,0,8,3,0.17377394,0.45454545,0.0,0.14308378,0.07502962,0.06493506,0.0,19,Retired,0,0,0.00237156
2025,5,2025-04-20,jeddah,GAS,alpine,0,9,3,0.13533528,0.04195804,0.0,0.15939609,0.1276468,0.07792208,0.5,20,Retired,0,0,0.00153469
2025,5,2025-04-20,jeddah,NOR,mclaren,0,10,3,0.10539922,1.0,0.0,1.0,0.20535683,1.0,0.5,4,Finished,1,0,0.04223579
2025,5,2025-04-20,jeddah,ALB,williams,0,11,3,0.082085,0.13286713,0.0,0.32143079,0.06528124,0.23376623,0.5,9,Finished,1,0,0.00199317
2025,5,2025-04-20,jeddah,LAW,rb,0,12,0,0.06392786,0.02797203,0.0,0.06087235,0.5,0.0,0.0,12,Finished,1,0,0.00106385
2025,5,2025-04-20,jeddah,ALO,aston_martin,0,13,3,0.04978707,0.06993007,0.0,0.05929816,0.44307939,0.0,0.5,11,Finished,1,0,0.00135798
2025,5,2025-04-20,jeddah,HAD,rb,0,14,0,0.03877421,0.02797203,0.0,0.14289039,0.5,0.05194805,1.0,10,Finished,1,0,0.00194937
2025,5,2025-04-20,jeddah,BEA,haas,0,15,1,0.03019738,0.13986014,0.0,0.19695022,0.42785174,0.07792208,0.25,13,Finished,1,0,0.00155786
2025,5,2025-04-20,jeddah,STR,aston_martin,0,16,3,0.02351775,0.06993007,0.0,0.1913394,0.02187966,0.12987013,0.5,16,Lapped,1,0,0.00114295
2025,5,2025-04-20,jeddah,DOO,alpine,0,17,0,0.01831564,0.04195804,0.0,0.06826376,0.5,0.0,0.5,17,Lapped,1,0,0.00125509
2025,5,2025-04-20,jeddah,HUL,sauber,0,18,3,0.01426423,0.04195804,0.0,0.1244917,0.14387199,0.07792208,0.5,15,Lapped,1,0,0.00104308
2025,5,2025-04-20,jeddah,OCO,haas,0,19,3,0.011109,0.13986014,0.0,0.24790547,0.21575084,0.18181818,0.75,14,Finished,1,0,0.00186458
2025,5,2025-04-20,jeddah,BOR,sauber,0,20,0,0.0086517,0.04195804,0.0,0.04080396,0.5,0.0,0.5,18,Lapped,1,0,0.00118063
2025,6,2025-05-04,miami,VER,red_bull,1,1,3,1.0,0.46111111,0.01034317,0.91785997,1.0,0.87878788,1.0,4,Finished,1,0,0.26413426
2025,6,2025-05-04,miami,NOR,mclaren,1,2,3,0.77880078,1.0,1.0,0.99596526,0.50949516,0.8989899,0.4,2,Finished,1,0,0.49362136
2025,6,2025-05-04,miami,ANT,mercedes,1,3,0,0.60653066,0.57777778,0.18009231,0.46169557,0.5,0.38383838,0.0,6,Finished,1,0,0.02445898
2025,6,2025-05-04,miami,PIA,mclaren,1,4,2,0.47236655,1.0,0.75147729,1.0,0.22077067,1.0,0.6,1,Finished,1,1,0.14370335
2025,6,2025-05-04,miami,RUS,mercedes,1,5,3,0.36787944,0.57777778,0.42437285,0.78973599,0.42374625,0.73737374,1.0,3,Finished,1,0,0.03967384
2025,6,2025-05-04,miami,SAI,williams,1,6,3,0.2865048,0.13888889,0.0,0.12555326,0.54441102,0.05050505,0.33333333,9,Finished,1,0,0.00301066
2025,6,2025-05-04,miami,ALB,williams,1,7,3,0.22313016,0.13888889,0.05743262,0.3267171,0.09229217,0.2020202,0.66666667,5,Finished,1,0,0.00301147
2025,6,2025-05-04,miami,LEC,ferrari,1,8,3,0.17377394,0.36666667,0.0,0.52025507,0.63927365,0.47474747,1.0,7,Finished,1,0,0.00792116
2025,6,2025-05-04,miami,OCO,haas,1,9,3,0.13533528,0.11111111,0.04315931,0.2309506,0.21296794,0.14141414,0.6,12,Finished,1,0,0.0020344
2025,6,2025-05-04,miami,TSU,red_bull,1,10,3,0.10539922,0.46111111,0.23965104,0.12222713,0.22357141,0.05050505,0.0,10,Finished,1,0,0.00239751
2025,6,2025-05-04,miami,HAD,rb,1,11,0,0.082085,0.02777778,0.07642629,0.16475036,0.5,0.05050505,1.0,11,Finished,1,0,0.00206237
2025,6,2025-05-04,miami,HAM,ferrari,1,12,3,0.06392786,0.36666667,0.56471812,0.31429448,0.40091269,0.31313131,0.0,8,Finished,1,0,0.00436189
2025,6,2025-05-04,miami,BOR,sauber,1,13,0,0.04978707,0.03333333,0.01831564,0.0434748,0.5,0.0,0.33333333,18,Retired,0,0,0.00114492
2025,6,2025-05-04,miami,DOO,alpine,1,14,0,0.03877421,0.03333333,0.01376379,0.06884011,0.5,0.0,0.5,20,Retired,0,0,0.00121228
2025,6,2025-05-04,miami,LAW,rb,1,15,0,0.03019738,0.02777778,0.03243324,0.08061419,0.5,0.0,0.0,17,Retired,0,0,0.00097774
2025,6,2025-05-04,miami,HUL,sauber,1,16,2,0.02351775,0.03333333,0.10170139,0.12204932,0.24912938,0.06060606,0.66666667,14,Lapped,1,0,0.00126592
2025,6,2025-05-04,miami,ALO,aston_martin,1,17,3,0.01831564,0.05555556,0.0,0.08560488,0.36596668,0.0,1.0,15,Lapped,1,0,0.00132636
2025,6,2025-05-04,miami,GAS,alpine,1,18,3,0.01426423,0.03333333,0.13533528,0.13616166,0.14039566,0.06060606,0.5,13,Finished,1,0,0.0011196
2025,6,2025-05-04,miami,STR,aston_martin,1,19,3,0.011109,0.05555556,0.31890656,0.17630626,0.09955456,0.1010101,0.0,16,Lapped,1,0,0.00117333
2025,6,2025-05-04,miami,BEA,haas,1,20,0,0.0086517,0.11111111,0.02437284,0.19166962,0.5,0.06060606,0.4,19,Retired,0,0,0.00138862
2025,7,2025-05-18,imola,PIA,mclaren,0,1,1,1.0,1.0,0.0,1.0,0.51952465,1.0,0.66666667,3,Finished,1,0,0.72170602
2025,7,2025-05-18,imola,VER,red_bull,0,2,3,0.77880078,0.39795918,0.0,0.70321379,1.0,0.75572519,1.0,1,Finished,1,1,0.13904335
2025,7,2025-05-18,imola,RUS,mercedes,0,3,3,0.60653066,0.51020408,0.0,0.65477927,0.31152834,0.70992366,1.0,7,Finished,1,0,0.04645031
2025,7,2025-05-18,imola,NOR,mclaren,0,4,3,0.47236655,1.0,0.0,0.78695334,0.73777946,0.8778626,0.33333333,2,Finished,1,0,0.06850314
2025,7,2025-05-18,imola,ALO,aston_martin,0,5,3,0.36787944,0.01020408,0.0,0.08399653,0.0499878,0.0,1.0,11,Finished,1,0,0.0026595
2025,7,2025-05-18,imola,SAI,williams,0,6,3,0.2865048,0.1377551,0.0,0.14732737,0.30636066,0.05343511,0.25,8,Finished,1,0,0.00217991
2025,7,2025-05-18,imola,ALB,williams,0,7,2,0.22313016,0.1377551,0.0,0.27088494,0.21122209,0.22900763,0.75,5,Finished,1,0,0.00254392
2025,7,2025-05-18,imola,STR,aston_martin,0,8,3,0.17377394,0.01020408,0.0,0.07806823,0.20041101,0.10687023,0.0,15,Finished,1,0,0.00095094
2025,7,2025-05-18,imola,HAD,rb,0,9,0,0.13533528,0.0255102,0.0,0.16557417,0.5,0.03816794,1.0,9,Finished,1,0,0.00167837
2025,7,2025-05-18,imola,GAS,alpine,0,10,3,0.10539922,0.03061224,0.0,0.10333984,0.12633927,0.05343511,0.5,13,Finished,1,0,0.0008751
2025,7,2025-05-18,imola,LEC,ferrari,0,11,3,0.082085,0.3622449,0.0,0.44303977,0.5464734,0.40458015,1.0,6,Finished,1,0,0.00377701
2025,7,2025-05-18,imola,HAM,ferrari,0,12,3,0.06392786,0.3622449,0.0,0.27799259,0.3821579,0.3129771,0.0,4,Finished,1,0,0.00159311
2025,7,2025-05-18,imola,ANT,mercedes,0,13,0,0.04978707,0.51020408,0.0,0.3440563,0.5,0.36641221,0.0,19,Retired,0,0,0.00221698
2025,7,2025-05-18,imola,BOR,sauber,0,14,0,0.03877421,0.0,0.0,0.03604546,0.5,0.0,0.33333333,18,Finished,1,0,0.00070689
2025,7,2025-05-18,imola,COL,alpine,0,15,0,0.03019738,0.03061224,0.0,0.53529522,0.5,0.0,0.5,16,Finished,1,0,0.00125351
2025,7,2025-05-18,imola,BEA,haas,0,16,0,0.02351775,0.10204082,0.0,0.14301219,0.5,0.04580153,0.4,17,Finished,1,0,0.00090297
2025,7,2025-05-18,imola,LAW,rb,0,16,0,0.02351775,0.0255102,0.0,0.06683816,0.5,0.0,0.0,14,Finished,1,0,0.00061196
2025,7,2025-05-18,imola,HUL,sauber,0,17,1,0.01831564,0.0,0.0,0.0526047,0.35413411,0.04580153,0.66666667,12,Finished,1,0,0.00071659
2025,7,2025-05-18,imola,OCO,haas,0,18,3,0.01426423,0.10204082,0.0,0.19578443,0.10327879,0.10687023,0.6,20,Retired,0,0,0.00078897
2025,7,2025-05-18,imola,TSU,red_bull,0,20,3,0.0086517,0.39795918,0.0,0.11300845,0.19615292,0.06870229,0.0,10,Finished,1,0,0.00084143
2025,8,2025-05-25,monaco,NOR,mclaren,0,1,3,1.0,1.0,0.0,0.84672395,0.57057686,0.9109589,0.42857143,1,Finished,1,1,0.61397805
2025,8,2025-05-25,monaco,LEC,ferrari,0,2,3,0.77880078,0.48924731,0.0,0.56144184,1.0,0.41780822,0.83333333,2,Finished,1,0,0.11265017
2025,8,2025-05-25,monaco,PIA,mclaren,0,3,2,0.60653066,1.0,0.0,1.0,0.68810002,1.0,0.57142857,3,Finished,1,0,0.18909867
2025,8,2025-05-25,monaco,HAM,ferrari,0,4,3,0.47236655,0.48924731,0.0,0.4255423,0.52787357,0.3630137,0.16666667,5,Finished,1,0,0.0151294
2025,8,2025-05-25,monaco,VER,red_bull,0,5,3,0.36787944,0.49462366,0.0,0.86056935,0.91586908,0.84931507,1.0,4,Finished,1,0,0.04210784
2025,8,2025-05-25,monaco,HAD,rb,0,6,0,0.2865048,0.03763441,0.0,0.19348428,0.5,0.04794521,1.0,6,Lapped,1,0,0.00360662
2025,8,2025-05-25,monaco,ALO,aston_martin,0,7,3,0.22313016,0.0,0.0,0.12155488,0.56076239,0.0,1.0,19,Retired,0,0,0.00251613
2025,8,2025-05-25,monaco,OCO,haas,0,8,3,0.17377394,0.03225806,0.0,0.10713788,0.34246248,0.09589041,0.6,7,Lapped,1,0,0.00163613
2025,8,2025-05-25,monaco,LAW,rb,0,9,0,0.13533528,0.03763441,0.0,0.06349893,0.5,0.0,0.0,8,Lapped,1,0,0.0010856
2025,8,2025-05-25,monaco,ALB,williams,0,10,3,0.10539922,0.1827957,0.0,0.32558657,0.16573175,0.2739726,0.8,9,Lapped,1,0,0.0020786
2025,8,2025-05-25,monaco,SAI,williams,0,11,3,0.082085,0.1827957,0.0,0.17724668,0.81747228,0.07534247,0.2,10,Lapped,1,0,0.00173404
2025,8,2025-05-25,monaco,TSU,red_bull,0,12,3,0.06392786,0.49462366,0.0,0.14820336,0.20206331,0.06849315,0.0,17,Lapped,1,0,0.00139735
2025,8,2025-05-25,monaco,HUL,sauber,0,13,2,0.04978707,0.0,0.0,0.06811757,0.19066774,0.04109589,0.75,16,Lapped,1,0,0.00085623
2025,8,2025-05-25,monaco,RUS,mercedes,0,14,3,0.03877421,0.44623656,0.0,0.61947153,0.64528357,0.67808219,1.0,11,Lapped,1,0,0.00626104
2025,8,2025-05-25,monaco,ANT,mercedes,0,15,0,0.03019738,0.44623656,0.0,0.28543569,0.5,0.32876712,0.0,18,Lapped,1,0,0.0019577
2025,8,2025-05-25,monaco,BOR,sauber,0,16,0,0.02351775,0.0,0.0,0.02936054,0.5,0.0,0.25,14,Lapped,1,0,0.00072051
2025,8,2025-05-25,monaco,BEA,haas,0,17,0,0.01831564,0.03225806,0.0,0.10645387,0.5,0.04109589,0.4,12,Lapped,1,0,0.00087575
2025,8,2025-05-25,monaco,GAS,alpine,0,18,3,0.01426423,0.03225806,0.0,0.13208837,0.28970316,0.04794521,1.0,20,Retired,0,0,0.00099934
2025,8,2025-05-25,monaco,STR,aston_martin,0,19,3,0.011109,0.0,0.0,0.05149406,0.0727259,0.09589041,0.0,15,Lapped,1,0,0.00049496
2025,8,2025-05-25,monaco,COL,alpine,0,20,0,0.0086517,0.03225806,0.0,0.05734992,0.5,0.0,0.5,13,Lapped,1,0,0.00081589
2025,9,2025-06-01,catalunya,PIA,mclaren,0,1,2,1.0,1.0,0.0,1.0,0.31444289,1.0,0.5,1,Finished,1,1,0.57869635
2025,9,2025-06-01,catalunya,NOR,mclaren,0,2,3,0.77880078,1.0,0.0,0.8884849,0.4411649,0.98136646,0.5,2,Finished,1,0,0.2606745
2025,9,2025-06-01,catalunya,VER,red_bull,0,3,3,0.60653066,0.40932642,0.0,0.75662423,1.0,0.8447205,1.0,10,Finished,1,0,0.09309866
2025,9,2025-06-01,catalunya,RUS,mercedes,0,4,3,0.47236655,0.33678756,0.0,0.54713342,0.61508895,0.61490683,1.0,4,Finished,1,0,0.025887
2025,9,2025-06-01,catalunya,HAM,ferrari,0,5,3,0.36787944,0.52331606,0.0,0.4596697,0.66731639,0.39130435,0.14285714,6,Finished,1,0,0.01240177
2025,9,2025-06-01,catalunya,ANT,mercedes,0,6,0,0.2865048,0.33678756,0.0,0.2083719,0.5,0.29813665,0.0,18,Retired,0,0,0.00411573
2025,9,2025-06-01,catalunya,LEC,ferrari,0,7,3,0.22313016,0.52331606,0.0,0.62362602,0.24730166,0.49068323,0.85714286,3,Finished,1,0,0.00993229
2025,9,2025-06-01,catalunya,GAS,alpine,0,8,3,0.17377394,0.03108808,0.0,0.1111887,0.16498396,0.04347826,1.0,8,Finished,1,0,0.00164524
2025,9,2025-06-01,catalunya,HAD,rb,0,9,0,0.13533528,0.07772021,0.0,0.22142543,0.5,0.0931677,1.0,7,Finished,1,0,0.00235497
2025,9,2025-06-01,catalunya,ALO,aston_martin,0,10,3,0.10539922,0.0,0.0,0.09037623,0.19208517,0.0,1.0,9,Finished,1,0,0.0011985
2025,9,2025-06-01,catalunya,ALB,williams,0,11,3,0.082085,0.18134715,0.0,0.32558657,0.03859584,0.26086957,0.83333333,19,Retired,0,0,0.00186938
2025,9,2025-06-01,catalunya,BOR,sauber,0,12,0,0.06392786,0.0,0.0,0.04017688,0.5,0.0,0.4,12,Finished,1,0,0.00093339
2025,9,2025-06-01,catalunya,LAW,rb,0,13,0,0.04978707,0.07772021,0.0,0.1109193,0.5,0.02484472,0.0,11,Finished,1,0,0.00090159
2025,9,2025-06-01,catalunya,STR,aston_martin,0,14,3,0.03877421,0.0,0.0,0.06034973,0.16463374,0.08695652,0.0,,,,0,0.00059089
2025,9,2025-06-01,catalunya,BEA,haas,0,15,0,0.03019738,0.05699482,0.0,0.0938991,0.5,0.03726708,0.33333333,17,Finished,1,0,0.00095477
2025,9,2025-06-01,catalunya,HUL,sauber,0,16,2,0.02351775,0.0,0.0,0.06811757,0.24302148,0.03726708,0.6,5,Finished,1,0,0.00077691
2025,9,2025-06-01,catalunya,OCO,haas,0,17,3,0.01831564,0.05699482,0.0,0.16883867,0.22205176,0.1242236,0.66666667,16,Finished,1,0,0.00100759
2025,9,2025-06-01,catalunya,SAI,williams,0,18,3,0.01426423,0.18134715,0.0,0.19821716,0.43491615,0.07453416,0.16666667,14,Finished,1,0,0.00109572
2025,9,2025-06-01,catalunya,COL,alpine,0,19,0,0.011109,0.03108808,0.0,0.08092414,0.5,0.0,0.5,15,Finished,1,0,0.00089436
2025,9,2025-06-01,catalunya,TSU,red_bull,0,20,3,0.0086517,0.40932642,0.0,0.13206727,0.08524335,0.0621118,0.0,13,Finished,1,0,0.00097038
2025,10,2025-06-15,villeneuve,RUS,mercedes,0,1,3,1.0,0.30102041,0.0,0.48494925,0.42942085,0.59677419,1.0,1,Finished,1,1,0.24084297
2025,10,2025-06-15,villeneuve,VER,red_bull,0,2,3,0.77880078,0.35714286,0.0,0.70995357,1.0,0.73655914,1.0,2,Finished,1,0,0.27257867
2025,10,2025-06-15,villeneuve,PIA,mclaren,0,3,2,0.60653066,1.0,0.0,1.0,0.38302434,1.0,0.55555556,4,Finished,1,0,0.32391467
2025,10,2025-06-15,villeneuve,ANT,mercedes,0,4,0,0.47236655,0.30102041,0.0,0.17719326,0.5,0.25806452,0.0,3,Finished,1,0,0.0138808
2025,10,2025-06-15,villeneuve,HAM,ferrari,0,5,3,0.36787944,0.52040816,0.0,0.4409053,0.61508895,0.38172043,0.125,6,Finished,1,0,0.02286027
2025,10,2025-06-15,villeneuve,ALO,aston_martin,0,6,3,0.2865048,0.01020408,0.0,0.12287984,0.47360874,0.01075269,1.0,7,Finished,1,0,0.00592288
2025,10,2025-06-15,villeneuve,NOR,mclaren,0,7,3,0.22313016,1.0,0.0,0.92267588,0.41483561,0.94623656,0.44444444,18,Retired,0,0,0.07401444
2025,10,2025-06-15,villeneuve,LEC,ferrari,0,8,3,0.17377394,0.52040816,0.0,0.65161922,0.2767421,0.50537634,0.875,5,Finished,1,0,0.01797442
2025,10,2025-06-15,villeneuve,HAD,rb,0,9,0,0.13533528,0.10714286,0.0,0.26991511,0.5,0.11290323,1.0,16,Lapped,1,0,0.00526775
2025,10,2025-06-15,villeneuve,ALB,williams,0,10,3,0.10539922,0.17857143,0.0,0.30005965,0.11645224,0.22580645,0.83333333,20,Retired,0,0,0.00406122
2025,10,2025-06-15,villeneuve,TSU,red_bull,0,11,3,0.082085,0.35714286,0.0,0.10645387,0.05739322,0.05376344,0.0,12,Lapped,1,0,0.0021885
2025,10,2025-06-15,villeneuve,COL,alpine,0,12,0,0.06392786,0.02040816,0.0,0.07729854,0.5,0.0,0.5,13,Lapped,1,0,0.00210476
2025,10,2025-06-15,villeneuve,HUL,sauber,0,13,2,0.04978707,0.05102041,0.0,0.17163432,0.24302148,0.08602151,0.66666667,8,Finished,1,0,0.00220388
2025,10,2025-06-15,villeneuve,BEA,haas,0,14,0,0.03877421,0.03061224,0.0,0.06520824,0.5,0.03225806,0.28571429,11,Lapped,1,0,0.00178514
2025,10,2025-06-15,villeneuve,OCO,haas,0,15,3,0.03019738,0.03061224,0.0,0.12349746,0.23720749,0.10752688,0.71428571,9,Lapped,1,0,0.00196658
2025,10,2025-06-15,villeneuve,BOR,sauber,0,16,0,0.02351775,0.05102041,0.0,0.05801524,0.5,0.0,0.33333333,14,Lapped,1,0,0.00172861
2025,10,2025-06-15,villeneuve,SAI,williams,0,17,3,0.01831564,0.17857143,0.0,0.21532836,0.32904348,0.06451613,0.16666667,10,Lapped,1,0,0.0020589
2025,10,2025-06-15,villeneuve,STR,aston_martin,0,18,3,0.01426423,0.01020408,0.0,0.06369863,0.23871419,0.07526882,0.0,17,Lapped,1,0,0.00116286
2025,10,2025-06-15,villeneuve,LAW,rb,0,19,0,0.011109,0.10714286,0.0,0.13062797,0.5,0.02150538,0.0,19,Retired,0,0,0.00168025
2025,10,2025-06-15,villeneuve,GAS,alpine,0,20,3,0.0086517,0.02040816,0.0,0.09861054,0.14390705,0.05913978,1.0,15,Lapped,1,0,0.0018024
2025,11,2025-06-29,red_bull_ring,NOR,mclaren,0,1,3,1.0,1.0,0.0,0.88860654,0.35743764,0.88888889,0.44444444,1,Finished,1,1,0.52991305
2025,11,2025-06-29,red_bull_ring,LEC,ferrari,0,2,3,0.77880078,0.57894737,0.0,0.670391,0.77529428,0.52525253,0.88888889,3,Finished,1,0,0.13624403
2025,11,2025-06-29,red_bull_ring,PIA,mclaren,0,3,2,0.60653066,1.0,0.0,1.0,0.63565019,1.0,0.55555556,2,Finished,1,0,0.22123666
2025,11,2025-06-29,red_bull_ring,HAM,ferrari,0,4,3,0.47236655,0.57894737,0.0,0.50919682,0.67786833,0.3989899,0.11111111,4,Finished,1,0,0.0227754
2025,11,2025-06-29,red_bull_ring,RUS,mercedes,0,5,3,0.36787944,0.47368421,0.0,0.68278548,0.95287558,0.68686869,1.0,5,Finished,1,0,0.03960055
2025,11,2025-06-29,red_bull_ring,LAW,rb,0,6,0,0.2865048,0.11695906,0.0,0.11729309,0.5,0.02020202,0.0,6,Finished,1,0,0.00242637
2025,11,2025-06-29,red_bull_ring,VER,red_bull,0,7,3,0.22313016,0.40935673,0.0,0.79231036,1.0,0.78282828,1.0,18,Retired,0,0,0.02756451
2025,11,2025-06-29,red_bull_ring,BOR,sauber,0,8,0,0.17377394,0.08187135,0.0,0.07526089,0.5,0.0,0.28571429,8,Lapped,1,0,0.0016913
2025,11,2025-06-29,red_bull_ring,ANT,mercedes,0,9,0,0.13533528,0.47368421,0.0,0.27550741,0.5,0.31818182,0.0,19,Retired,0,0,0.00366253
2025,11,2025-06-29,red_bull_ring,GAS,alpine,0,10,3,0.10539922,0.02339181,0.0,0.12568428,0.19979103,0.05555556,0.8,13,Lapped,1,0,0.00137533
2025,11,2025-06-29,red_bull_ring,ALO,aston_martin,0,11,3,0.082085,0.04678363,0.0,0.17977754,0.2762267,0.04040404,1.0,7,Lapped,1,0,0.00161306
2025,11,2025-06-29,red_bull_ring,ALB,williams,0,12,3,0.06392786,0.1754386,0.0,0.28295876,0.13533528,0.21212121,0.83333333,17,Retired,0,0,0.00193376
2025,11,2025-06-29,red_bull_ring,HAD,rb,0,13,0,0.04978707,0.11695906,0.0,0.27152735,0.5,0.10606061,1.0,12,Lapped,1,0,0.00222034
2025,11,2025-06-29,red_bull_ring,COL,alpine,0,14,0,0.03877421,0.02339181,0.0,0.09385418,0.5,0.0,0.33333333,15,Lapped,1,0,0.0010179
2025,11,2025-06-29,red_bull_ring,BEA,haas,0,15,0,0.03019738,0.04678363,0.0,0.08424397,0.5,0.03030303,0.25,11,Lapped,1,0,0.0009952
2025,11,2025-06-29,red_bull_ring,STR,aston_martin,0,16,3,0.02351775,0.04678363,0.0,0.06818744,0.17797235,0.07070707,0.0,14,Lapped,1,0,0.0006771
2025,11,2025-06-29,red_bull_ring,OCO,haas,0,17,3,0.01831564,0.04678363,0.0,0.17063612,0.2485793,0.11111111,0.75,10,Lapped,1,0,0.00117291
2025,11,2025-06-29,red_bull_ring,TSU,red_bull,0,18,3,0.01426423,0.40935673,0.0,0.14729096,0.07589283,0.05050505,0.0,16,Lapped,1,0,0.00110823
2025,11,2025-06-29,red_bull_ring,SAI,williams,0,19,3,0.011109,0.1754386,0.0,0.21940492,0.59526466,0.06565657,0.16666667,20,Did not start,0,0,0.00138748
2025,11,2025-06-29,red_bull_ring,HUL,sauber,0,20,2,0.0086517,0.08187135,0.0,0.2393113,0.37353253,0.1010101,0.71428571,9,Lapped,1,0,0.00138428
2025,12,2025-07-06,silverstone,VER,red_bull,0,1,3,1.0,0.33333333,0.0,0.68304116,0.92515108,0.71759259,1.0,5,Finished,1,0,0.28730275
2025,12,2025-07-06,silverstone,PIA,mclaren,0,2,2,0.77880078,1.0,0.0,1.0,0.60994102,1.0,0.5,2,Finished,1,0,0.38529503
2025,12,2025-07-06,silverstone,NOR,mclaren,0,3,3,0.60653066,1.0,0.0,0.9809284,0.79105736,0.93055556,0.5,1,Finished,1,1,0.22767615
2025,12,2025-07-06,silverstone,RUS,mercedes,0,4,3,0.47236655,0.39766082,0.0,0.65656696,0.17431448,0.67592593,1.0,10,Finished,1,0,0.02672411
2025,12,2025-07-06,silverstone,HAM,ferrari,0,5,3,0.36787944,0.67836257,0.0,0.61558759,1.0,0.4212963,0.1,4,Finished,1,0,0.02717803
2025,12,2025-07-06,silverstone,LEC,ferrari,0,6,3,0.2865048,0.67836257,0.0,0.80270571,0.27156467,0.55092593,0.9,14,Finished,1,0,0.02326375
2025,12,2025-07-06,silverstone,ANT,mercedes,0,7,0,0.22313016,0.39766082,0.0,0.18976771,0.5,0.29166667,0.0,16,Retired,0,0,0.00398938
2025,12,2025-07-06,silverstone,BEA,haas,0,8,0,0.17377394,0.05263158,0.0,0.12485851,0.5,0.02777778,0.22222222,11,Finished,1,0,0.00170856
2025,12,2025-07-06,silverstone,ALO,aston_martin,0,9,3,0.13533528,0.08187135,0.0,0.25339104,0.37802229,0.06481481,1.0,9,Finished,1,0,0.00246301
2025,12,2025-07-06,silverstone,GAS,alpine,0,10,3,0.10539922,0.02339181,0.0,0.13182818,0.0,0.05092593,0.83333333,6,Finished,1,0,0.00120902
2025,12,2025-07-06,silverstone,SAI,williams,0,11,3,0.082085,0.10526316,0.0,0.175684,0.59025028,0.06018519,0.16666667,12,Finished,1,0,0.00152467
2025,12,2025-07-06,silverstone,TSU,red_bull,0,12,3,0.06392786,0.33333333,0.0,0.12334055,0.13150561,0.0462963,0.0,15,Lapped,1,0,0.00120339
2025,12,2025-07-06,silverstone,HAD,rb,0,13,0,0.04978707,0.16374269,0.0,0.27818491,0.5,0.09722222,0.875,17,Retired,0,0,0.00225795
2025,12,2025-07-06,silverstone,ALB,williams,0,14,3,0.03877421,0.10526316,0.0,0.17561851,0.20755803,0.19444444,0.83333333,8,Finished,1,0,0.00149927
2025,12,2025-07-06,silverstone,OCO,haas,0,15,3,0.03019738,0.05263158,0.0,0.1936735,0.02759228,0.10648148,0.77777778,13,Finished,1,0,0.00108223
2025,12,2025-07-06,silverstone,LAW,rb,0,16,0,0.02351775,0.16374269,0.0,0.22223428,0.5,0.05555556,0.125,19,Retired,0,0,0.00129897
2025,12,2025-07-06,silverstone,BOR,sauber,0,17,0,0.01831564,0.11695906,0.0,0.14544067,0.5,0.01851852,0.375,18,Retired,0,0,0.0012036
2025,12,2025-07-06,silverstone,STR,aston_martin,0,18,3,0.01426423,0.08187135,0.0,0.0797749,0.23323935,0.06481481,0.0,7,Finished,1,0,0.00073374
2025,12,2025-07-06,silverstone,HUL,sauber,0,19,2,0.011109,0.11695906,0.0,0.28542626,0.37610375,0.10185185,0.625,3,Finished,1,0,0.00149647
2025,12,2025-07-06,silverstone,COL,alpine,0,20,0,0.0086517,0.02339181,0.0,0.09515257,0.5,0.0,0.25,20,Did not start,0,0,0.00088993
2025,13,2025-07-27,spa,NOR,mclaren,1,1,3,1.0,1.0,0.56471812,0.99018241,0.40917299,0.96581197,0.54545455,2,Finished,1,0,0.46185589
2025,13,2025-07-27,spa,PIA,mclaren,1,2,2,0.77880078,1.0,0.75147729,1.0,0.56880859,1.0,0.45454545,1,Finished,1,1,0.36793451
2025,13,2025-07-27,spa,LEC,ferrari,1,3,3,0.60653066,0.59668508,0.42437285,0.69568483,0.75679037,0.50854701,0.81818182,3,Finished,1,0,0.06341477
2025,13,2025-07-27,spa,VER,red_bull,1,4,3,0.47236655,0.22651934,1.0,0.51396923,1.0,0.70512821,1.0,4,Finished,1,0,0.06744644
2025,13,2025-07-27,spa,ALB,williams,1,5,3,0.36787944,0.0441989,0.01376379,0.11629266,0.14034908,0.1965812,0.85714286,6,Finished,1,0,0.00277904
2025,13,2025-07-27,spa,RUS,mercedes,1,6,3,0.2865048,0.3480663,0.04315931,0.59606359,0.30416165,0.62820513,1.0,5,Finished,1,0,0.00965193
2025,13,2025-07-27,spa,TSU,red_bull,1,7,3,0.22313016,0.22651934,0.05743262,0.09150056,0.1205706,0.04273504,0.0,13,Finished,1,0,0.00150482
2025,13,2025-07-27,spa,HAD,rb,1,8,0,0.17377394,0.14364641,0.13533528,0.2151287,0.5,0.08974359,0.875,20,Lapped,1,0,0.00302823
2025,13,2025-07-27,spa,LAW,rb,1,9,0,0.13533528,0.14364641,0.07642629,0.19442333,0.5,0.05128205,0.125,8,Finished,1,0,0.00172059
2025,13,2025-07-27,spa,BOR,sauber,1,10,0,0.10539922,0.19337017,0.10170139,0.13119021,0.5,0.01709402,0.375,9,Finished,1,0,0.0018073
2025,13,2025-07-27,spa,OCO,haas,1,11,3,0.082085,0.04972376,0.31890656,0.20974331,0.30026761,0.0982906,0.7,15,Finished,1,0,0.0020895
2025,13,2025-07-27,spa,BEA,haas,1,12,0,0.06392786,0.04972376,0.18009231,0.1445761,0.5,0.02564103,0.3,11,Finished,1,0,0.0014425
2025,13,2025-07-27,spa,GAS,alpine,1,13,3,0.04978707,0.06629834,0.0,0.19862204,0.16376887,0.08119658,0.83333333,10,Finished,1,0,0.0012595
2025,13,2025-07-27,spa,HUL,sauber,1,14,2,0.03877421,0.19337017,0.00777266,0.419523,0.20228926,0.15811966,0.625,12,Finished,1,0,0.00182632
2025,13,2025-07-27,spa,SAI,williams,1,15,3,0.03019738,0.0441989,0.23965104,0.13371245,0.40200983,0.05555556,0.14285714,18,Finished,1,0,0.00123403
2025,13,2025-07-27,spa,HAM,ferrari,1,16,3,0.02351775,0.59668508,0.01831564,0.59189834,0.7914907,0.44017094,0.18181818,7,Finished,1,0,0.00576194
2025,13,2025-07-27,spa,COL,alpine,1,17,0,0.01831564,0.06629834,0.00584098,0.07858128,0.5,0.0,0.25,19,Finished,1,0,0.00095533
2025,13,2025-07-27,spa,ANT,mercedes,1,18,0,0.01426423,0.3480663,0.01034317,0.18246501,0.5,0.26923077,0.0,16,Finished,1,0,0.0016987
2025,13,2025-07-27,spa,ALO,aston_martin,1,19,3,0.011109,0.12154696,0.02437284,0.26089904,0.44932896,0.06837607,0.875,17,Finished,1,0,0.00168669
2025,13,2025-07-27,spa,STR,aston_martin,1,20,3,0.0086517,0.12154696,0.03243324,0.15461835,0.19689398,0.08547009,0.125,14,Finished,1,0,0.00090196
2025,14,2025-08-03,hungaroring,LEC,ferrari,0,1,3,1.0,0.54891304,0.0,0.60544608,0.55467391,0.52255639,0.83333333,4,Finished,1,0,0.27094197
2025,14,2025-08-03,hungaroring,PIA,mclaren,0,2,2,0.77880078,1.0,0.0,1.0,0.825,1.0,0.5,2,Finished,1,0,0.45242929
2025,14,2025-08-03,hungaroring,NOR,mclaren,0,3,3,0.60653066,1.0,0.0,0.8689021,0.90670029,0.93984962,0.5,1,Finished,1,1,0.20580342
2025,14,2025-08-03,hungaroring,RUS,mercedes,0,4,3,0.47236655,0.39673913,0.0,0.62412756,0.49335404,0.59022556,1.0,3,Finished,1,0,0.03088419
2025,14,2025-08-03,hungaroring,ALO,aston_martin,0,5,3,0.36787944,0.11956522,0.0,0.25008967,0.23511138,0.06015038,0.77777778,5,Finished,1,0,0.00504766
2025,14,2025-08-03,hungaroring,STR,aston_martin,0,6,3,0.2865048,0.11956522,0.0,0.14646189,0.20496391,0.07518797,0.22222222,7,Finished,1,0,0.00255862
2025,14,2025-08-03,hungaroring,BOR,sauber,0,7,0,0.22313016,0.20108696,0.0,0.15134469,0.5,0.02255639,0.44444444,6,Finished,1,0,0.00293933
2025,14,2025-08-03,hungaroring,VER,red_bull,0,8,3,0.17377394,0.22282609,0.0,0.47349281,0.96953375,0.69548872,1.0,9,Finished,1,0,0.00993551
2025,14,2025-08-03,hungaroring,LAW,rb,0,9,0,0.13533528,0.09782609,0.0,0.17911198,0.5,0.06015038,0.22222222,8,Finished,1,0,0.00173498
2025,14,2025-08-03,hungaroring,HAD,rb,0,10,0,0.10539922,0.09782609,0.0,0.11565304,0.5,0.08270677,0.77777778,11,Lapped,1,0,0.00188864
2025,14,2025-08-03,hungaroring,BEA,haas,0,11,0,0.082085,0.01630435,0.0,0.13905049,0.5,0.03007519,0.36363636,20,Retired,0,0,0.00126566
2025,14,2025-08-03,hungaroring,HAM,ferrari,0,12,3,0.06392786,0.54891304,0.0,0.50989897,0.86050477,0.40977444,0.16666667,12,Lapped,1,0,0.00538978
2025,14,2025-08-03,hungaroring,SAI,williams,0,13,3,0.04978707,0.07065217,0.0,0.09166838,0.47902881,0.06015038,0.125,14,Lapped,1,0,0.00103596
2025,14,2025-08-03,hungaroring,COL,alpine,0,14,0,0.03877421,0.07065217,0.0,0.05724944,0.5,0.0,0.2,18,Lapped,1,0,0.00096453
2025,14,2025-08-03,hungaroring,ANT,mercedes,0,15,0,0.03019738,0.39673913,0.0,0.17201628,0.5,0.23684211,0.0,10,Lapped,1,0,0.00175126
2025,14,2025-08-03,hungaroring,TSU,red_bull,0,16,3,0.02351775,0.22282609,0.0,0.09622788,0.15173523,0.03759398,0.0,17,Lapped,1,0,0.00084789
2025,14,2025-08-03,hungaroring,GAS,alpine,0,17,3,0.01831564,0.07065217,0.0,0.22246597,0.032567,0.07518797,0.85714286,19,Lapped,1,0,0.00106127
2025,14,2025-08-03,hungaroring,OCO,haas,0,18,3,0.01426423,0.01630435,0.0,0.13580349,0.07895893,0.10150376,0.63636364,16,Lapped,1,0,0.00085117
2025,14,2025-08-03,hungaroring,HUL,sauber,0,19,2,0.011109,0.20108696,0.0,0.40105975,0.245566,0.13909774,0.55555556,13,Lapped,1,0,0.00156043
2025,14,2025-08-03,hungaroring,ALB,williams,0,20,3,0.0086517,0.07065217,0.0,0.14678364,0.11132976,0.20300752,0.875,15,Lapped,1,0,0.00110842
2025,15,2025-08-31,zandvoort,PIA,mclaren,0,1,2,1.0,1.0,0.0,1.0,0.46257121,1.0,0.46153846,1,Finished,1,1,0.61561617
2025,15,2025-08-31,zandvoort,NOR,mclaren,0,2,3,0.77880078,1.0,0.0,0.9534899,0.67440051,0.96830986,0.53846154,18,Retired,0,0,0.29130275
2025,15,2025-08-31,zandvoort,VER,red_bull,0,3,3,0.60653066,0.22826087,0.0,0.5040614,1.0,0.6584507,1.0,2,Finished,1,0,0.04214356
2025,15,2025-08-31,zandvoort,HAD,rb,0,4,0,0.47236655,0.08695652,0.0,0.07947465,0.5,0.07746479,0.7,3,Finished,1,0,0.00548515
2025,15,2025-08-31,zandvoort,RUS,mercedes,0,5,3,0.36787944,0.41847826,0.0,0.68271516,0.36611774,0.6056338,1.0,4,Finished,1,0,0.01559131
2025,15,2025-08-31,zandvoort,LEC,ferrari,0,6,3,0.2865048,0.48913043,0.0,0.60250984,0.49807537,0.53169014,0.84615385,19,Retired,0,0,0.01121025
2025,15,2025-08-31,zandvoort,HAM,ferrari,0,7,3,0.22313016,0.48913043,0.0,0.46878858,0.38564746,0.38380282,0.15384615,20,Retired,0,0,0.00467289
2025,15,2025-08-31,zandvoort,LAW,rb,0,8,1,0.17377394,0.08695652,0.0,0.21499938,0.33954554,0.07042254,0.3,12,Finished,1,0,0.00144504
2025,15,2025-08-31,zandvoort,SAI,williams,0,9,3,0.13533528,0.07065217,0.0,0.09581736,0.43946312,0.05633803,0.22222222,13,Finished,1,0,0.00111102
2025,15,2025-08-31,zandvoort,ALO,aston_martin,0,10,3,0.10539922,0.19565217,0.0,0.32318973,0.45689606,0.0915493,0.8,8,Finished,1,0,0.00196427
2025,15,2025-08-31,zandvoort,ANT,mercedes,0,11,0,0.082085,0.41847826,0.0,0.22107494,0.5,0.22535211,0.0,16,Finished,1,0,0.00173532
2025,15,2025-08-31,zandvoort,TSU,red_bull,0,12,3,0.06392786,0.22826087,0.0,0.08810989,0.04127804,0.03521127,0.0,9,Finished,1,0,0.000691
2025,15,2025-08-31,zandvoort,BOR,sauber,0,13,0,0.04978707,0.19021739,0.0,0.22238343,0.5,0.04929577,0.5,15,Finished,1,0,0.00124309
2025,15,2025-08-31,zandvoort,GAS,alpine,0,14,3,0.03877421,0.04891304,0.0,0.17778511,0.36596668,0.07042254,0.75,17,Finished,1,0,0.00097257
2025,15,2025-08-31,zandvoort,ALB,williams,0,15,3,0.03019738,0.07065217,0.0,0.16861069,0.14974411,0.19014085,0.77777778,5,Finished,1,0,0.00090679
2025,15,2025-08-31,zandvoort,COL,alpine,0,16,0,0.02351775,0.04891304,0.0,0.05298996,0.5,0.0,0.33333333,11,Finished,1,0,0.00070402
2025,15,2025-08-31,zandvoort,HUL,sauber,0,17,2,0.01831564,0.19021739,0.0,0.32967125,0.26371137,0.13028169,0.5,14,Finished,1,0,0.00109293
2025,15,2025-08-31,zandvoort,OCO,haas,0,18,3,0.01426423,0.01630435,0.0,0.14195005,0.13744653,0.09507042,0.63636364,10,Finished,1,0,0.00067082
2025,15,2025-08-31,zandvoort,BEA,haas,0,19,0,0.011109,0.01630435,0.0,0.13516619,0.5,0.02816901,0.36363636,6,Finished,1,0,0.00071982
2025,15,2025-08-31,zandvoort,STR,aston_martin,0,20,3,0.0086517,0.19565217,0.0,0.19767716,0.13280726,0.0915493,0.2,7,Finished,1,0,0.00072121
2025,16,2025-09-07,monza,VER,red_bull,0,1,3,1.0,0.22335025,0.0,0.45302531,0.87418463,0.66343042,1.0,1,Finished,1,1,0.18858424
2025,16,2025-09-07,monza,NOR,mclaren,0,2,3,0.77880078,1.0,0.0,0.85694928,0.55395398,0.88996764,0.53846154,2,Finished,1,0,0.39838486
2025,16,2025-09-07,monza,PIA,mclaren,0,3,2,0.60653066,1.0,0.0,1.0,0.59536602,1.0,0.46153846,3,Finished,1,0,0.30961681
2025,16,2025-09-07,monza,LEC,ferrari,0,4,3,0.47236655,0.36548223,0.0,0.44067338,1.0,0.48867314,0.84615385,4,Finished,1,0,0.04320076
2025,16,2025-09-07,monza,HAM,ferrari,0,5,3,0.36787944,0.36548223,0.0,0.33876919,0.51937086,0.35275081,0.15384615,6,Finished,1,0,0.01138009
2025,16,2025-09-07,monza,RUS,mercedes,0,6,3,0.2865048,0.24873096,0.0,0.51234066,0.53017382,0.59546926,1.0,5,Finished,1,0,0.01784189
2025,16,2025-09-07,monza,ANT,mercedes,0,7,0,0.22313016,0.24873096,0.0,0.05943932,0.5,0.20711974,0.0,9,Finished,1,0,0.00352069
2025,16,2025-09-07,monza,BOR,sauber,0,8,0,0.17377394,0.15736041,0.0,0.19684586,0.5,0.04530744,0.45454545,8,Finished,1,0,0.00343108
2025,16,2025-09-07,monza,ALO,aston_martin,0,9,3,0.13533528,0.20304569,0.0,0.27821485,0.15425574,0.09708738,0.72727273,19,Retired,0,0,0.00326325
2025,16,2025-09-07,monza,TSU,red_bull,0,10,3,0.10539922,0.22335025,0.0,0.09963076,0.02070594,0.03883495,0.0,13,Finished,1,0,0.00143138
2025,16,2025-09-07,monza,BEA,haas,0,11,0,0.082085,0.05076142,0.0,0.17366515,0.5,0.05177994,0.41666667,12,Finished,1,0,0.00211013
2025,16,2025-09-07,monza,HUL,sauber,0,12,2,0.06392786,0.15736041,0.0,0.25762157,0.20750006,0.1197411,0.54545455,20,Did not start,0,0,0.0023174
2025,16,2025-09-07,monza,SAI,williams,0,13,3,0.04978707,0.11167513,0.0,0.0693794,0.72061184,0.05177994,0.2,11,Finished,1,0,0.0020123
2025,16,2025-09-07,monza,ALB,williams,0,14,2,0.03877421,0.11167513,0.0,0.25237139,0.36857366,0.20711974,0.8,7,Finished,1,0,0.0028205
2025,16,2025-09-07,monza,OCO,haas,0,15,3,0.03019738,0.05076142,0.0,0.11936488,0.07914054,0.09061489,0.58333333,15,Lapped,1,0,0.00133559
2025,16,2025-09-07,monza,HAD,rb,0,16,0,0.02351775,0.15736041,0.0,0.2106797,0.5,0.1197411,0.72727273,10,Finished,1,0,0.00275907
2025,16,2025-09-07,monza,STR,aston_martin,0,17,3,0.01831564,0.20304569,0.0,0.23610512,0.03466602,0.10355987,0.27272727,18,Lapped,1,0,0.00155889
2025,16,2025-09-07,monza,COL,alpine,0,18,1,0.01426423,0.04568528,0.0,0.05763718,0.35436574,0.0,0.42857143,17,Lapped,1,0,0.00126687
2025,16,2025-09-07,monza,GAS,alpine,0,19,3,0.011109,0.04568528,0.0,0.15528554,0.12638492,0.06472492,0.66666667,16,Lapped,1,0,0.00139152
2025,16,2025-09-07,monza,LAW,rb,0,20,1,0.0086517,0.15736041,0.0,0.21809574,0.36640247,0.06472492,0.27272727,14,Finished,1,0,0.00177269
2025,17,2025-09-21,baku,VER,red_bull,0,1,3,1.0,0.36898396,0.0,0.70077088,1.0,0.70987654,1.0,1,Finished,1,1,0.58145114
2025,17,2025-09-21,baku,SAI,williams,0,2,3,0.77880078,0.14973262,0.0,0.10318612,0.2065961,0.04938272,0.18181818,3,Finished,1,0,0.01921464
2025,17,2025-09-21,baku,LAW,rb,0,3,0,0.60653066,0.12834225,0.0,0.15745243,0.5,0.0617284,0.25,5,Finished,1,0,0.01603719
2025,17,2025-09-21,baku,ANT,mercedes,0,4,0,0.47236655,0.27272727,0.0,0.10835497,0.5,0.2037037,0.0,4,Finished,1,0,0.01268026
2025,17,2025-09-21,baku,RUS,mercedes,0,5,3,0.36787944,0.27272727,0.0,0.52999171,0.773822,0.59876543,1.0,2,Finished,1,0,0.04671613
2025,17,2025-09-21,baku,TSU,red_bull,0,6,3,0.2865048,0.36898396,0.0,0.11256483,0.10579606,0.03703704,0.0,6,Finished,1,0,0.00529427
2025,17,2025-09-21,baku,NOR,mclaren,0,7,3,0.22313016,1.0,0.0,0.84439321,0.51961798,0.90432099,0.57142857,7,Finished,1,0,0.11856172
2025,17,2025-09-21,baku,HAD,rb,0,8,0,0.17377394,0.12834225,0.0,0.23058852,0.5,0.11728395,0.75,10,Finished,1,0,0.00665959
2025,17,2025-09-21,baku,PIA,mclaren,0,9,2,0.13533528,1.0,0.0,1.0,0.77986113,1.0,0.42857143,20,Retired,0,0,0.13826546
2025,17,2025-09-21,baku,LEC,ferrari,0,10,3,0.10539922,0.34759358,0.0,0.42764863,0.84598038,0.50308642,0.85714286,9,Finished,1,0,0.01946828
2025,17,2025-09-21,baku,ALO,aston_martin,0,11,3,0.082085,0.18181818,0.0,0.21788121,0.59289325,0.09259259,0.72727273,15,Finished,1,0,0.00570963
2025,17,2025-09-21,baku,HAM,ferrari,0,12,3,0.06392786,0.34759358,0.0,0.30843914,0.48200107,0.36111111,0.14285714,8,Finished,1,0,0.00658284
2025,17,2025-09-21,baku,BOR,sauber,0,13,0,0.04978707,0.15508021,0.0,0.20362755,0.5,0.05555556,0.45454545,11,Finished,1,0,0.00377226
2025,17,2025-09-21,baku,STR,aston_martin,0,14,3,0.03877421,0.18181818,0.0,0.23474484,0.13848551,0.09876543,0.27272727,17,Finished,1,0,0.00272659
2025,17,2025-09-21,baku,BEA,haas,0,15,1,0.03019738,0.04812834,0.0,0.17395338,0.39554595,0.04938272,0.46153846,12,Finished,1,0,0.00263861
2025,17,2025-09-21,baku,COL,alpine,0,16,1,0.02351775,0.04812834,0.0,0.05496901,0.44253781,0.0,0.375,19,Lapped,1,0,0.00214023
2025,17,2025-09-21,baku,HUL,sauber,0,17,2,0.01831564,0.15508021,0.0,0.21962923,0.26554055,0.11419753,0.54545455,16,Finished,1,0,0.00316094
2025,17,2025-09-21,baku,GAS,alpine,0,18,3,0.01426423,0.04812834,0.0,0.15113378,0.25449871,0.0617284,0.7,18,Lapped,1,0,0.0024931
2025,17,2025-09-21,baku,ALB,williams,0,19,3,0.011109,0.14973262,0.0,0.33098467,0.2851724,0.21604938,0.81818182,13,Finished,1,0,0.00450048
2025,17,2025-09-21,baku,OCO,haas,0,20,3,0.0086517,0.04812834,0.0,0.09922138,0.1221897,0.08641975,0.53846154,14,Finished,1,0,0.00192664
2025,18,2025-10-05,marina_bay,RUS,mercedes,0,1,3,1.0,0.53333333,0.0,0.82268402,0.31715449,0.65432099,1.0,1,Finished,1,1,0.36070953
2025,18,2025-10-05,marina_bay,VER,red_bull,0,2,3,0.77880078,0.61333333,0.0,1.0,0.69490992,0.78703704,1.0,2,Finished,1,0,0.28973546
2025,18,2025-10-05,marina_bay,PIA,mclaren,0,3,2,0.60653066,1.0,0.0,0.97747878,0.57619119,1.0,0.42857143,4,Finished,1,0,0.2009452
2025,18,2025-10-05,marina_bay,ANT,mercedes,0,4,0,0.47236655,0.53333333,0.0,0.28452124,0.5,0.24074074,0.0,5,Finished,1,0,0.01461455
2025,18,2025-10-05,marina_bay,NOR,mclaren,0,5,3,0.36787944,1.0,0.0,0.82328226,1.0,0.92283951,0.57142857,3,Finished,1,0,0.09267711
2025,18,2025-10-05,marina_bay,HAM,ferrari,0,6,3,0.2865048,0.39333333,0.0,0.28757287,0.50773636,0.37345679,0.2,8,Finished,1,0,0.00709728
2025,18,2025-10-05,marina_bay,LEC,ferrari,0,7,3,0.22313016,0.39333333,0.0,0.5518626,0.67272033,0.50925926,0.8,6,Finished,1,0,0.01164362
2025,18,2025-10-05,marina_bay,HAD,rb,0,8,0,0.17377394,0.23333333,0.0,0.32459552,0.5,0.12037037,0.69230769,11,Lapped,1,0,0.00395076
2025,18,2025-10-05,marina_bay,BEA,haas,0,9,0,0.13533528,0.06,0.0,0.20306302,0.5,0.04938272,0.5,9,Finished,1,0,0.00208523
2025,18,2025-10-05,marina_bay,ALO,aston_martin,0,10,3,0.10539922,0.17333333,0.0,0.22342397,0.15651491,0.09259259,0.75,7,Finished,1,0,0.00198714
2025,18,2025-10-05,marina_bay,HUL,sauber,0,11,2,0.082085,0.09333333,0.0,0.09121371,0.29583647,0.11419753,0.5,20,Lapped,1,0,0.00143555
2025,18,2025-10-05,marina_bay,LAW,rb,0,12,1,0.06392786,0.23333333,0.0,0.31590389,0.39616632,0.09259259,0.30769231,15,Lapped,1,0,0.00195317
2025,18,2025-10-05,marina_bay,TSU,red_bull,0,13,3,0.04978707,0.61333333,0.0,0.22187635,0.05997408,0.0617284,0.0,12,Lapped,1,0,0.00187979
2025,18,2025-10-05,marina_bay,BOR,sauber,0,14,0,0.03877421,0.09333333,0.0,0.28366315,0.5,0.05555556,0.5,17,Lapped,1,0,0.00162468
2025,18,2025-10-05,marina_bay,STR,aston_martin,0,15,3,0.03019738,0.17333333,0.0,0.21034048,0.13976231,0.09876543,0.25,13,Lapped,1,0,0.00116008
2025,18,2025-10-05,marina_bay,COL,alpine,0,16,1,0.02351775,0.00666667,0.0,0.07399432,0.36446221,0.0,0.33333333,16,Lapped,1,0,0.00089774
2025,18,2025-10-05,marina_bay,OCO,haas,0,17,3,0.01831564,0.06,0.0,0.11513845,0.04910263,0.08641975,0.5,18,Lapped,1,0,0.00089988
2025,18,2025-10-05,marina_bay,GAS,alpine,0,18,3,0.01426423,0.00666667,0.0,0.08868205,0.20618332,0.0617284,0.72727273,19,Lapped,1,0,0.00097763
2025,18,2025-10-05,marina_bay,ALB,williams,0,19,3,0.011109,0.26,0.0,0.35577878,0.05127676,0.21604938,0.75,14,Lapped,1,0,0.00178073
2025,18,2025-10-05,marina_bay,SAI,williams,0,20,3,0.0086517,0.26,0.0,0.28128234,0.72332432,0.09567901,0.25,10,Lapped,1,0,0.00194486
2025,19,2025-10-19,americas,VER,red_bull,1,1,3,1.0,0.73134328,1.0,1.0,1.0,0.8125,1.0,1,Finished,1,1,0.74973498
2025,19,2025-10-19,americas,NOR,mclaren,1,2,3,0.77880078,1.0,0.0,0.7267478,0.6982029,0.93452381,0.6,2,Finished,1,0,0.10325261
2025,19,2025-10-19,americas,LEC,ferrari,1,3,3,0.60653066,0.37313433,0.31890656,0.43429116,0.71386714,0.51488095,0.8125,3,Finished,1,0,0.02477153
2025,19,2025-10-19,americas,RUS,mercedes,1,4,3,0.47236655,0.78358209,0.75147729,0.90827461,0.48498341,0.70535714,1.0,6,Finished,1,0,0.07493214
2025,19,2025-10-19,americas,HAM,ferrari,1,5,3,0.36787944,0.37313433,0.42437285,0.25313517,0.21887451,0.37202381,0.1875,4,Finished,1,0,0.00567971
2025,19,2025-10-19,americas,PIA,mclaren,1,6,2,0.2865048,1.0,0.0,0.79124229,0.37708571,1.0,0.4,5,Finished,1,0,0.01933667
2025,19,2025-10-19,americas,ANT,mercedes,1,7,0,0.22313016,0.78358209,0.13533528,0.36858325,0.5,0.26190476,0.0,13,Finished,1,0,0.00522864
2025,19,2025-10-19,americas,BEA,haas,1,8,0,0.17377394,0.08208955,0.01831564,0.20612359,0.5,0.05357143,0.53333333,9,Finished,1,0,0.0015034
2025,19,2025-10-19,americas,SAI,williams,1,9,3,0.13533528,0.23880597,0.56471812,0.29586867,0.68862802,0.0952381,0.30769231,20,Retired,0,0,0.00348207
2025,19,2025-10-19,americas,ALO,aston_martin,1,10,3,0.10539922,0.23880597,0.0,0.27554872,0.1290234,0.10714286,0.76923077,10,Finished,1,0,0.00139471
2025,19,2025-10-19,americas,HUL,sauber,1,11,2,0.082085,0.08955224,0.03243324,0.06176798,0.32851392,0.11011905,0.46153846,8,Finished,1,0,0.00091655
2025,19,2025-10-19,americas,LAW,rb,1,12,1,0.06392786,0.23134328,0.10170139,0.24530474,0.39499387,0.08928571,0.28571429,11,Finished,1,0,0.00127953
2025,19,2025-10-19,americas,TSU,red_bull,1,13,3,0.04978707,0.73134328,0.18009231,0.21150913,0.17619492,0.05952381,0.0,7,Finished,1,0,0.0018388
2025,19,2025-10-19,americas,GAS,alpine,1,14,3,0.03877421,0.0,0.07642629,0.04651038,0.21678405,0.05952381,0.66666667,19,Lapped,1,0,0.00072564
2025,19,2025-10-19,americas,COL,alpine,1,15,1,0.03019738,0.0,0.02437284,0.07464309,0.3777744,0.0,0.4,17,Lapped,1,0,0.00065541
2025,19,2025-10-19,americas,BOR,sauber,1,16,0,0.02351775,0.08955224,0.05743262,0.22175164,0.5,0.05357143,0.53846154,18,Lapped,1,0,0.0010279
2025,19,2025-10-19,americas,OCO,haas,1,17,3,0.01831564,0.08208955,0.0,0.09989766,0.05402333,0.08333333,0.46666667,15,Finished,1,0,0.00061131
2025,19,2025-10-19,americas,STR,aston_martin,1,18,3,0.01426423,0.23880597,0.0,0.19983597,0.14524039,0.0952381,0.23076923,12,Finished,1,0,0.00078721
2025,19,2025-10-19,americas,ALB,williams,1,19,3,0.011109,0.23880597,0.23965104,0.25429376,0.12643484,0.20833333,0.69230769,14,Finished,1,0,0.001393
2025,19,2025-10-19,americas,HAD,rb,1,20,0,0.0086517,0.23134328,0.04315931,0.33119818,0.5,0.11607143,0.71428571,16,Finished,1,0,0.0014482
2025,20,2025-10-26,rodriguez,NOR,mclaren,0,1,3,1.0,0.93700787,0.0,0.56258704,0.76714586,0.95953757,0.625,1,Finished,1,1,0.57825725
2025,20,2025-10-26,rodriguez,LEC,ferrari,0,2,3,0.77880078,0.51181102,0.0,0.38575148,0.8226361,0.55491329,0.82352941,2,Finished,1,0,0.09967115
2025,20,2025-10-26,rodriguez,HAM,ferrari,0,3,3,0.60653066,0.51181102,0.0,0.30402085,0.95180102,0.41040462,0.17647059,8,Finished,1,0,0.03621891
2025,20,2025-10-26,rodriguez,RUS,mercedes,0,4,3,0.47236655,0.76377953,0.0,0.68674442,0.60991453,0.7283237,1.0,7,Finished,1,0,0.07370459
2025,20,2025-10-26,rodriguez,VER,red_bull,0,5,3,0.36787944,1.0,0.0,1.0,0.97454478,0.88439306,1.0,3,Finished,1,0,0.15414723
2025,20,2025-10-26,rodriguez,ANT,mercedes,0,6,0,0.2865048,0.76377953,0.0,0.28906809,0.5,0.25722543,0.0,6,Finished,1,0,0.00977609
2025,20,2025-10-26,rodriguez,SAI,williams,0,7,3,0.22313016,0.2519685,0.0,0.2289339,1.0,0.10982659,0.30769231,17,Retired,0,0,0.00531242
2025,20,2025-10-26,rodriguez,PIA,mclaren,0,8,2,0.17377394,0.93700787,0.0,0.57541408,0.39418604,1.0,0.375,5,Finished,1,0,0.02318073
2025,20,2025-10-26,rodriguez,HAD,rb,0,9,0,0.13533528,0.21259843,0.0,0.25575203,0.5,0.11271676,0.66666667,13,Lapped,1,0,0.00307663
2025,20,2025-10-26,rodriguez,BEA,haas,0,10,0,0.10539922,0.1023622,0.0,0.21418588,0.5,0.05780347,0.5625,4,Finished,1,0,0.00205139
2025,20,2025-10-26,rodriguez,TSU,red_bull,0,11,3,0.082085,1.0,0.0,0.23126689,0.04821024,0.08092486,0.0,11,Finished,1,0,0.0039255
2025,20,2025-10-26,rodriguez,OCO,haas,0,12,3,0.06392786,0.1023622,0.0,0.08508229,0.20494715,0.08092486,0.4375,9,Finished,1,0,0.0011739
2025,20,2025-10-26,rodriguez,HUL,sauber,0,13,2,0.04978707,0.06299213,0.0,0.08475076,0.31376364,0.11849711,0.5,19,Retired,0,0,0.00122037
2025,20,2025-10-26,rodriguez,ALO,aston_martin,0,14,3,0.03877421,0.13385827,0.0,0.16688012,0.0,0.10693642,0.78571429,18,Retired,0,0,0.00127023
2025,20,2025-10-26,rodriguez,LAW,rb,0,15,1,0.03019738,0.21259843,0.0,0.17909605,0.32723255,0.0867052,0.33333333,20,Retired,0,0,0.00143077
2025,20,2025-10-26,rodriguez,BOR,sauber,0,16,0,0.02351775,0.06299213,0.0,0.11145705,0.5,0.05202312,0.5,10,Finished,1,0,0.00126095
2025,20,2025-10-26,rodriguez,ALB,williams,0,17,3,0.01831564,0.2519685,0.0,0.21343321,0.12228068,0.21098266,0.69230769,12,Lapped,1,0,0.00169164
2025,20,2025-10-26,rodriguez,GAS,alpine,0,18,3,0.01426423,0.0,0.0,0.03850598,0.20368883,0.05780347,0.61538462,15,Lapped,1,0,0.00086596
2025,20,2025-10-26,rodriguez,STR,aston_martin,0,19,3,0.011109,0.13385827,0.0,0.12438934,0.10301899,0.09248555,0.21428571,14,Lapped,1,0,0.00089268
2025,20,2025-10-26,rodriguez,COL,alpine,0,20,1,0.0086517,0.0,0.0,0.06339039,0.36060716,0.0,0.45454545,16,Lapped,1,0,0.00087161
2025,21,2025-11-09,interlagos,NOR,mclaren,1,1,3,1.0,1.0,1.0,0.80395075,0.4994804,1.0,0.64705882,1,Finished,1,1,0.73632503
2025,21,2025-11-09,interlagos,ANT,mercedes,1,2,0,0.77880078,0.76744186,0.75147729,0.36948446,0.5,0.27170868,0.0625,2,Finished,1,0,0.06440013
2025,21,2025-11-09,interlagos,LEC,ferrari,1,3,3,0.60653066,0.6744186,0.31890656,0.58088859,0.38416026,0.58823529,0.83333333,19,Retired,0,0,0.04457793
2025,21,2025-11-09,interlagos,PIA,mclaren,1,4,2,0.47236655,1.0,0.0,0.4717678,0.30831934,0.99719888,0.35294118,5,Finished,1,0,0.03109549
2025,21,2025-11-09,interlagos,HAD,rb,1,5,0,0.36787944,0.09302326,0.07642629,0.13509272,0.5,0.1092437,0.66666667,8,Finished,1,0,0.00363658
2025,21,2025-11-09,interlagos,RUS,mercedes,1,6,3,0.2865048,0.76744186,0.56471812,0.65428829,0.55671189,0.72268908,0.9375,4,Finished,1,0,0.04282289
2025,21,2025-11-09,interlagos,LAW,rb,1,7,1,0.22313016,0.09302326,0.01376379,0.16033409,0.39430712,0.08403361,0.33333333,7,Finished,1,0,0.00186181
2025,21,2025-11-09,interlagos,BEA,haas,1,8,1,0.17377394,0.13953488,0.04315931,0.26157222,0.35175685,0.08963585,0.58823529,6,Finished,1,0,0.00220202
2025,21,2025-11-09,interlagos,GAS,alpine,1,9,3,0.13533528,0.0,0.13533528,0.04424495,0.48743215,0.05602241,0.64285714,10,Finished,1,0,0.00162954
2025,21,2025-11-09,interlagos,HUL,sauber,1,10,2,0.10539922,0.06976744,0.01831564,0.07100717,0.20963142,0.11484594,0.5,9,Finished,1,0,0.00118195
2025,21,2025-11-09,interlagos,ALO,aston_martin,1,11,3,0.082085,0.05426357,0.23965104,0.11746429,0.40774239,0.10364146,0.78571429,14,Finished,1,0,0.0019549
2025,21,2025-11-09,interlagos,ALB,williams,1,12,3,0.06392786,0.17054264,0.01034317,0.14507799,0.01613907,0.20448179,0.69230769,11,Finished,1,0,0.00132221
2025,21,2025-11-09,interlagos,HAM,ferrari,1,13,3,0.04978707,0.6744186,0.18009231,0.36900495,0.39665926,0.40896359,0.16666667,18,Retired,0,0,0.00478088
2025,21,2025-11-09,interlagos,STR,aston_martin,1,14,3,0.03877421,0.05426357,0.10170139,0.07795193,0.21082401,0.08963585,0.21428571,16,Finished,1,0,0.00093552
2025,21,2025-11-09,interlagos,SAI,williams,1,15,3,0.03019738,0.17054264,0.02437284,0.21629388,0.31459373,0.10644258,0.30769231,13,Finished,1,0,0.00128809
2025,21,2025-11-09,interlagos,VER,red_bull,1,16,3,0.02351775,0.94573643,0.42437285,1.0,1.0,0.89915966,1.0,3,Finished,1,0,0.05489613
2025,21,2025-11-09,interlagos,OCO,haas,1,17,3,0.01831564,0.13953488,0.05743262,0.09604781,0.56145027,0.08403361,0.41176471,12,Finished,1,0,0.00136552
2025,21,2025-11-09,interlagos,COL,alpine,1,18,1,0.01426423,0.0,0.0,0.04642903,0.3,0.0,0.41666667,15,Finished,1,0,0.0007668
2025,21,2025-11-09,interlagos,TSU,red_bull,1,19,3,0.011109,0.94573643,0.03243324,0.22408524,0.24571003,0.07843137,0.0,17,Finished,1,0,0.00295659
2025,22,2025-11-23,vegas,NOR,mclaren,0,1,2,1.0,1.0,0.0,0.91125441,0.37892119,1.0,0.66666667,19,Disqualified,0,0,0.52517962
2025,22,2025-11-23,vegas,VER,red_bull,0,2,2,0.77880078,0.85496183,0.0,1.0,0.8120906,0.87435897,1.0,1,Finished,1,1,0.32699726
2025,22,2025-11-23,vegas,SAI,williams,0,3,2,0.60653066,0.1221374,0.0,0.22271082,0.68931348,0.0974359,0.28571429,5,Finished,1,0,0.00914897
2025,22,2025-11-23,vegas,RUS,mercedes,0,4,2,0.47236655,0.89312977,0.0,0.73006619,0.825,0.70769231,0.88235294,2,Finished,1,0,0.07516509
2025,22,2025-11-23,vegas,PIA,mclaren,0,5,2,0.36787944,1.0,0.0,0.45603015,0.40609594,0.93846154,0.33333333,20,Disqualified,0,0,0.03004359
2025,22,2025-11-23,vegas,LAW,rb,0,6,1,0.2865048,0.16030534,0.0,0.22759897,0.32887147,0.09230769,0.375,14,Lapped,1,0,0.00253229
2025,22,2025-11-23,vegas,ALO,aston_martin,0,7,2,0.22313016,0.05343511,0.0,0.14463167,0.32835844,0.1025641,0.8,11,Finished,1,0,0.001974
2025,22,2025-11-23,vegas,HAD,rb,0,8,0,0.17377394,0.16030534,0.0,0.1653462,0.5,0.11025641,0.625,6,Finished,1,0,0.00210712
2025,22,2025-11-23,vegas,LEC,ferrari,0,9,2,0.13533528,0.51145038,0.0,0.49498514,0.79689915,0.54871795,0.83333333,4,Finished,1,0,0.0087543
2025,22,2025-11-23,vegas,GAS,alpine,0,10,2,0.10539922,0.00763359,0.0,0.07552336,0.22751289,0.05641026,0.66666667,13,Finished,1,0,0.00095199
2025,22,2025-11-23,vegas,HUL,sauber,0,11,2,0.082085,0.05343511,0.0,0.1251755,0.31169246,0.11025641,0.5,7,Finished,1,0,0.00101869
2025,22,2025-11-23,vegas,STR,aston_martin,0,12,2,0.06392786,0.05343511,0.0,0.08807677,0.38305688,0.08205128,0.2,18,Retired,0,0,0.00082052
2025,22,2025-11-23,vegas,OCO,haas,0,13,2,0.04978707,0.19847328,0.0,0.11568014,0.41054538,0.07692308,0.38888889,9,Finished,1,0,0.00111405
2025,22,2025-11-23,vegas,BEA,haas,0,14,0,0.03877421,0.19847328,0.0,0.34411148,0.5,0.1025641,0.61111111,10,Finished,1,0,0.0016775
2025,22,2025-11-23,vegas,COL,alpine,0,15,1,0.03019738,0.00763359,0.0,0.05492901,0.34307118,0.0,0.38461538,15,Lapped,1,0,0.00065526
2025,22,2025-11-23,vegas,ALB,williams,0,16,2,0.02351775,0.1221374,0.0,0.1167012,0.21799392,0.18717949,0.71428571,16,Retired,0,0,0.00100126
2025,22,2025-11-23,vegas,ANT,mercedes,0,17,0,0.01831564,0.89312977,0.0,0.54707042,0.5,0.31282051,0.11764706,3,Finished,1,0,0.00502626
2025,22,2025-11-23,vegas,BOR,sauber,0,18,0,0.01426423,0.05343511,0.0,0.09010248,0.5,0.04871795,0.5,17,Retired,0,0,0.00085792
2025,22,2025-11-23,vegas,TSU,red_bull,0,19,2,0.011109,0.85496183,0.0,0.22983627,0.28691432,0.07179487,0.0,12,Finished,1,0,0.00216995
2025,22,2025-11-23,vegas,HAM,ferrari,0,20,2,0.0086517,0.51145038,0.0,0.30980708,0.74570455,0.37948718,0.16666667,8,Finished,1,0,0.00280437
2025,23,2025-11-30,losail,PIA,mclaren,1,1,2,1.0,1.0,1.0,0.45603015,0.67085785,0.93846154,0.33333333,2,Finished,1,0,0.48002169
2025,23,2025-11-30,losail,NOR,mclaren,1,2,3,0.77880078,1.0,0.56471812,0.838841,0.34866941,1.0,0.66666667,4,Finished,1,0,0.21086267
2025,23,2025-11-30,losail,VER,red_bull,1,3,3,0.60653066,0.832,0.42437285,1.0,1.0,0.93846154,1.0,1,Finished,1,1,0.17441975
2025,23,2025-11-30,losail,RUS,mercedes,1,4,3,0.47236655,0.96,0.75147729,0.73006619,0.45196574,0.75384615,0.88888889,6,Finished,1,0,0.08861394
2025,23,2025-11-30,losail,ANT,mercedes,1,5,0,0.36787944,0.96,0.23965104,0.57628359,0.5,0.35128205,0.11111111,5,Finished,1,0,0.0178304
2025,23,2025-11-30,losail,HAD,rb,1,6,0,0.2865048,0.144,0.10170139,0.21405081,0.5,0.13076923,0.64705882,18,Retired,0,0,0.00323111
2025,23,2025-11-30,losail,SAI,williams,1,7,3,0.22313016,0.088,0.13533528,0.16957993,0.24579741,0.12307692,0.28571429,3,Finished,1,0,0.00177267
2025,23,2025-11-30,losail,ALO,aston_martin,1,8,3,0.17377394,0.056,0.18009231,0.16254909,0.42376245,0.1025641,0.8,7,Finished,1,0,0.00212694
2025,23,2025-11-30,losail,GAS,alpine,1,9,3,0.13533528,0.008,0.00777266,0.08931023,0.28186621,0.05641026,0.6875,16,Lapped,1,0,0.00115042
2025,23,2025-11-30,losail,LEC,ferrari,1,10,3,0.10539922,0.616,0.03243324,0.57839081,0.595705,0.57948718,0.84210526,8,Finished,1,0,0.00709019
2025,23,2025-11-30,losail,HUL,sauber,1,11,2,0.082085,0.104,0.01376379,0.18561905,0.18889792,0.12564103,0.5,20,Retired,0,0,0.00111037
2025,23,2025-11-30,losail,LAW,rb,1,12,2,0.06392786,0.144,0.02437284,0.13742779,0.21599761,0.09230769,0.35294118,9,Finished,1,0,0.00100085
2025,23,2025-11-30,losail,BEA,haas,1,13,0,0.04978707,0.232,0.04315931,0.3572134,0.5,0.10512821,0.57894737,19,Retired,0,0,0.00182111
2025,23,2025-11-30,losail,BOR,sauber,1,14,0,0.03877421,0.104,0.05743262,0.05756504,0.5,0.04871795,0.5,13,Finished,1,0,0.00106536
2025,23,2025-11-30,losail,ALB,williams,1,15,2,0.03019738,0.088,0.07642629,0.0948907,0.22457361,0.18717949,0.71428571,11,Finished,1,0,0.00107388
2025,23,2025-11-30,losail,TSU,red_bull,1,16,3,0.02351775,0.832,0.31890656,0.16802974,0.08469086,0.07179487,0.0,10,Finished,1,0,0.00237474
2025,23,2025-11-30,losail,OCO,haas,1,17,3,0.01831564,0.232,0.01831564,0.14636337,0.20646041,0.08205128,0.42105263,15,Lapped,1,0,0.00099448
2025,23,2025-11-30,losail,HAM,ferrari,1,18,3,0.01426423,0.616,0.01034317,0.30980708,0.28956726,0.38974359,0.15789474,12,Finished,1,0,0.00217177
2025,23,2025-11-30,losail,STR,aston_martin,1,19,3,0.011109,0.056,0.00584098,0.07827668,0.13211292,0.08205128,0.2,17,Retired,0,0,0.00062082
2025,23,2025-11-30,losail,COL,alpine,1,20,1,0.0086517,0.008,0.00438936,0.06297983,0.3,0.0,0.35714286,14,Lapped,1,0,0.00064682
2025,24,2025-12-07,yas_marina,VER,red_bull,0,1,3,1.0,0.875,0.0,1.0,0.94862194,0.97058824,1.0,1,Finished,1,1,0.63881099
2025,24,2025-12-07,yas_marina,NOR,mclaren,0,2,3,0.77880078,1.0,0.0,0.775817,0.90662679,1.0,0.63157895,3,Finished,1,0,0.2323801
2025,24,2025-12-07,yas_marina,PIA,mclaren,0,3,2,0.60653066,1.0,0.0,0.49917008,0.39018772,0.96078431,0.36842105,2,Finished,1,0,0.05397951
2025,24,2025-12-07,yas_marina,RUS,mercedes,0,4,3,0.47236655,0.8046875,0.0,0.55394952,0.69168659,0.75735294,0.84210526,5,Finished,1,0,0.03688368
2025,24,2025-12-07,yas_marina,LEC,ferrari,0,5,3,0.36787944,0.5390625,0.0,0.52629551,1.0,0.56372549,0.85,4,Finished,1,0,0.01854161
2025,24,2025-12-07,yas_marina,ALO,aston_martin,0,6,3,0.2865048,0.0546875,0.0,0.15576089,0.24971759,0.11764706,0.8,6,Finished,1,0,0.00174569
2025,24,2025-12-07,yas_marina,BOR,sauber,0,7,0,0.22313016,0.1015625,0.0,0.06666992,0.5,0.04656863,0.5,11,Finished,1,0,0.00135675
2025,24,2025-12-07,yas_marina,OCO,haas,0,8,2,0.17377394,0.2109375,0.0,0.146572,0.33869539,0.07843137,0.42105263,7,Finished,1,0,0.00127416
2025,24,2025-12-07,yas_marina,HAD,rb,0,9,0,0.13533528,0.15625,0.0,0.1739332,0.5,0.125,0.64705882,17,Lapped,1,0,0.00139604
2025,24,2025-12-07,yas_marina,TSU,red_bull,0,10,3,0.10539922,0.875,0.0,0.17356743,0.21242094,0.08088235,0.0,14,Finished,1,0,0.00203723
2025,24,2025-12-07,yas_marina,BEA,haas,0,11,0,0.082085,0.2109375,0.0,0.29578275,0.5,0.1004902,0.57894737,12,Finished,1,0,0.00136349
2025,24,2025-12-07,yas_marina,SAI,williams,0,12,3,0.06392786,0.1953125,0.0,0.27884527,0.66138588,0.15686275,0.33333333,13,Finished,1,0,0.00129265
2025,24,2025-12-07,yas_marina,LAW,rb,0,13,1,0.04978707,0.15625,0.0,0.16419228,0.3,0.09313725,0.35294118,18,Lapped,1,0,0.00074169
2025,24,2025-12-07,yas_marina,ANT,mercedes,0,14,0,0.03877421,0.8046875,0.0,0.55221744,0.5,0.36764706,0.15789474,15,Finished,1,0,0.00373621
2025,24,2025-12-07,yas_marina,STR,aston_martin,0,15,3,0.03019738,0.0546875,0.0,0.0541081,0.18954614,0.07843137,0.2,10,Finished,1,0,0.00044523
2025,24,2025-12-07,yas_marina,HAM,ferrari,0,16,3,0.02351775,0.5390625,0.0,0.26558496,0.41755837,0.37254902,0.15,8,Finished,1,0,0.00164578
2025,24,2025-12-07,yas_marina,ALB,williams,0,17,3,0.01831564,0.1953125,0.0,0.10499541,0.14078303,0.17892157,0.66666667,16,Finished,1,0,0.00072827
2025,24,2025-12-07,yas_marina,HUL,sauber,0,18,2,0.01426423,0.1015625,0.0,0.17271363,0.32216748,0.12009804,0.5,9,Finished,1,0,0.00068274
2025,24,2025-12-07,yas_marina,GAS,alpine,0,19,3,0.011109,0.0078125,0.0,0.09075567,0.24312337,0.05392157,0.64705882,19,Lapped,1,0,0.00051603
2025,24,2025-12-07,yas_marina,COL,alpine,0,20,1,0.0086517,0.0078125,0.0,0.06599095,0.3,0.0,0.4,20,Lapped,1,0,0.00044216
2026,1,2026-03-08,albert_park,RUS,mercedes,0,1,3,1.0,0.0,0.0,1.0,0.4054771,0.0,0.5,1,Finished,1,1,0.3666089
2026,1,2026-03-08,albert_park,ANT,mercedes,0,2,1,0.77880078,0.0,0.0,1.0,0.59213938,0.0,0.5,2,Finished,1,0,0.19821761
2026,1,2026-03-08,albert_park,HAD,red_bull,0,3,1,0.60653066,0.0,0.0,1.0,0.3,0.0,0.5,20,Retired,0,0,0.0870092
2026,1,2026-03-08,albert_park,LEC,ferrari,0,4,3,0.47236655,0.0,0.0,1.0,0.49584228,0.0,0.5,3,Finished,1,0,0.06394922
2026,1,2026-03-08,albert_park,PIA,mclaren,0,5,3,0.36787944,0.0,0.0,1.0,0.4290943,0.0,0.5,21,Did not start,0,0,0.04233656
2026,1,2026-03-08,albert_park,NOR,mclaren,0,6,3,0.2865048,0.0,0.0,1.0,1.0,0.0,0.5,5,Finished,1,0,0.05014057
2026,1,2026-03-08,albert_park,HAM,ferrari,0,7,3,0.22313016,0.0,0.0,1.0,0.34761485,0.0,0.5,4,Finished,1,0,0.02411752
2026,1,2026-03-08,albert_park,LAW,rb,0,8,1,0.17377394,0.0,0.0,1.0,0.3,0.0,0.5,13,Lapped,1,0,0.0195985
2026,1,2026-03-08,albert_park,LIN,rb,0,9,0,0.13533528,0.0,0.0,1.0,0.5,0.0,0.5,8,Lapped,1,0,0.02009583
2026,1,2026-03-08,albert_park,BOR,audi,0,10,1,0.10539922,0.0,0.0,1.0,0.3,0.0,0.5,9,Lapped,1,0,0.01548617
2026,1,2026-03-08,albert_park,HUL,audi,0,11,3,0.082085,0.0,0.0,1.0,0.35877806,0.0,0.5,22,Did not start,0,0,0.01496808
2026,1,2026-03-08,albert_park,BEA,haas,0,12,1,0.06392786,0.0,0.0,1.0,0.33953677,0.0,0.5,7,Lapped,1,0,0.01384926
2026,1,2026-03-08,albert_park,OCO,haas,0,13,3,0.04978707,0.0,0.0,1.0,0.07595672,0.0,0.5,11,Lapped,1,0,0.01071898
2026,1,2026-03-08,albert_park,GAS,alpine,0,14,3,0.03877421,0.0,0.0,1.0,0.12027717,0.0,0.5,10,Lapped,1,0,0.01068645
2026,1,2026-03-08,albert_park,ALB,williams,0,15,3,0.03019738,0.0,0.0,1.0,0.32910452,0.0,0.5,12,Lapped,1,0,0.01222936
2026,1,2026-03-08,albert_park,COL,alpine,0,16,0,0.02351775,0.0,0.0,1.0,0.5,0.0,0.5,14,Lapped,1,0,0.01367234
2026,1,2026-03-08,albert_park,ALO,aston_martin,0,17,3,0.01831564,0.0,0.0,1.0,0.30715523,0.0,0.5,18,Retired,0,0,0.01153787
2026,1,2026-03-08,albert_park,PER,cadillac,0,18,2,0.01426423,0.0,0.0,1.0,0.56367318,0.0,0.5,16,Lapped,1,0,0.01392424
2026,1,2026-03-08,albert_park,BOT,cadillac,0,19,2,0.011109,0.0,0.0,1.0,0.26099619,0.0,0.5,19,Retired,0,0,0.01085334
2026,2,2026-03-15,shanghai,ANT,mercedes,1,1,1,1.0,1.0,0.31890656,0.81873075,0.51253296,0.72,0.5,1,Finished,1,1,0.3179637
2026,2,2026-03-15,shanghai,RUS,mercedes,1,2,3,0.77880078,1.0,1.0,1.0,0.62547155,1.0,0.5,2,Finished,1,0,0.54294898
2026,2,2026-03-15,shanghai,HAM,ferrari,1,3,3,0.60653066,0.62790698,0.56471812,0.54881164,0.4210348,0.48,0.5,3,Finished,1,0,0.04927175
2026,2,2026-03-15,shanghai,LEC,ferrari,1,4,3,0.47236655,0.62790698,0.75147729,0.67032005,0.39970171,0.6,0.5,4,Finished,1,0,0.04867658
2026,2,2026-03-15,shanghai,PIA,mclaren,1,5,2,0.36787944,0.23255814,0.23965104,0.0,0.82256254,0.0,0.5,19,Did not start,0,0,0.00570919
2026,2,2026-03-15,shanghai,NOR,mclaren,1,6,3,0.2865048,0.23255814,0.42437285,0.44932896,0.91375153,0.4,0.5,20,Did not start,0,0,0.01174502
2026,2,2026-03-15,shanghai,GAS,alpine,1,7,3,0.22313016,0.02325581,0.05743262,0.16529889,0.16244712,0.04,0.5,6,Finished,1,0,0.00176413
2026,2,2026-03-15,shanghai,VER,red_bull,1,8,3,0.17377394,0.18604651,0.10170139,0.36787944,1.0,0.32,0.5,16,Retired,0,0,0.005126
2026,2,2026-03-15,shanghai,HAD,red_bull,1,9,1,0.13533528,0.18604651,0.01831564,0.0,0.37818651,0.0,0.5,8,Finished,1,0,0.00154464
2026,2,2026-03-15,shanghai,BEA,haas,1,10,1,0.10539922,0.13953488,0.13533528,0.30119421,0.4424651,0.24,0.5,5,Finished,1,0,0.00247853
2026,2,2026-03-15,shanghai,HUL,audi,1,11,3,0.082085,0.04651163,0.0,0.0,0.11588581,0.0,0.5,11,Lapped,1,0,0.00090121
2026,2,2026-03-15,shanghai,COL,alpine,1,12,0,0.06392786,0.02325581,0.02437284,0.07427358,0.5,0.0,0.5,10,Lapped,1,0,0.00118753
2026,2,2026-03-15,shanghai,OCO,haas,1,13,2,0.04978707,0.13953488,0.07642629,0.13533528,0.47545188,0.0,0.5,14,Lapped,1,0,0.00145858
2026,2,2026-03-15,shanghai,LAW,rb,1,14,1,0.03877421,0.09302326,0.18009231,0.09071795,0.3640137,0.0,0.5,7,Finished,1,0,0.00132546
2026,2,2026-03-15,shanghai,LIN,rb,1,15,0,0.03019738,0.09302326,0.0,0.24659696,0.5,0.16,0.5,12,Lapped,1,0,0.00149953
2026,2,2026-03-15,shanghai,BOR,audi,1,16,1,0.02351775,0.04651163,0.03243324,0.20189652,0.34290966,0.08,0.5,21,Did not start,0,0,0.00117001
2026,2,2026-03-15,shanghai,SAI,williams,1,17,3,0.01831564,0.0,0.04315931,0.06081006,0.33939077,0.0,0.5,9,Lapped,1,0,0.00090806
2026,2,2026-03-15,shanghai,ALB,williams,1,18,3,0.01426423,0.0,0.01376379,0.11080316,0.3029153,0.0,0.5,22,Did not start,0,0,0.00088762
2026,2,2026-03-15,shanghai,ALO,aston_martin,1,19,2,0.011109,0.0,0.01034317,0.0,0.29143133,0.0,0.5,17,Retired,0,0,0.00078295
2026,2,2026-03-15,shanghai,BOT,cadillac,1,20,2,0.0086517,0.0,0.0,0.0,0.49149318,0.0,0.5,13,Lapped,1,0,0.00088115
2026,2,2026-03-15,shanghai,STR,aston_martin,1,21,3,0.00673795,0.0,0.00777266,0.0407622,0.19686299,0.0,0.5,18,Retired,0,0,0.00075049
2026,2,2026-03-15,shanghai,PER,cadillac,1,22,2,0.00524752,0.0,0.00584098,0.04978707,0.64050119,0.0,0.5,15,Lapped,1,0,0.00101889
2026,3,2026-03-29,suzuka,ANT,mercedes,0,1,1,1.0,1.0,0.0,1.0,0.44715178,0.92156863,0.5,1,Finished,1,1,0.6228267
2026,3,2026-03-29,suzuka,RUS,mercedes,0,2,3,0.77880078,1.0,0.0,1.0,0.36852819,1.0,0.5,4,Finished,1,0,0.29068256
2026,3,2026-03-29,suzuka,PIA,mclaren,0,3,3,0.60653066,0.11627907,0.0,0.0,0.53549907,0.05882353,0.5,2,Finished,1,0,0.00802333
2026,3,2026-03-29,suzuka,LEC,ferrari,0,4,3,0.47236655,0.62790698,0.0,0.67032005,0.54881164,0.66666667,0.5,3,Finished,1,0,0.03623884
2026,3,2026-03-29,suzuka,NOR,mclaren,0,5,3,0.36787944,0.11627907,0.0,0.24705634,0.70119382,0.29411765,0.5,5,Finished,1,0,0.00631853
2026,3,2026-03-29,suzuka,HAM,ferrari,0,6,3,0.2865048,0.62790698,0.0,0.67032005,0.30326648,0.64705882,0.5,6,Finished,1,0,0.01550576
2026,3,2026-03-29,suzuka,GAS,alpine,0,7,3,0.22313016,0.11627907,0.0,0.29315957,0.0946447,0.17647059,0.5,7,Finished,1,0,0.00228116
2026,3,2026-03-29,suzuka,HAD,red_bull,0,8,1,0.17377394,0.13953488,0.0,0.13558739,0.39863879,0.07843137,0.5,12,Finished,1,0,0.00197503
2026,3,2026-03-29,suzuka,BOR,audi,0,9,1,0.13533528,0.02325581,0.0,0.11100957,0.31092949,0.03921569,0.5,13,Finished,1,0,0.00128404
2026,3,2026-03-29,suzuka,LIN,rb,0,10,0,0.10539922,0.11627907,0.0,0.19651074,0.5,0.07843137,0.5,14,Finished,1,0,0.00174456
2026,3,2026-03-29,suzuka,VER,red_bull,0,11,3,0.082085,0.13953488,0.0,0.20227262,1.0,0.15686275,0.5,8,Finished,1,0,0.00264362
2026,3,2026-03-29,suzuka,OCO,haas,0,12,3,0.06392786,0.18604651,0.0,0.11525008,0.0804039,0.0,0.5,10,Finished,1,0,0.00103727
2026,3,2026-03-29,suzuka,HUL,audi,0,13,3,0.04978707,0.02325581,0.0,0.07441194,0.08257207,0.0,0.5,11,Finished,1,0,0.00074459
2026,3,2026-03-29,suzuka,LAW,rb,0,14,2,0.03877421,0.11627907,0.0,0.21548663,0.22680764,0.15686275,0.5,9,Finished,1,0,0.00121438
2026,3,2026-03-29,suzuka,COL,alpine,0,15,0,0.03019738,0.11627907,0.0,0.13172509,0.5,0.01960784,0.5,16,Finished,1,0,0.00119846
2026,3,2026-03-29,suzuka,SAI,williams,0,16,3,0.02351775,0.02325581,0.0,0.14444501,0.33065333,0.03921569,0.5,15,Finished,1,0,0.00091998
2026,3,2026-03-29,suzuka,ALB,williams,0,17,3,0.01831564,0.02325581,0.0,0.06092334,0.09177114,0.0,0.5,20,Lapped,1,0,0.0006632
2026,3,2026-03-29,suzuka,BEA,haas,0,18,1,0.01426423,0.18604651,0.0,0.41266316,0.36611956,0.33333333,0.5,22,Retired,0,0,0.00196374
2026,3,2026-03-29,suzuka,PER,cadillac,0,19,2,0.011109,0.0,0.0,0.06081006,0.48804411,0.0,0.5,17,Finished,1,0,0.00085388
2026,3,2026-03-29,suzuka,BOT,cadillac,0,20,2,0.0086517,0.0,0.0,0.04987981,0.20339872,0.0,0.5,19,Lapped,1,0,0.00066874
2026,3,2026-03-29,suzuka,ALO,aston_martin,0,21,3,0.00673795,0.0,0.0,0.0,0.23461335,0.0,0.5,18,Lapped,1,0,0.00064509
2026,3,2026-03-29,suzuka,STR,aston_martin,0,22,3,0.00524752,0.0,0.0,0.02241245,0.04542408,0.0,0.5,21,Retired,0,0,0.00056655
2026,4,2026-05-03,miami,ANT,mercedes,1,1,1,1.0,1.0,0.23965104,1.0,0.49959879,1.0,0.66666667,1,Finished,1,1,0.64298074
2026,4,2026-05-03,miami,VER,red_bull,1,2,3,0.77880078,0.1300813,0.31890656,0.21799755,1.0,0.16666667,0.5,5,Finished,1,0,0.04203234
2026,4,2026-05-03,miami,LEC,ferrari,1,3,3,0.60653066,0.62601626,0.56471812,0.67032005,0.56785387,0.68055556,0.66666667,8,Finished,1,0,0.10842268
2026,4,2026-05-03,miami,NOR,mclaren,1,4,3,0.47236655,0.30894309,1.0,0.31881652,0.94894252,0.34722222,0.5,2,Finished,1,0,0.05414154
2026,4,2026-05-03,miami,RUS,mercedes,1,5,3,0.36787944,1.0,0.42437285,0.83993208,0.68890054,0.875,0.33333333,4,Finished,1,0,0.09258389
2026,4,2026-05-03,miami,HAM,ferrari,1,6,3,0.2865048,0.62601626,0.18009231,0.56302331,0.42422003,0.56944444,0.33333333,6,Finished,1,0,0.01782737
2026,4,2026-05-03,miami,PIA,mclaren,1,7,3,0.22313016,0.30894309,0.75147729,0.29046079,0.6641279,0.29166667,0.5,3,Finished,1,0,0.01500377
2026,4,2026-05-03,miami,COL,alpine,1,8,0,0.17377394,0.1300813,0.07642629,0.10265597,0.5,0.01388889,0.0,7,Finished,1,0,0.00242485
2026,4,2026-05-03,miami,GAS,alpine,1,9,3,0.13533528,0.1300813,0.13533528,0.29601002,0.1797734,0.20833333,1.0,21,Retired,0,0,0.0038969
2026,4,2026-05-03,miami,HUL,audi,1,10,3,0.10539922,0.01626016,0.0,0.09602569,0.12294868,0.0,0.5,19,Retired,0,0,0.0014765
2026,4,2026-05-03,miami,LAW,rb,1,11,1,0.082085,0.09756098,0.02437284,0.21066527,0.3,0.13888889,0.66666667,20,Retired,0,0,0.00233277
2026,4,2026-05-03,miami,BEA,haas,1,12,1,0.06392786,0.13821138,0.04315931,0.26626281,0.3,0.23611111,0.5,11,Lapped,1,0,0.0024927
2026,4,2026-05-03,miami,SAI,williams,1,13,3,0.04978707,0.01626016,0.03243324,0.11477387,0.45692132,0.02777778,0.5,9,Finished,1,0,0.00168971
2026,4,2026-05-03,miami,OCO,haas,1,14,3,0.03877421,0.13821138,0.05743262,0.13300587,0.20189652,0.01388889,0.5,13,Lapped,1,0,0.00166359
2026,4,2026-05-03,miami,ALB,williams,1,15,3,0.03019738,0.01626016,0.00777266,0.04724606,0.31433489,0.0,0.5,10,Finished,1,0,0.0012945
2026,4,2026-05-03,miami,LIN,rb,1,16,0,0.02351775,0.09756098,0.0,0.15314471,0.5,0.05555556,0.33333333,14,Lapped,1,0,0.00169464
2026,4,2026-05-03,miami,ALO,aston_martin,1,17,3,0.01831564,0.0,0.01831564,0.01183982,0.33127195,0.0,0.5,15,Lapped,1,0,0.00121122
2026,4,2026-05-03,miami,STR,aston_martin,1,18,3,0.01426423,0.0,0.01034317,0.01446119,0.08244669,0.0,0.5,17,Lapped,1,0,0.00100266
2026,4,2026-05-03,miami,BOT,cadillac,1,19,2,0.011109,0.0,0.00584098,0.0418776,0.2337553,0.0,0.5,18,Lapped,1,0,0.00112484
2026,4,2026-05-03,miami,PER,cadillac,1,20,2,0.0086517,0.0,0.01376379,0.05369769,0.75686195,0.0,0.5,16,Lapped,1,0,0.00162991
2026,4,2026-05-03,miami,BOR,audi,1,21,1,0.00673795,0.01626016,0.0,0.10381072,0.3,0.02777778,0.5,12,Lapped,1,0,0.00127335
2026,4,2026-05-03,miami,HAD,red_bull,1,22,1,0.00524752,0.1300813,0.10170139,0.1267947,0.37342829,0.05555556,0.5,22,Retired,0,0,0.00179952
2026,5,2026-05-24,villeneuve,RUS,mercedes,1,1,3,1.0,1.0,1.0,0.76369721,0.72779593,0.8,0.25,19,Retired,0,0,0.59886241
2026,5,2026-05-24,villeneuve,ANT,mercedes,1,2,1,0.77880078,1.0,0.56471812,1.0,0.59220422,1.0,0.75,1,Finished,1,1,0.30748271
2026,5,2026-05-24,villeneuve,NOR,mclaren,1,3,3,0.60653066,0.44375,0.75147729,0.44972762,0.30636602,0.51,0.5,18,Retired,0,0,0.03478023
2026,5,2026-05-24,villeneuve,PIA,mclaren,1,4,3,0.47236655,0.44375,0.42437285,0.38993343,0.4611856,0.43,0.5,11,Lapped,1,0,0.01608485
2026,5,2026-05-24,villeneuve,HAM,ferrari,1,5,3,0.36787944,0.55625,0.23965104,0.51192155,0.53855999,0.51,0.5,2,Finished,1,0,0.01382296
2026,5,2026-05-24,villeneuve,VER,red_bull,1,6,3,0.2865048,0.1625,0.18009231,0.27857564,1.0,0.26,0.5,3,Finished,1,0,0.00567225
2026,5,2026-05-24,villeneuve,HAD,red_bull,1,7,1,0.22313016,0.1625,0.00329851,0.09359134,0.32170305,0.04,0.5,5,Lapped,1,0,0.00174965
2026,5,2026-05-24,villeneuve,LEC,ferrari,1,8,3,0.17377394,0.55625,0.31890656,0.55936091,0.35850981,0.59,0.5,4,Finished,1,0,0.00824034
2026,5,2026-05-24,villeneuve,LIN,rb,1,9,0,0.13533528,0.075,0.13533528,0.13249095,0.5,0.04,0.33333333,22,Did not start,0,0,0.00151942
2026,5,2026-05-24,villeneuve,COL,alpine,1,10,1,0.10539922,0.1375,0.10170139,0.15464661,0.33954554,0.07,0.0,6,Lapped,1,0,0.00117383
2026,5,2026-05-24,villeneuve,HUL,audi,1,11,3,0.082085,0.0125,0.01831564,0.07087972,0.18414377,0.0,0.5,12,Lapped,1,0,0.00083347
2026,5,2026-05-24,villeneuve,LAW,rb,1,12,1,0.06392786,0.075,0.05743262,0.15549897,0.3,0.1,0.66666667,7,Lapped,1,0,0.00120456
2026,5,2026-05-24,villeneuve,BOR,audi,1,13,1,0.04978707,0.0125,0.04315931,0.10564181,0.33237715,0.02,0.5,13,Lapped,1,0,0.00090183
2026,5,2026-05-24,villeneuve,GAS,alpine,1,14,3,0.03877421,0.1375,0.00438936,0.21849473,0.12757482,0.16,1.0,8,Lapped,1,0,0.00129303
2026,5,2026-05-24,villeneuve,SAI,williams,1,15,3,0.03019738,0.03125,0.07642629,0.13758843,0.19317255,0.04,0.66666667,9,Lapped,1,0,0.00092207
2026,5,2026-05-24,villeneuve,BEA,haas,1,16,1,0.02351775,0.10625,0.00777266,0.2319772,0.35899501,0.17,1.0,10,Lapped,1,0,0.00142327
2026,5,2026-05-24,villeneuve,OCO,haas,1,17,3,0.01831564,0.10625,0.03243324,0.12193206,0.21840665,0.01,0.0,14,Lapped,1,0,0.00068881
2026,5,2026-05-24,villeneuve,ALB,williams,1,18,3,0.01426423,0.03125,0.00584098,0.07816022,0.0745999,0.01,0.33333333,21,Retired,0,0,0.00060178
2026,5,2026-05-24,villeneuve,ALO,aston_martin,1,19,3,0.011109,0.0,0.0,0.02466352,0.47954647,0.0,0.5,20,Retired,0,0,0.00076149
2026,5,2026-05-24,villeneuve,PER,cadillac,1,20,2,0.0086517,0.0,0.02437284,0.05267363,0.2823031,0.0,0.66666667,17,Retired,0,0,0.0007482
2026,5,2026-05-24,villeneuve,STR,aston_martin,1,21,3,0.00673795,0.0,0.01376379,0.02134856,0.17463766,0.0,0.5,15,Lapped,1,0,0.00061741
2026,5,2026-05-24,villeneuve,BOT,cadillac,1,22,2,0.00524752,0.0,0.01034317,0.03965059,0.26101528,0.0,0.33333333,16,Lapped,1,0,0.00061542
2026,6,2026-06-07,monaco,ANT,mercedes,0,1,1,1.0,1.0,0.0,1.0,0.31724848,1.0,0.75,1,Finished,1,1,0.79505243
2026,6,2026-06-07,monaco,VER,red_bull,0,2,3,0.77880078,0.27567568,0.0,0.35987182,0.76722259,0.32824427,0.5,22,Retired,0,0,0.05151465
2026,6,2026-06-07,monaco,HAM,ferrari,0,3,3,0.60653066,0.64324324,0.0,0.57559168,0.54888526,0.54961832,0.6,2,Finished,1,0,0.0556685
2026,6,2026-06-07,monaco,LEC,ferrari,0,4,3,0.47236655,0.64324324,0.0,0.55717168,1.0,0.57251908,0.4,17,Retired,0,0,0.04150381
2026,6,2026-06-07,monaco,HAD,red_bull,0,5,1,0.36787944,0.27567568,0.0,0.16741527,0.49013304,0.10687023,0.5,4,Finished,1,0,0.00597727
2026,6,2026-06-07,monaco,RUS,mercedes,0,6,3,0.2865048,1.0,0.0,0.60521207,0.39616006,0.67175573,0.25,12,Finished,1,0,0.02211067
2026,6,2026-06-07,monaco,PIA,mclaren,0,7,3,0.22313016,0.38378378,0.0,0.33709833,0.77882423,0.36641221,0.5,5,Finished,1,0,0.00685686
2026,6,2026-06-07,monaco,NOR,mclaren,0,8,3,0.17377394,0.38378378,0.0,0.35639856,0.87222773,0.44274809,0.5,19,Retired,0,0,0.00650409
2026,6,2026-06-07,monaco,GAS,alpine,0,9,3,0.13533528,0.18378378,0.0,0.2243266,0.15640509,0.15267176,0.75,3,Finished,1,0,0.00204713
2026,6,2026-06-07,monaco,LAW,rb,0,10,1,0.10539922,0.0972973,0.0,0.18573416,0.42744999,0.1221374,0.66666667,6,Finished,1,0,0.00178624
2026,6,2026-06-07,monaco,ALB,williams,0,11,3,0.082085,0.03783784,0.0,0.06194013,0.22339077,0.00763359,0.33333333,8,Finished,1,0,0.00091454
2026,6,2026-06-07,monaco,SAI,williams,0,12,3,0.06392786,0.03783784,0.0,0.15093387,0.44507814,0.04580153,0.66666667,16,Retired,0,0,0.00129938
2026,6,2026-06-07,monaco,HUL,audi,0,13,3,0.04978707,0.01081081,0.0,0.07916477,0.04121066,0.0,0.5,13,Finished,1,0,0.00074358
2026,6,2026-06-07,monaco,COL,alpine,0,14,1,0.03877421,0.18378378,0.0,0.19889744,0.34688623,0.11450382,0.25,14,Finished,1,0,0.00122016
2026,6,2026-06-07,monaco,LIN,rb,0,15,0,0.03019738,0.0972973,0.0,0.10499596,0.5,0.03816794,0.33333333,7,Finished,1,0,0.00105051
2026,6,2026-06-07,monaco,BOR,audi,0,16,1,0.02351775,0.01081081,0.0,0.10254476,0.3383872,0.01526718,0.5,11,Finished,1,0,0.0008584
2026,6,2026-06-07,monaco,OCO,haas,0,17,3,0.01831564,0.0972973,0.0,0.1120418,0.37373893,0.00763359,0.0,9,Finished,1,0,0.00077772
2026,6,2026-06-07,monaco,PER,cadillac,0,18,2,0.01426423,0.0,0.0,0.04174261,0.19221754,0.0,0.66666667,15,Finished,1,0,0.00073776
2026,6,2026-06-07,monaco,BEA,haas,0,19,1,0.011109,0.0972973,0.0,0.21813988,0.35726697,0.13740458,1.0,20,Retired,0,0,0.00142283
2026,6,2026-06-07,monaco,BOT,cadillac,0,20,2,0.0086517,0.0,0.0,0.04175415,0.26661985,0.0,0.33333333,21,Retired,0,0,0.00065583
2026,6,2026-06-07,monaco,ALO,aston_martin,0,21,3,0.00673795,0.0,0.0,0.01954526,0.29606438,0.0,0.5,10,Finished,1,0,0.00070073
2026,6,2026-06-07,monaco,STR,aston_martin,0,22,3,0.00524752,0.0,0.0,0.02953775,0.06624979,0.0,0.5,18,Retired,0,0,0.00059692
2026,7,2026-06-14,catalunya,RUS,mercedes,0,1,3,1.0,1.0,0.0,0.40543144,0.89797395,0.56410256,0.2,2,Finished,1,0,0.44755347
2026,7,2026-06-14,catalunya,HAM,ferrari,0,2,3,0.77880078,0.65868263,0.0,0.60870809,0.88262867,0.57692308,0.6,1,Finished,1,1,0.19113056
2026,7,2026-06-14,catalunya,ANT,mercedes,0,3,1,0.60653066,1.0,0.0,1.0,0.3,1.0,0.8,16,Retired,0,0,0.25977305
2026,7,2026-06-14,catalunya,NOR,mclaren,0,4,3,0.47236655,0.4251497,0.0,0.25361194,1.0,0.37179487,0.5,3,Finished,1,0,0.02850492
2026,7,2026-06-14,catalunya,VER,red_bull,0,5,3,0.36787944,0.32934132,0.0,0.27324919,0.96677261,0.27564103,0.5,4,Finished,1,0,0.01592928
2026,7,2026-06-14,catalunya,HAD,red_bull,0,6,1,0.2865048,0.32934132,0.0,0.27110814,0.48768341,0.16666667,0.5,6,Lapped,1,0,0.00755788
2026,7,2026-06-14,catalunya,PIA,mclaren,0,7,3,0.22313016,0.4251497,0.0,0.41474301,0.88951574,0.37179487,0.5,5,Finished,1,0,0.01318481
2026,7,2026-06-14,catalunya,LAW,rb,0,8,1,0.17377394,0.16766467,0.0,0.23443288,0.38433159,0.15384615,0.75,8,Lapped,1,0,0.00400482
2026,7,2026-06-14,catalunya,HUL,audi,0,9,3,0.13533528,0.0,0.0,0.09443834,0.40678316,0.0,0.66666667,20,Retired,0,0,0.00203728
2026,7,2026-06-14,catalunya,LEC,ferrari,0,10,3,0.10539922,0.65868263,0.0,0.40290806,0.74529141,0.48076923,0.4,15,Retired,0,0,0.0113421
2026,7,2026-06-14,catalunya,LIN,rb,0,11,0,0.082085,0.16766467,0.0,0.11210891,0.5,0.07051282,0.25,9,Lapped,1,0,0.00205178
2026,7,2026-06-14,catalunya,BOR,audi,0,12,1,0.06392786,0.0,0.0,0.08551487,0.36904487,0.01282051,0.33333333,11,Lapped,1,0,0.00131307
2026,7,2026-06-14,catalunya,COL,alpine,0,13,1,0.04978707,0.28742515,0.0,0.19168664,0.33789263,0.09615385,0.2,10,Lapped,1,0,0.00209248
2026,7,2026-06-14,catalunya,GAS,alpine,0,14,3,0.03877421,0.28742515,0.0,0.31719813,0.33321497,0.22435897,0.8,7,Lapped,1,0,0.00341701
2026,7,2026-06-14,catalunya,BEA,haas,0,15,1,0.03019738,0.08383234,0.0,0.14999263,0.32540019,0.11538462,1.0,17,Retired,0,0,0.00206299
2026,7,2026-06-14,catalunya,SAI,williams,0,16,3,0.02351775,0.06586826,0.0,0.13329992,0.39402666,0.03846154,0.66666667,12,Lapped,1,0,0.00162582
2026,7,2026-06-14,catalunya,OCO,haas,0,17,3,0.01831564,0.08383234,0.0,0.1212921,0.20449652,0.01923077,0.0,13,Lapped,1,0,0.00098929
2026,7,2026-06-14,catalunya,ALB,williams,0,18,3,0.01426423,0.06586826,0.0,0.08685332,0.0341694,0.03205128,0.33333333,18,Lapped,1,0,0.00095265
2026,7,2026-06-14,catalunya,PER,cadillac,0,19,2,0.011109,0.0,0.0,0.04243388,0.55070881,0.0,0.66666667,14,Lapped,1,0,0.001406
2026,7,2026-06-14,catalunya,BOT,cadillac,0,20,2,0.0086517,0.0,0.0,0.0402404,0.21604773,0.0,0.33333333,21,Retired,0,0,0.00090703
2026,7,2026-06-14,catalunya,STR,aston_martin,0,21,2,0.00673795,0.00598802,0.0,0.02031445,0.37262685,0.0,0.5,22,Retired,0,0,0.0010924
2026,7,2026-06-14,catalunya,ALO,aston_martin,0,22,3,0.00524752,0.00598802,0.0,0.05189644,0.30452394,0.00641026,0.5,19,Retired,0,0,0.00107129
2026,8,2026-06-28,red_bull_ring,RUS,mercedes,0,1,3,1.0,1.0,0.0,0.5067893,0.91755009,0.67948718,0.2,1,Finished,1,1,0.49103227
2026,8,2026-06-28,red_bull_ring,LEC,ferrari,0,2,3,0.77880078,0.76056338,0.0,0.36643216,0.82896198,0.48076923,0.4,8,Finished,1,0,0.12168843
2026,8,2026-06-28,red_bull_ring,HAM,ferrari,0,3,3,0.60653066,0.76056338,0.0,0.8433051,0.74557179,0.73717949,0.6,5,Finished,1,0,0.14244412
2026,8,2026-06-28,red_bull_ring,ANT,mercedes,0,4,1,0.47236655,1.0,0.0,1.0,0.3,1.0,0.8,3,Finished,1,0,0.14466827
2026,8,2026-06-28,red_bull_ring,VER,red_bull,0,5,3,0.36787944,0.5,0.0,0.4787644,0.57493448,0.3525641,1.0,2,Finished,1,0,0.02258731
2026,8,2026-06-28,red_bull_ring,NOR,mclaren,0,6,3,0.2865048,0.67605634,0.0,0.48459494,0.91058992,0.46794872,0.66666667,7,Finished,1,0,0.0269607
2026,8,2026-06-28,red_bull_ring,PIA,mclaren,0,7,3,0.22313016,0.67605634,0.0,0.630761,1.0,0.43589744,0.33333333,4,Finished,1,0,0.02254387
2026,8,2026-06-28,red_bull_ring,HAD,red_bull,0,8,1,0.17377394,0.5,0.0,0.3692058,0.36882496,0.21794872,0.0,6,Finished,1,0,0.00480632
2026,8,2026-06-28,red_bull_ring,LAW,rb,0,9,1,0.13533528,0.1971831,0.0,0.27939178,0.5285069,0.17948718,0.8,9,Lapped,1,0,0.00398438
2026,8,2026-06-28,red_bull_ring,LIN,rb,0,10,0,0.10539922,0.1971831,0.0,0.16290947,0.5,0.08333333,0.2,10,Lapped,1,0,0.00213787
2026,8,2026-06-28,red_bull_ring,GAS,alpine,0,11,3,0.082085,0.32394366,0.0,0.37982636,0.20404412,0.26282051,0.83333333,13,Lapped,1,0,0.00374857
2026,8,2026-06-28,red_bull_ring,BOR,audi,0,12,1,0.06392786,0.0,0.0,0.14072741,0.45317276,0.01282051,0.33333333,11,Lapped,1,0,0.00131668
2026,8,2026-06-28,red_bull_ring,BEA,haas,0,13,1,0.04978707,0.02816901,0.0,0.07515854,0.38406299,0.11538462,1.0,14,Lapped,1,0,0.00173564
2026,8,2026-06-28,red_bull_ring,HUL,audi,0,14,3,0.03877421,0.0,0.0,0.0842141,0.32427509,0.0,0.66666667,12,Lapped,1,0,0.00119691
2026,8,2026-06-28,red_bull_ring,OCO,haas,0,15,3,0.03019738,0.02816901,0.0,0.15572622,0.19763592,0.01923077,0.0,16,Lapped,1,0,0.00086641
2026,8,2026-06-28,red_bull_ring,COL,alpine,0,16,1,0.02351775,0.32394366,0.0,0.2396083,0.33777194,0.1025641,0.16666667,15,Lapped,1,0,0.00185697
2026,8,2026-06-28,red_bull_ring,SAI,williams,0,17,3,0.01831564,0.06338028,0.0,0.14385156,0.46103426,0.03846154,0.75,20,Retired,0,0,0.00156259
2026,8,2026-06-28,red_bull_ring,ALB,williams,0,18,3,0.01426423,0.06338028,0.0,0.11690997,0.07780892,0.03205128,0.25,17,Lapped,1,0,0.00086109
2026,8,2026-06-28,red_bull_ring,PER,cadillac,0,19,2,0.011109,0.0,0.0,0.05640823,0.63243017,0.0,0.66666667,21,Retired,0,0,0.00134576
2026,8,2026-06-28,red_bull_ring,BOT,cadillac,0,20,2,0.0086517,0.0,0.0,0.02762102,0.22983457,0.0,0.33333333,22,Retired,0,0,0.0007996
2026,8,2026-06-28,red_bull_ring,ALO,aston_martin,0,21,3,0.00673795,0.00704225,0.0,0.06487056,0.38766577,0.00641026,0.5,18,Lapped,1,0,0.00103231
2026,8,2026-06-28,red_bull_ring,STR,aston_martin,0,22,3,0.00524752,0.00704225,0.0,0.02539307,0.16850312,0.0,0.5,19,Retired,0,0,0.00082394
2026,9,2026-07-05,silverstone,ANT,mercedes,1,1,1,1.0,1.0,1.0,1.0,0.3,1.0,0.66666667,15,Finished,1,0,0.73138089
2026,9,2026-07-05,silverstone,LEC,ferrari,1,2,3,0.77880078,0.68275862,0.31890656,0.28390046,0.12094891,0.4619883,0.33333333,1,Finished,1,1,0.03176516
2026,9,2026-07-05,silverstone,HAM,ferrari,1,3,3,0.60653066,0.68275862,0.75147729,0.94124487,0.84317076,0.73099415,0.66666667,3,Finished,1,0,0.12957997
2026,9,2026-07-05,silverstone,RUS,mercedes,1,4,3,0.47236655,1.0,0.42437285,0.67523963,0.20758308,0.76608187,0.33333333,2,Finished,1,0,0.04049165
2026,9,2026-07-05,silverstone,HAD,red_bull,1,5,1,0.36787944,0.64137931,0.10170139,0.47241098,0.3,0.24561404,0.0,5,Finished,1,0,0.00696848
2026,9,2026-07-05,silverstone,NOR,mclaren,1,6,3,0.2865048,0.59310345,0.56471812,0.48776264,1.0,0.4619883,0.5,4,Finished,1,0,0.02022765
2026,9,2026-07-05,silverstone,VER,red_bull,1,7,3,0.22313016,0.64137931,0.23965104,0.67764973,0.81041684,0.42690058,1.0,20,Retired,0,0,0.01574191
2026,9,2026-07-05,silverstone,PIA,mclaren,1,8,3,0.17377394,0.59310345,0.18009231,0.61387695,0.78639042,0.46783626,0.5,11,Finished,1,0,0.00918544
2026,9,2026-07-05,silverstone,LIN,rb,1,9,0,0.13533528,0.2,0.07642629,0.2023429,0.5,0.08187135,0.16666667,7,Finished,1,0,0.00163465
2026,9,2026-07-05,silverstone,LAW,rb,1,10,1,0.10539922,0.2,0.13533528,0.30448765,0.3,0.1754386,0.83333333,6,Finished,1,0,0.00217271
2026,9,2026-07-05,silverstone,BOR,audi,1,11,1,0.082085,0.0,0.03243324,0.16552425,0.3,0.01169591,0.5,8,Finished,1,0,0.00095029
2026,9,2026-07-05,silverstone,GAS,alpine,1,12,3,0.06392786,0.27586207,0.05743262,0.35659811,0.19582749,0.23976608,0.85714286,10,Finished,1,0,0.0020025
2026,9,2026-07-05,silverstone,HUL,audi,1,13,3,0.04978707,0.0,0.01831564,0.08509456,0.51804542,0.0,0.5,22,Retired,0,0,0.00090674
2026,9,2026-07-05,silverstone,BEA,haas,1,14,1,0.03877421,0.02068966,0.02437284,0.10214579,0.363396,0.10526316,1.0,12,Finished,1,0,0.00110372
2026,9,2026-07-05,silverstone,SAI,williams,1,15,3,0.03019738,0.06206897,0.01034317,0.14020472,0.27040655,0.03508772,0.75,17,Lapped,1,0,0.00093014
2026,9,2026-07-05,silverstone,ALB,williams,1,16,3,0.02351775,0.06206897,0.00777266,0.13242206,0.27213132,0.02923977,0.25,21,Retired,0,0,0.00072652
2026,9,2026-07-05,silverstone,OCO,haas,1,17,3,0.01831564,0.02068966,0.01376379,0.13824219,0.06684212,0.01754386,0.0,13,Finished,1,0,0.00053168
2026,9,2026-07-05,silverstone,BOT,cadillac,1,18,2,0.01426423,0.0,0.00584098,0.02265752,0.23695899,0.0,0.33333333,16,Finished,1,0,0.00058222
2026,9,2026-07-05,silverstone,COL,alpine,1,19,1,0.011109,0.27586207,0.04315931,0.26413396,0.3,0.09356725,0.14285714,9,Finished,1,0,0.00110362
2026,9,2026-07-05,silverstone,PER,cadillac,1,20,2,0.0086517,0.0,0.00247875,0.0503691,0.30855993,0.0,0.66666667,14,Finished,1,0,0.00070919
2026,9,2026-07-05,silverstone,STR,aston_martin,1,21,3,0.00673795,0.00689655,0.00329851,0.02767395,0.29232942,0.0,0.5,19,Lapped,1,0,0.00064183
2026,9,2026-07-05,silverstone,ALO,aston_martin,1,22,3,0.00524752,0.00689655,0.00438936,0.07069744,0.27952436,0.00584795,0.5,18,Lapped,1,0,0.00066303
2026,10,2026-07-19,spa,ANT,mercedes,0,1,1,1.0,0.99212598,0.0,0.72692302,0.32785093,1.0,0.57142857,1,Finished,1,1,0.47990091
2026,10,2026-07-19,spa,VER,red_bull,0,2,3,0.77880078,0.73228346,0.0,0.54240151,0.91092065,0.42458101,1.0,3,Finished,1,0,0.16687141
2026,10,2026-07-19,spa,NOR,mclaren,0,3,3,0.60653066,0.51181102,0.0,0.40465296,0.81612658,0.54189944,0.6,7,Finished,1,0,0.04899089
2026,10,2026-07-19,spa,RUS,mercedes,0,4,3,0.47236655,0.99212598,0.0,0.73148358,0.40255803,0.8603352,0.42857143,22,Retired,0,0,0.08845723
2026,10,2026-07-19,spa,LEC,ferrari,0,5,3,0.36787944,1.0,0.0,0.47786952,0.93744409,0.60335196,0.42857143,2,Finished,1,0,0.06184309
2026,10,2026-07-19,spa,HAM,ferrari,0,6,3,0.2865048,1.0,0.0,1.0,0.81087705,0.82122905,0.57142857,4,Finished,1,0,0.10535273
2026,10,2026-07-19,spa,PIA,mclaren,0,7,3,0.22313016,0.51181102,0.0,0.45730359,1.0,0.45810056,0.4,5,Finished,1,0,0.01638437
2026,10,2026-07-19,spa,LIN,rb,0,8,0,0.17377394,0.33858268,0.0,0.25806636,0.5,0.11173184,0.14285714,9,Finished,1,0,0.00355025
2026,10,2026-07-19,spa,BOR,audi,0,9,1,0.13533528,0.03149606,0.0,0.19784373,0.41294109,0.03351955,0.5,8,Finished,1,0,0.00188852
2026,10,2026-07-19,spa,HAD,red_bull,0,10,1,0.10539922,0.73228346,0.0,0.58109242,0.31251423,0.29050279,0.0,6,Finished,1,0,0.00737651
2026,10,2026-07-19,spa,LAW,rb,0,11,1,0.082085,0.33858268,0.0,0.39536941,0.43794656,0.21787709,0.85714286,12,Finished,1,0,0.00485674
2026,10,2026-07-19,spa,GAS,alpine,0,12,3,0.06392786,0.29133858,0.0,0.39235685,0.18846032,0.23463687,0.75,11,Finished,1,0,0.00328244
2026,10,2026-07-19,spa,COL,alpine,0,13,1,0.04978707,0.29133858,0.0,0.23160311,0.31528491,0.10055866,0.25,10,Finished,1,0,0.0019757
2026,10,2026-07-19,spa,HUL,audi,0,14,3,0.03877421,0.03149606,0.0,0.08312885,0.09589344,0.0,0.5,13,Finished,1,0,0.00091563
2026,10,2026-07-19,spa,SAI,williams,0,15,3,0.03019738,0.04724409,0.0,0.09407812,0.18491307,0.03351955,0.75,16,Finished,1,0,0.00117933
2026,10,2026-07-19,spa,BEA,haas,0,16,1,0.02351775,0.02362205,0.0,0.09325667,0.37570668,0.10055866,1.0,14,Finished,1,0,0.00158831
2026,10,2026-07-19,spa,ALB,williams,0,17,3,0.01831564,0.04724409,0.0,0.08536678,0.30676683,0.02793296,0.25,15,Finished,1,0,0.00095162
2026,10,2026-07-19,spa,OCO,haas,0,18,3,0.01426423,0.02362205,0.0,0.13504875,0.20687415,0.01675978,0.0,17,Finished,1,0,0.00076252
2026,10,2026-07-19,spa,BOT,cadillac,0,19,2,0.011109,0.0,0.0,0.02650285,0.24899062,0.0,0.25,18,Lapped,1,0,0.00074769
2026,10,2026-07-19,spa,PER,cadillac,0,20,2,0.0086517,0.0,0.0,0.05572293,0.64251003,0.0,0.75,21,Retired,0,0,0.00141146
2026,10,2026-07-19,spa,ALO,aston_martin,0,21,3,0.00673795,0.00787402,0.0,0.06176167,0.27845741,0.00558659,0.5,19,Lapped,1,0,0.00091899
2026,10,2026-07-19,spa,STR,aston_martin,0,22,3,0.00524752,0.00787402,0.0,0.02345786,0.17160674,0.0,0.5,20,Retired,0,0,0.00079366
2026,11,2026-07-26,hungaroring,NOR,mclaren,0,1,3,1.0,0.63779528,0.0,0.52234589,1.0,0.50490196,0.5,1,Finished,1,1,0.36723126
2026,11,2026-07-26,hungaroring,HAM,ferrari,0,2,3,0.77880078,1.0,0.0,1.0,0.43099267,0.77941176,0.5,5,Finished,1,0,0.32536351
2026,11,2026-07-26,hungaroring,LEC,ferrari,0,3,3,0.60653066,1.0,0.0,0.59226107,0.54657731,0.61764706,0.5,4,Finished,1,0,0.10742647
2026,11,2026-07-26,hungaroring,ANT,mercedes,0,4,1,0.47236655,0.99212598,0.0,0.78318905,0.37337438,1.0,0.57142857,3,Finished,1,0,0.09095482
2026,11,2026-07-26,hungaroring,PIA,mclaren,0,5,3,0.36787944,0.63779528,0.0,0.58274226,0.87940255,0.45098039,0.5,20,Retired,0,0,0.02898032
2026,11,2026-07-26,hungaroring,VER,red_bull,0,6,3,0.2865048,0.71653543,0.0,0.58438503,0.51270549,0.44607843,1.0,2,Finished,1,0,0.02248981
2026,11,2026-07-26,hungaroring,RUS,mercedes,0,7,3,0.22313016,0.99212598,0.0,0.78810262,0.5179771,0.75490196,0.42857143,7,Finished,1,0,0.03008537
2026,11,2026-07-26,hungaroring,HAD,red_bull,0,8,1,0.17377394,0.71653543,0.0,0.60271396,0.36007386,0.29411765,0.0,6,Finished,1,0,0.00757739
2026,11,2026-07-26,hungaroring,LIN,rb,0,9,0,0.13533528,0.30708661,0.0,0.33593807,0.5,0.10784314,0.25,10,Lapped,1,0,0.0031332
2026,11,2026-07-26,hungaroring,HUL,audi,0,10,3,0.10539922,0.06299213,0.0,0.08380356,0.09652436,0.0,0.4,9,Lapped,1,0,0.00116316
2026,11,2026-07-26,hungaroring,LAW,rb,0,11,1,0.082085,0.30708661,0.0,0.37137495,0.40946172,0.19117647,0.75,8,Lapped,1,0,0.00327656
2026,11,2026-07-26,hungaroring,GAS,alpine,0,12,3,0.06392786,0.20472441,0.0,0.39082064,0.01378262,0.20588235,0.66666667,12,Lapped,1,0,0.00198963
2026,11,2026-07-26,hungaroring,COL,alpine,0,13,1,0.04978707,0.20472441,0.0,0.19143714,0.31481403,0.09313725,0.33333333,15,Lapped,1,0,0.00152537
2026,11,2026-07-26,hungaroring,BOR,audi,0,14,1,0.03877421,0.06299213,0.0,0.25785788,0.46329769,0.04901961,0.6,11,Lapped,1,0,0.00156552
2026,11,2026-07-26,hungaroring,OCO,haas,0,15,3,0.03019738,0.01574803,0.0,0.13589208,0.03689746,0.01470588,0.0,16,Lapped,1,0,0.00069337
2026,11,2026-07-26,hungaroring,ALO,aston_martin,0,16,3,0.02351775,0.00787402,0.0,0.07437766,0.32535659,0.00490196,0.5,14,Lapped,1,0,0.00096015
2026,11,2026-07-26,hungaroring,BEA,haas,0,17,1,0.01831564,0.01574803,0.0,0.07437226,0.3,0.08823529,1.0,19,Lapped,1,0,0.00123917
2026,11,2026-07-26,hungaroring,SAI,williams,0,18,3,0.01426423,0.03149606,0.0,0.05774057,0.22955509,0.02941176,0.6,18,Lapped,1,0,0.0009344
2026,11,2026-07-26,hungaroring,ALB,williams,0,19,3,0.011109,0.03149606,0.0,0.10941255,0.09103219,0.0245098,0.4,17,Lapped,1,0,0.00080144
2026,11,2026-07-26,hungaroring,STR,aston_martin,0,20,3,0.0086517,0.00787402,0.0,0.00783545,0.25198421,0.0,0.5,13,Lapped,1,0,0.00080232
2026,11,2026-07-26,hungaroring,BOT,cadillac,0,21,2,0.00673795,0.0,0.0,0.02384737,0.22903504,0.0,0.25,22,Retired,0,0,0.00070421
2026,11,2026-07-26,hungaroring,PER,cadillac,0,22,2,0.00524752,0.0,0.0,0.06003606,0.50189294,0.0,0.75,21,Retired,0,0,0.00110255
2026,12,2026-08-23,zandvoort,NOR,mclaren,1,1,3,1.0,0.73282443,0.56471812,0.9049745,0.44961312,0.58447489,0.5,1,Finished,1,1,0.36059143
2026,12,2026-08-23,zandvoort,RUS,mercedes,1,2,3,0.77880078,0.93129771,1.0,0.94254459,0.41231169,0.73059361,0.375,3,Finished,1,0,0.34966447
2026,12,2026-08-23,zandvoort,ANT,mercedes,1,3,1,0.60653066,0.93129771,0.42437285,0.77024125,0.32315871,1.0,0.625,2,Finished,1,0,0.1141014
2026,12,2026-08-23,zandvoort,PIA,mclaren,1,4,3,0.47236655,0.73282443,0.31890656,0.50766891,0.78501068,0.42009132,0.5,6,Finished,1,0,0.03593506
2026,12,2026-08-23,zandvoort,HAM,ferrari,1,5,3,0.36787944,1.0,0.18009231,1.0,0.1884711,0.7716895,0.44444444,4,Finished,1,0,0.03828913
2026,12,2026-08-23,zandvoort,LEC,ferrari,1,6,3,0.2865048,1.0,0.75147729,0.83845919,0.24802492,0.63013699,0.55555556,5,Finished,1,0,0.04477209
2026,12,2026-08-23,zandvoort,VER,red_bull,1,7,3,0.22313016,0.80152672,0.23965104,0.91622385,1.0,0.49771689,1.0,22,Retired,0,0,0.03173831
2026,12,2026-08-23,zandvoort,LAW,red_bull,1,8,2,0.17377394,0.80152672,0.05743262,0.37647603,0.25250217,0.19634703,0.77777778,7,Finished,1,0,0.00659241
2026,12,2026-08-23,zandvoort,BOR,audi,1,9,1,0.13533528,0.07633588,0.10170139,0.28840938,0.32828611,0.0456621,0.5,13,Lapped,1,0,0.00203387
2026,12,2026-08-23,zandvoort,LIN,rb,1,10,0,0.10539922,0.22900763,0.07642629,0.33215359,0.5,0.10502283,0.22222222,12,Lapped,1,0,0.00230528
2026,12,2026-08-23,zandvoort,GAS,alpine,1,11,3,0.082085,0.08396947,0.13533528,0.25766636,0.27341063,0.19178082,0.7,10,Lapped,1,0,0.00197268
2026,12,2026-08-23,zandvoort,TSU,rb,1,12,3,0.06392786,0.22900763,0.03243324,0.80185013,0.13787359,0.0,0.5,11,Lapped,1,0,0.00238473
2026,12,2026-08-23,zandvoort,HUL,audi,1,13,3,0.04978707,0.07633588,0.00247875,0.12939219,0.11861975,0.00913242,0.5,8,Lapped,1,0,0.00102117
2026,12,2026-08-23,zandvoort,COL,alpine,1,14,1,0.03877421,0.08396947,0.04315931,0.20980069,0.36295189,0.08675799,0.3,14,Lapped,1,0,0.00125514
2026,12,2026-08-23,zandvoort,OCO,haas,1,15,3,0.03019738,0.0,0.02437284,0.10320525,0.15356215,0.01369863,0.125,19,Retired,0,0,0.00077133
2026,12,2026-08-23,zandvoort,ALB,williams,1,16,3,0.02351775,0.0,0.01376379,0.05635651,0.33016439,0.02283105,0.5,17,Retired,0,0,0.0009328
2026,12,2026-08-23,zandvoort,SAI,williams,1,17,3,0.01831564,0.0,0.00438936,0.07528593,0.33296259,0.02739726,0.5,16,Lapped,1,0,0.00092677
2026,12,2026-08-23,zandvoort,ALO,aston_martin,1,18,3,0.01426423,0.0,0.00777266,0.05399461,0.40789424,0.00456621,0.66666667,9,Lapped,1,0,0.00099342
2026,12,2026-08-23,zandvoort,STR,aston_martin,1,19,3,0.011109,0.0,0.01034317,0.03786069,0.22854147,0.0,0.33333333,20,Retired,0,0,0.00075898
2026,12,2026-08-23,zandvoort,BEA,haas,1,20,1,0.0086517,0.0,0.01831564,0.09194785,0.47112098,0.08219178,0.875,21,Retired,0,0,0.00120728
2026,12,2026-08-23,zandvoort,BOT,cadillac,1,21,2,0.00673795,0.0,0.00584098,0.02667285,0.21026621,0.0,0.25,18,Retired,0,0,0.00070509
2026,12,2026-08-23,zandvoort,PER,cadillac,1,22,2,0.00524752,0.0,0.00329851,0.04764502,0.50938556,0.0,0.75,15,Lapped,1,0,0.00104715
2021,1,2021-03-28,bahrain,VER,red_bull,0,1,3,1.0,0.0,0.0,1.0,0.41643769,0.0,0.5,2,Finished,1,0,0.34802832
2021,1,2021-03-28,bahrain,HAM,mercedes,0,2,3,0.77880078,0.0,0.0,1.0,1.0,0.0,0.5,1,Finished,1,1,0.25719233
2021,1,2021-03-28,bahrain,BOT,mercedes,0,3,3,0.60653066,0.0,0.0,1.0,0.40713271,0.0,0.5,3,Finished,1,0,0.08909616
2021,1,2021-03-28,bahrain,LEC,ferrari,0,4,3,0.47236655,0.0,0.0,1.0,0.22153995,0.0,0.5,6,Finished,1,0,0.04849674
2021,1,2021-03-28,bahrain,GAS,alphatauri,0,5,3,0.36787944,0.0,0.0,1.0,0.25361611,0.0,0.5,17,Retired,0,0,0.03470418
2021,1,2021-03-28,bahrain,RIC,mclaren,0,6,3,0.2865048,0.0,0.0,1.0,0.32437985,0.0,0.5,7,Finished,1,0,0.02772374
2021,1,2021-03-28,bahrain,NOR,mclaren,0,7,3,0.22313016,0.0,0.0,1.0,0.3603681,0.0,0.5,4,Finished,1,0,0.02292752
2021,1,2021-03-28,bahrain,SAI,ferrari,0,8,3,0.17377394,0.0,0.0,1.0,0.42421328,0.0,0.5,8,Finished,1,0,0.02034026
2021,1,2021-03-28,bahrain,ALO,alpine,0,9,1,0.13533528,0.0,0.0,1.0,0.4302359,0.0,0.5,19,Brakes,0,0,0.01790264
2021,1,2021-03-28,bahrain,STR,aston_martin,0,10,3,0.10539922,0.0,0.0,1.0,0.3476173,0.0,0.5,10,Finished,1,0,0.01513174
2021,1,2021-03-28,bahrain,PER,red_bull,0,11,3,0.082085,0.0,0.0,1.0,0.53197264,0.0,0.5,5,Finished,1,0,0.01614533
2021,1,2021-03-28,bahrain,GIO,alfa,0,12,3,0.06392786,0.0,0.0,1.0,0.09494907,0.0,0.5,12,+1 Lap,1,0,0.01075137
2021,1,2021-03-28,bahrain,TSU,alphatauri,0,13,0,0.04978707,0.0,0.0,1.0,0.5,0.0,0.5,9,Finished,1,0,0.01408647
2021,1,2021-03-28,bahrain,RAI,alfa,0,14,3,0.03877421,0.0,0.0,1.0,0.1314087,0.0,0.5,11,Finished,1,0,0.0101462
2021,1,2021-03-28,bahrain,RUS,williams,0,15,3,0.03019738,0.0,0.0,1.0,0.15225523,0.0,0.5,14,+1 Lap,1,0,0.01001385
2021,1,2021-03-28,bahrain,OCO,alpine,0,16,3,0.02351775,0.0,0.0,1.0,0.51234682,0.0,0.5,13,+1 Lap,1,0,0.01299357
2021,1,2021-03-28,bahrain,LAT,williams,0,17,2,0.01831564,0.0,0.0,1.0,0.19648923,0.0,0.5,18,Retired,0,0,0.00995295
2021,1,2021-03-28,bahrain,VET,aston_martin,0,18,3,0.01426423,0.0,0.0,1.0,0.19603874,0.0,0.5,15,+1 Lap,1,0,0.00981155
2021,1,2021-03-28,bahrain,MSC,haas,0,19,0,0.011109,0.0,0.0,1.0,0.5,0.0,0.5,16,+1 Lap,1,0,0.01232949
2021,1,2021-03-28,bahrain,MAZ,haas,0,20,0,0.0086517,0.0,0.0,1.0,0.5,0.0,0.5,20,Accident,0,0,0.01222558
2021,8,2021-06-27,red_bull_ring,VER,red_bull,0,1,3,1.0,1.0,0.0,1.0,0.63127778,1.0,1.0,1,Finished,1,1,0.73230965
2021,8,2021-06-27,red_bull_ring,BOT,mercedes,0,2,3,0.77880078,0.72839506,0.0,0.54990407,1.0,0.45038168,0.2,3,Finished,1,0,0.082278
2021,8,2021-06-27,red_bull_ring,HAM,mercedes,0,3,3,0.60653066,0.72839506,0.0,0.87443813,0.86781414,0.90839695,0.8,2,Finished,1,0,0.11214633
2021,8,2021-06-27,red_bull_ring,NOR,mclaren,0,4,3,0.47236655,0.42592593,0.0,0.62266058,0.5946913,0.58015267,0.85714286,5,+1 Lap,1,0,0.02205044
2021,8,2021-06-27,red_bull_ring,PER,red_bull,0,5,3,0.36787944,1.0,0.0,0.88448284,0.37384225,0.64122137,0.0,4,Finished,1,0,0.02757025
2021,8,2021-06-27,red_bull_ring,GAS,alphatauri,0,6,3,0.2865048,0.22839506,0.0,0.45910904,0.22776051,0.28244275,1.0,20,Collision,0,0,0.00462542
2021,8,2021-06-27,red_bull_ring,LEC,ferrari,0,7,3,0.22313016,0.37037037,0.0,0.41657892,0.52995404,0.39694656,0.83333333,7,+1 Lap,1,0,0.00560058
2021,8,2021-06-27,red_bull_ring,TSU,alphatauri,0,8,0,0.17377394,0.22839506,0.0,0.13814835,0.5,0.0610687,0.0,10,+1 Lap,1,0,0.00141035
2021,8,2021-06-27,red_bull_ring,ALO,alpine,0,9,1,0.13533528,0.16049383,0.0,0.27286984,0.417054,0.12977099,0.2,9,+1 Lap,1,0,0.00141092
2021,8,2021-06-27,red_bull_ring,STR,aston_martin,0,10,3,0.10539922,0.21604938,0.0,0.17086221,0.18249781,0.07633588,0.4,8,+1 Lap,1,0,0.00108806
2021,8,2021-06-27,red_bull_ring,RUS,williams,0,11,3,0.082085,0.0,0.0,0.08498712,0.03585632,0.0,1.0,19,Engine,0,0,0.00074969
2021,8,2021-06-27,red_bull_ring,SAI,ferrari,0,12,3,0.06392786,0.37037037,0.0,0.45009205,0.34507172,0.32061069,0.16666667,6,+1 Lap,1,0,0.0019682
2021,8,2021-06-27,red_bull_ring,RIC,mclaren,0,13,3,0.04978707,0.42592593,0.0,0.34374386,0.16289986,0.25954198,0.14285714,13,+1 Lap,1,0,0.00148006
2021,8,2021-06-27,red_bull_ring,VET,aston_martin,0,14,3,0.03877421,0.21604938,0.0,0.45399577,0.21043043,0.22900763,0.6,12,+1 Lap,1,0,0.00149482
2021,8,2021-06-27,red_bull_ring,GIO,alfa,0,15,3,0.03019738,0.01234568,0.0,0.14654656,0.16087819,0.00763359,0.33333333,15,+1 Lap,1,0,0.00054577
2021,8,2021-06-27,red_bull_ring,LAT,williams,0,16,2,0.02351775,0.0,0.0,0.0624421,0.23647978,0.0,0.0,17,+3 Laps,1,0,0.00042813
2021,8,2021-06-27,red_bull_ring,OCO,alpine,0,17,3,0.01831564,0.16049383,0.0,0.21423205,0.19232934,0.09160305,0.8,14,+1 Lap,1,0,0.00096654
2021,8,2021-06-27,red_bull_ring,RAI,alfa,0,18,3,0.01426423,0.01234568,0.0,0.12431734,0.12745278,0.00763359,0.66666667,11,+1 Lap,1,0,0.0005788
2021,8,2021-06-27,red_bull_ring,MSC,haas,0,19,0,0.011109,0.0,0.0,0.06200764,0.5,0.0,0.83333333,16,+2 Laps,1,0,0.0007603
2021,8,2021-06-27,red_bull_ring,MAZ,haas,0,20,0,0.0086517,0.0,0.0,0.05279891,0.5,0.0,0.16666667,18,+3 Laps,1,0,0.00053767
2021,9,2021-07-04,red_bull_ring,VER,red_bull,0,1,3,1.0,1.0,0.0,1.0,0.81935981,1.0,1.0,1,Finished,1,1,0.78860125
2021,9,2021-07-04,red_bull_ring,NOR,mclaren,0,2,3,0.77880078,0.3964497,0.0,0.59310385,0.61290327,0.55128205,0.875,3,Finished,1,0,0.05458011
2021,9,2021-07-04,red_bull_ring,PER,red_bull,0,3,3,0.60653066,1.0,0.0,0.84249781,0.55225407,0.61538462,0.0,6,Finished,1,0,0.06276438
2021,9,2021-07-04,red_bull_ring,HAM,mercedes,0,4,3,0.47236655,0.65680473,0.0,0.78546145,1.0,0.88461538,0.83333333,4,Finished,1,0,0.05934885
2021,9,2021-07-04,red_bull_ring,BOT,mercedes,0,5,3,0.36787944,0.65680473,0.0,0.52380097,0.97228042,0.47435897,0.16666667,2,Finished,1,0,0.01591805
2021,9,2021-07-04,red_bull_ring,GAS,alphatauri,0,6,3,0.2865048,0.21893491,0.0,0.3940295,0.10772417,0.23717949,1.0,9,Finished,1,0,0.003466
2021,9,2021-07-04,red_bull_ring,TSU,alphatauri,0,7,1,0.22313016,0.21893491,0.0,0.15895285,0.38112211,0.05769231,0.0,12,+1 Lap,1,0,0.0014221
2021,9,2021-07-04,red_bull_ring,VET,aston_martin,0,8,3,0.17377394,0.23076923,0.0,0.43770495,0.10788504,0.19230769,0.5,17,Collision,0,0,0.00189315
2021,9,2021-07-04,red_bull_ring,RUS,williams,0,9,3,0.13533528,0.0,0.0,0.06791532,0.01943575,0.0,1.0,11,+1 Lap,1,0,0.00081049
2021,9,2021-07-04,red_bull_ring,STR,aston_martin,0,10,3,0.10539922,0.23076923,0.0,0.20787747,0.2551021,0.08974359,0.5,13,+1 Lap,1,0,0.00120816
2021,9,2021-07-04,red_bull_ring,SAI,ferrari,0,11,3,0.082085,0.39053254,0.0,0.48962254,0.40926692,0.32051282,0.28571429,5,Finished,1,0,0.00233319
2021,9,2021-07-04,red_bull_ring,LEC,ferrari,0,12,3,0.06392786,0.39053254,0.0,0.37934189,0.3962663,0.37179487,0.71428571,8,Finished,1,0,0.00247523
2021,9,2021-07-04,red_bull_ring,RIC,mclaren,0,13,3,0.04978707,0.3964497,0.0,0.29831287,0.14685765,0.21794872,0.125,7,Finished,1,0,0.00118675
2021,9,2021-07-04,red_bull_ring,ALO,alpine,0,14,1,0.03877421,0.10650888,0.0,0.24821155,0.39908277,0.12179487,0.33333333,10,+1 Lap,1,0,0.00088376
2021,9,2021-07-04,red_bull_ring,GIO,alfa,0,15,3,0.03019738,0.01183432,0.0,0.12649867,0.11920443,0.00641026,0.28571429,14,+1 Lap,1,0,0.00046803
2021,9,2021-07-04,red_bull_ring,RAI,alfa,0,16,3,0.02351775,0.01183432,0.0,0.15385605,0.12830589,0.00641026,0.71428571,15,+1 Lap,1,0,0.00058592
2021,9,2021-07-04,red_bull_ring,OCO,alpine,0,17,3,0.01831564,0.10650888,0.0,0.14463973,0.11018238,0.07692308,0.66666667,20,Collision,0,0,0.00066704
2021,9,2021-07-04,red_bull_ring,LAT,williams,0,18,3,0.01426423,0.0,0.0,0.06141299,0.07638202,0.0,0.0,16,+1 Lap,1,0,0.00033913
2021,9,2021-07-04,red_bull_ring,MSC,haas,0,19,1,0.011109,0.0,0.0,0.06142755,0.32443351,0.0,0.85714286,18,+2 Laps,1,0,0.00062177
2021,9,2021-07-04,red_bull_ring,MAZ,haas,0,20,1,0.0086517,0.0,0.0,0.0518768,0.31637827,0.0,0.14285714,19,+2 Laps,1,0,0.00042665
2021,10,2021-07-18,silverstone,HAM,mercedes,1,1,3,1.0,0.58045977,0.75147729,0.63706935,1.0,0.82417582,0.71428571,1,Finished,1,1,0.30906831
2021,10,2021-07-18,silverstone,VER,red_bull,1,2,3,0.77880078,1.0,1.0,1.0,0.89054769,1.0,1.0,20,Collision,0,0,0.59925966
2021,10,2021-07-18,silverstone,BOT,mercedes,1,3,3,0.60653066,0.58045977,0.56471812,0.5371664,0.58176164,0.50549451,0.28571429,3,Finished,1,0,0.03531636
2021,10,2021-07-18,silverstone,LEC,ferrari,1,4,3,0.47236655,0.35632184,0.42437285,0.28659747,0.67032005,0.34065934,0.625,2,Finished,1,0,0.01313494
2021,10,2021-07-18,silverstone,PER,red_bull,1,5,2,0.36787944,1.0,0.0,0.78395569,0.24019942,0.57142857,0.0,16,+1 Lap,1,0,0.01459662
2021,10,2021-07-18,silverstone,NOR,mclaren,1,6,3,0.2865048,0.43678161,0.31890656,0.67215675,0.28933746,0.55494505,0.88888889,4,Finished,1,0,0.01065654
2021,10,2021-07-18,silverstone,RIC,mclaren,1,7,3,0.22313016,0.43678161,0.23965104,0.26812282,0.30169394,0.21978022,0.11111111,5,Finished,1,0,0.00316923
2021,10,2021-07-18,silverstone,RUS,williams,1,8,3,0.17377394,0.0,0.10170139,0.080103,0.07334919,0.0,1.0,12,+1 Lap,1,0,0.00120638
2021,10,2021-07-18,silverstone,SAI,ferrari,1,9,3,0.13533528,0.35632184,0.05743262,0.50446785,0.16751131,0.32967033,0.375,6,Finished,1,0,0.00246743
2021,10,2021-07-18,silverstone,VET,aston_martin,1,10,3,0.10539922,0.22413793,0.13533528,0.39518985,0.12453662,0.16483516,0.5,19,Retired,0,0,0.00171374
2021,10,2021-07-18,silverstone,ALO,alpine,1,11,1,0.082085,0.09770115,0.18009231,0.26809744,0.40749592,0.10989011,0.33333333,7,Finished,1,0,0.00137904
2021,10,2021-07-18,silverstone,GAS,alphatauri,1,12,3,0.06392786,0.2183908,0.04315931,0.38532255,0.30740952,0.21428571,1.0,11,Finished,1,0,0.00195093
2021,10,2021-07-18,silverstone,OCO,alpine,1,13,3,0.04978707,0.09770115,0.07642629,0.08761092,0.32431748,0.06593407,0.66666667,9,Finished,1,0,0.00099487
2021,10,2021-07-18,silverstone,GIO,alfa,1,14,3,0.03877421,0.01149425,0.01831564,0.12413197,0.04594655,0.00549451,0.375,13,+1 Lap,1,0,0.00058505
2021,10,2021-07-18,silverstone,STR,aston_martin,1,15,3,0.03019738,0.22413793,0.02437284,0.18730269,0.27471023,0.07692308,0.5,8,Finished,1,0,0.00103737
2021,10,2021-07-18,silverstone,TSU,alphatauri,1,16,0,0.02351775,0.2183908,0.01376379,0.17945032,0.5,0.04945055,0.0,10,Finished,1,0,0.00091534
2021,10,2021-07-18,silverstone,RAI,alfa,1,17,3,0.01831564,0.01149425,0.03243324,0.13438543,0.10533455,0.00549451,0.625,15,+1 Lap,1,0,0.00065423
2021,10,2021-07-18,silverstone,LAT,williams,1,18,2,0.01426423,0.0,0.01034317,0.05862992,0.20412249,0.0,0.0,14,+1 Lap,1,0,0.000472
2021,10,2021-07-18,silverstone,MSC,haas,1,19,0,0.011109,0.0,0.00777266,0.05864382,0.5,0.0,0.875,18,+1 Lap,1,0,0.0008304
2021,10,2021-07-18,silverstone,MAZ,haas,1,20,0,0.0086517,0.0,0.00584098,0.04952589,0.5,0.0,0.125,17,+1 Lap,1,0,0.00059155
2022,1,2022-03-20,bahrain,LEC,ferrari,0,1,3,1.0,0.0,0.0,1.0,0.20478586,0.0,0.5,1,Finished,1,1,0.32730809
2022,1,2022-03-20,bahrain,VER,red_bull,0,2,3,0.77880078,0.0,0.0,1.0,0.55822551,0.0,0.5,19,Fuel pressure,0,0,0.20179893
2022,1,2022-03-20,bahrain,SAI,ferrari,0,3,3,0.60653066,0.0,0.0,1.0,0.38883163,0.0,0.5,2,Finished,1,0,0.09756853
2022,1,2022-03-20,bahrain,PER,red_bull,0,4,3,0.47236655,0.0,0.0,1.0,0.52242226,0.0,0.5,18,Fuel pressure,0,0,0.06828029
2022,1,2022-03-20,bahrain,HAM,mercedes,0,5,3,0.36787944,0.0,0.0,1.0,1.0,0.0,0.5,3,Finished,1,0,0.06938831
2022,1,2022-03-20,bahrain,BOT,alfa,0,6,3,0.2865048,0.0,0.0,1.0,0.43919836,0.0,0.5,6,Finished,1,0,0.03371456
2022,1,2022-03-20,bahrain,MAG,haas,0,7,3,0.22313016,0.0,0.0,1.0,0.06122845,0.0,0.5,5,Finished,1,0,0.02012734
2022,1,2022-03-20,bahrain,ALO,alpine,0,8,1,0.17377394,0.0,0.0,1.0,0.3,0.0,0.5,9,Finished,1,0,0.0204925
2022,1,2022-03-20,bahrain,RUS,mercedes,0,9,3,0.13533528,0.0,0.0,1.0,0.12318305,0.0,0.5,4,Finished,1,0,0.01561855
2022,1,2022-03-20,bahrain,GAS,alphatauri,0,10,3,0.10539922,0.0,0.0,1.0,0.12667019,0.0,0.5,20,Power Unit,0,0,0.01412709
2022,1,2022-03-20,bahrain,OCO,alpine,0,11,3,0.082085,0.0,0.0,1.0,0.34762625,0.0,0.5,7,Finished,1,0,0.01551405
2022,1,2022-03-20,bahrain,MSC,haas,0,12,1,0.06392786,0.0,0.0,1.0,0.31991483,0.0,0.5,11,Finished,1,0,0.01425903
2022,1,2022-03-20,bahrain,NOR,mclaren,0,13,3,0.04978707,0.0,0.0,1.0,0.42678485,0.0,0.5,15,Finished,1,0,0.01477329
2022,1,2022-03-20,bahrain,ALB,williams,0,14,3,0.03877421,0.0,0.0,1.0,0.42638715,0.0,0.5,13,Finished,1,0,0.01421895
2022,1,2022-03-20,bahrain,ZHO,alfa,0,15,0,0.03019738,0.0,0.0,1.0,0.5,0.0,0.5,10,Finished,1,0,0.01462874
2022,1,2022-03-20,bahrain,TSU,alphatauri,0,16,1,0.02351775,0.0,0.0,1.0,0.38075861,0.0,0.5,8,Finished,1,0,0.01301503
2022,1,2022-03-20,bahrain,HUL,aston_martin,0,17,1,0.01831564,0.0,0.0,1.0,0.3,0.0,0.5,17,Finished,1,0,0.01199641
2022,1,2022-03-20,bahrain,RIC,mclaren,0,18,3,0.01426423,0.0,0.0,1.0,0.348328,0.0,0.5,14,Finished,1,0,0.01228895
2022,1,2022-03-20,bahrain,STR,aston_martin,0,19,3,0.011109,0.0,0.0,1.0,0.28841951,0.0,0.5,12,Finished,1,0,0.0115961
2022,1,2022-03-20,bahrain,LAT,williams,0,20,3,0.0086517,0.0,0.0,1.0,0.01688036,0.0,0.5,16,Finished,1,0,0.00928526
2022,10,2022-07-03,silverstone,SAI,ferrari,0,1,3,1.0,0.54450262,0.0,0.61164827,0.22996398,0.58285714,0.4,1,Finished,1,1,0.19471257
2022,10,2022-07-03,silverstone,VER,red_bull,0,2,3,0.77880078,1.0,0.0,1.0,0.53512093,1.0,0.83333333,7,Finished,1,0,0.59246066
2022,10,2022-07-03,silverstone,LEC,ferrari,0,3,3,0.60653066,0.54450262,0.0,0.38902502,0.74190843,0.72,0.6,4,Finished,1,0,0.07258171
2022,10,2022-07-03,silverstone,PER,red_bull,0,4,2,0.47236655,1.0,0.0,0.68223871,0.20677902,0.73714286,0.16666667,2,Finished,1,0,0.06611345
2022,10,2022-07-03,silverstone,HAM,mercedes,0,5,3,0.36787944,0.58115183,0.0,0.48881812,1.0,0.44,0.22222222,3,Finished,1,0,0.03062174
2022,10,2022-07-03,silverstone,NOR,mclaren,0,6,3,0.2865048,0.09947644,0.0,0.18782074,0.44127085,0.28571429,0.57142857,6,Finished,1,0,0.00555701
2022,10,2022-07-03,silverstone,ALO,alpine,0,7,1,0.22313016,0.18324607,0.0,0.24441938,0.42785174,0.10285714,0.28571429,5,Finished,1,0,0.00400119
2022,10,2022-07-03,silverstone,RUS,mercedes,0,8,3,0.17377394,0.58115183,0.0,0.59698471,0.09144034,0.63428571,0.77777778,18,Collision,0,0,0.01321384
2022,10,2022-07-03,silverstone,ZHO,alfa,0,9,0,0.13533528,0.13612565,0.0,0.06346118,0.5,0.02857143,0.0,19,Collision,0,0,0.00196695
2022,10,2022-07-03,silverstone,LAT,williams,0,10,3,0.10539922,0.0104712,0.0,0.06326501,0.05971952,0.0,0.14285714,12,Finished,1,0,0.00109292
2022,10,2022-07-03,silverstone,GAS,alphatauri,0,11,3,0.082085,0.05759162,0.0,0.16051486,0.18362113,0.09142857,0.6,16,Collision damage,0,0,0.00178219
2022,10,2022-07-03,silverstone,BOT,alfa,0,12,3,0.06392786,0.13612565,0.0,0.27995933,0.58231875,0.26285714,1.0,17,Gearbox,0,0,0.0040804
2022,10,2022-07-03,silverstone,TSU,alphatauri,0,13,1,0.04978707,0.05759162,0.0,0.08727072,0.37016652,0.06285714,0.4,14,Finished,1,0,0.00151175
2022,10,2022-07-03,silverstone,RIC,mclaren,0,14,3,0.03877421,0.09947644,0.0,0.14435227,0.37418454,0.08571429,0.42857143,13,Finished,1,0,0.00170604
2022,10,2022-07-03,silverstone,OCO,alpine,0,15,3,0.03019738,0.18324607,0.0,0.25518008,0.26937968,0.22285714,0.71428571,15,Fuel pump,0,0,0.00249504
2022,10,2022-07-03,silverstone,ALB,williams,0,16,3,0.02351775,0.0104712,0.0,0.09352483,0.32673033,0.01714286,0.85714286,20,Collision,0,0,0.001514
2022,10,2022-07-03,silverstone,MAG,haas,0,17,3,0.01831564,0.0,0.0,0.01745585,0.0,0.08571429,0.5,10,Finished,1,0,0.00092317
2022,10,2022-07-03,silverstone,VET,aston_martin,0,18,3,0.01426423,0.05759162,0.0,0.16686582,0.07728077,0.07428571,0.75,9,Finished,1,0,0.00138779
2022,10,2022-07-03,silverstone,MSC,haas,0,19,1,0.011109,0.0,0.0,0.04482717,0.31416638,0.0,0.5,8,Finished,1,0,0.0011104
2022,10,2022-07-03,silverstone,STR,aston_martin,0,20,3,0.0086517,0.05759162,0.0,0.09971081,0.29186121,0.01714286,0.33333333,11,Finished,1,0,0.0011672
2022,11,2022-07-10,red_bull_ring,VER,red_bull,1,1,3,1.0,1.0,1.0,1.0,1.0,1.0,0.71428571,2,Finished,1,0,0.86062021
2022,11,2022-07-10,red_bull_ring,LEC,ferrari,1,2,3,0.77880078,0.61016949,0.75147729,0.38951194,0.22476508,0.76243094,0.5,1,Finished,1,1,0.05230993
2022,11,2022-07-10,red_bull_ring,SAI,ferrari,1,3,3,0.60653066,0.61016949,0.56471812,0.80228168,0.39691858,0.70165746,0.5,18,Power Unit,0,0,0.04037161
2022,11,2022-07-10,red_bull_ring,RUS,mercedes,1,4,3,0.47236655,0.61581921,0.42437285,0.58888891,0.07873033,0.61325967,0.77777778,4,Finished,1,0,0.01622579
2022,11,2022-07-10,red_bull_ring,OCO,alpine,1,5,3,0.36787944,0.23163842,0.23965104,0.23798875,0.02554664,0.21546961,0.71428571,5,Finished,1,0,0.00302824
2022,11,2022-07-10,red_bull_ring,MAG,haas,1,6,3,0.2865048,0.02824859,0.18009231,0.06214841,0.06115736,0.08839779,0.4,8,+1 Lap,1,0,0.00118988
2022,11,2022-07-10,red_bull_ring,MSC,haas,1,7,2,0.22313016,0.02824859,0.10170139,0.09949457,0.20319857,0.02209945,0.6,6,+1 Lap,1,0,0.00107183
2022,11,2022-07-10,red_bull_ring,ALO,alpine,1,8,2,0.17377394,0.23163842,0.0,0.36648752,0.30173547,0.15469613,0.28571429,10,+1 Lap,1,0,0.00141156
2022,11,2022-07-10,red_bull_ring,HAM,mercedes,1,9,3,0.13533528,0.61581921,0.13533528,0.65098033,0.79695117,0.51381215,0.22222222,3,Finished,1,0,0.00547083
2022,11,2022-07-10,red_bull_ring,GAS,alphatauri,1,10,3,0.10539922,0.06214689,0.01831564,0.18875817,0.11414412,0.08839779,0.6,15,+1 Lap,1,0,0.00076781
2022,11,2022-07-10,red_bull_ring,ALB,williams,1,11,3,0.082085,0.0,0.01376379,0.05914479,0.28460497,0.01657459,0.85714286,12,+1 Lap,1,0,0.00069532
2022,11,2022-07-10,red_bull_ring,BOT,alfa,1,12,3,0.06392786,0.11299435,0.07642629,0.2533808,0.83399838,0.25414365,1.0,11,+1 Lap,1,0,0.00178632
2022,11,2022-07-10,red_bull_ring,PER,red_bull,1,13,3,0.04978707,1.0,0.31890656,0.87024546,0.45990846,0.8121547,0.28571429,20,Collision damage,0,0,0.01046411
2022,11,2022-07-10,red_bull_ring,TSU,alphatauri,1,14,2,0.03877421,0.06214689,0.01034317,0.0934285,0.26862256,0.06077348,0.4,16,+1 Lap,1,0,0.0005705
2022,11,2022-07-10,red_bull_ring,NOR,mclaren,1,15,3,0.03019738,0.15254237,0.05743262,0.31349816,0.59430943,0.32044199,0.625,7,+1 Lap,1,0,0.00133117
2022,11,2022-07-10,red_bull_ring,RIC,mclaren,1,16,3,0.02351775,0.15254237,0.04315931,0.1697517,0.23978226,0.08287293,0.375,9,+1 Lap,1,0,0.0006718
2022,11,2022-07-10,red_bull_ring,STR,aston_martin,1,17,3,0.01831564,0.06779661,0.03243324,0.10971075,0.20339085,0.01657459,0.28571429,13,+1 Lap,1,0,0.00049696
2022,11,2022-07-10,red_bull_ring,ZHO,alfa,1,18,0,0.01426423,0.11299435,0.02437284,0.07462746,0.5,0.02762431,0.0,14,+1 Lap,1,0,0.00054501
2022,11,2022-07-10,red_bull_ring,LAT,williams,1,19,3,0.011109,0.0,0.00777266,0.08359467,0.04849826,0.0,0.14285714,19,Undertray,0,0,0.00035396
2022,11,2022-07-10,red_bull_ring,VET,aston_martin,1,20,3,0.0086517,0.06779661,0.0,0.24706276,0.03811111,0.08287293,0.8,17,+1 Lap,1,0,0.00061718
2023,1,2023-03-05,bahrain,VER,red_bull,0,1,3,1.0,0.0,0.0,1.0,0.30642431,0.0,0.5,1,Finished,1,1,0.3403875
2023,1,2023-03-05,bahrain,PER,red_bull,0,2,3,0.77880078,0.0,0.0,1.0,0.43550315,0.0,0.5,2,Finished,1,0,0.17588324
2023,1,2023-03-05,bahrain,LEC,ferrari,0,3,3,0.60653066,0.0,0.0,1.0,0.67235317,0.0,0.5,19,Retired,0,0,0.11708853
2023,1,2023-03-05,bahrain,SAI,ferrari,0,4,3,0.47236655,0.0,0.0,1.0,0.67675821,0.0,0.5,4,Finished,1,0,0.07401676
2023,1,2023-03-05,bahrain,ALO,aston_martin,0,5,2,0.36787944,0.0,0.0,1.0,0.26580296,0.0,0.5,3,Finished,1,0,0.03736994
2023,1,2023-03-05,bahrain,RUS,mercedes,0,6,3,0.2865048,0.0,0.0,1.0,0.37520391,0.0,0.5,7,Finished,1,0,0.03077534
2023,1,2023-03-05,bahrain,HAM,mercedes,0,7,3,0.22313016,0.0,0.0,1.0,1.0,0.0,0.5,5,Finished,1,0,0.04046016
2023,1,2023-03-05,bahrain,STR,aston_martin,0,8,3,0.17377394,0.0,0.0,1.0,0.30030818,0.0,0.5,6,Finished,1,0,0.01967732
2023,1,2023-03-05,bahrain,OCO,alpine,0,9,3,0.13533528,0.0,0.0,1.0,0.41386615,0.0,0.5,18,Retired,0,0,0.01884924
2023,1,2023-03-05,bahrain,HUL,haas,0,10,1,0.10539922,0.0,0.0,1.0,0.31917893,0.0,0.5,15,Lapped,1,0,0.01578117
2023,1,2023-03-05,bahrain,NOR,mclaren,0,11,3,0.082085,0.0,0.0,1.0,0.28210554,0.0,0.5,17,Lapped,1,0,0.01414453
2023,1,2023-03-05,bahrain,BOT,alfa,0,12,3,0.06392786,0.0,0.0,1.0,0.51349605,0.0,0.5,8,Finished,1,0,0.015942
2023,1,2023-03-05,bahrain,ZHO,alfa,0,13,1,0.04978707,0.0,0.0,1.0,0.3777744,0.0,0.5,16,Lapped,1,0,0.01364538
2023,1,2023-03-05,bahrain,TSU,alphatauri,0,14,2,0.03877421,0.0,0.0,1.0,0.34946906,0.0,0.5,11,Finished,1,0,0.01284796
2023,1,2023-03-05,bahrain,ALB,williams,0,15,3,0.03019738,0.0,0.0,1.0,0.36538858,0.0,0.5,10,Finished,1,0,0.01263128
2023,1,2023-03-05,bahrain,SAR,williams,0,16,0,0.02351775,0.0,0.0,1.0,0.5,0.0,0.5,12,Lapped,1,0,0.013724
2023,1,2023-03-05,bahrain,MAG,haas,0,17,3,0.01831564,0.0,0.0,1.0,0.2738981,0.0,0.5,13,Lapped,1,0,0.01128217
2023,1,2023-03-05,bahrain,PIA,mclaren,0,18,0,0.01426423,0.0,0.0,1.0,0.5,0.0,0.5,20,Retired,0,0,0.01329348
2023,1,2023-03-05,bahrain,DEV,alphatauri,0,19,0,0.011109,0.0,0.0,1.0,0.5,0.0,0.5,14,Lapped,1,0,0.0131498
2023,1,2023-03-05,bahrain,GAS,alpine,0,20,3,0.0086517,0.0,0.0,1.0,0.03617971,0.0,0.5,9,Finished,1,0,0.0090502
2023,9,2023-07-02,red_bull_ring,VER,red_bull,1,1,3,1.0,1.0,1.0,1.0,1.0,1.0,0.75,1,Finished,1,1,0.91749764
2023,9,2023-07-02,red_bull_ring,LEC,ferrari,1,2,3,0.77880078,0.46195652,0.04315931,0.41993229,0.65546878,0.27692308,0.5,2,Finished,1,0,0.02045642
2023,9,2023-07-02,red_bull_ring,SAI,ferrari,1,3,3,0.60653066,0.46195652,0.56471812,0.42416,0.24692248,0.34871795,0.5,6,Finished,1,0,0.01739023
2023,9,2023-07-02,red_bull_ring,NOR,mclaren,1,4,3,0.47236655,0.02717391,0.10170139,0.1195409,0.49292494,0.06153846,0.57142857,4,Finished,1,0,0.00299114
2023,9,2023-07-02,red_bull_ring,HAM,mercedes,1,5,3,0.36787944,0.56521739,0.07642629,0.57559168,0.72513562,0.52307692,0.66666667,8,Finished,1,0,0.01092265
2023,9,2023-07-02,red_bull_ring,STR,aston_martin,1,6,3,0.2865048,0.46195652,0.42437285,0.20374106,0.13747202,0.18974359,0.16666667,9,Finished,1,0,0.00334206
2023,9,2023-07-02,red_bull_ring,ALO,aston_martin,1,7,3,0.22313016,0.46195652,0.31890656,0.65531518,0.1892062,0.6,0.83333333,5,Finished,1,0,0.00686475
2023,9,2023-07-02,red_bull_ring,HUL,haas,1,8,0,0.17377394,0.00543478,0.23965104,0.05477679,0.5,0.03076923,0.33333333,20,Retired,0,0,0.00115879
2023,9,2023-07-02,red_bull_ring,GAS,alpine,1,9,3,0.13533528,0.19565217,0.01831564,0.18639074,0.10013105,0.07692308,0.33333333,10,Finished,1,0,0.00091558
2023,9,2023-07-02,red_bull_ring,ALB,williams,1,10,3,0.10539922,0.0326087,0.03243324,0.12665817,0.24518936,0.03589744,1.0,11,Finished,1,0,0.00093129
2023,9,2023-07-02,red_bull_ring,RUS,mercedes,1,11,3,0.082085,0.56521739,0.13533528,0.39741951,0.3187876,0.33333333,0.33333333,7,Finished,1,0,0.00241386
2023,9,2023-07-02,red_bull_ring,OCO,alpine,1,12,3,0.06392786,0.19565217,0.18009231,0.29597432,0.24097605,0.14871795,0.66666667,14,Lapped,1,0,0.00130922
2023,9,2023-07-02,red_bull_ring,PIA,mclaren,1,13,0,0.04978707,0.02717391,0.05743262,0.11497034,0.5,0.02564103,0.42857143,16,Lapped,1,0,0.00073704
2023,9,2023-07-02,red_bull_ring,BOT,alfa,1,14,3,0.03877421,0.01630435,0.00438936,0.09381083,0.51696187,0.02564103,0.57142857,15,Lapped,1,0,0.00069889
2023,9,2023-07-02,red_bull_ring,PER,red_bull,1,15,3,0.03019738,1.0,0.75147729,0.57799637,0.263493,0.64615385,0.25,3,Finished,1,0,0.00978314
2023,9,2023-07-02,red_bull_ring,TSU,alphatauri,1,16,3,0.02351775,0.00543478,0.01376379,0.11341596,0.10402513,0.01025641,0.83333333,19,Lapped,1,0,0.00056536
2023,9,2023-07-02,red_bull_ring,ZHO,alfa,1,17,1,0.01831564,0.01630435,0.00584098,0.08138836,0.33237715,0.02051282,0.42857143,12,Lapped,1,0,0.00053754
2023,9,2023-07-02,red_bull_ring,SAR,williams,1,18,0,0.01426423,0.0326087,0.00777266,0.02654265,0.5,0.0,0.0,13,Lapped,1,0,0.00047514
2023,9,2023-07-02,red_bull_ring,MAG,haas,1,19,3,0.011109,0.00543478,0.02437284,0.06851437,0.16057574,0.01025641,0.66666667,18,Lapped,1,0,0.00051142
2023,9,2023-07-02,red_bull_ring,DEV,alphatauri,1,20,0,0.0086517,0.00543478,0.01034317,0.05225925,0.5,0.0,0.16666667,17,Lapped,1,0,0.00049786
2023,10,2023-07-09,silverstone,VER,red_bull,0,1,3,1.0,1.0,0.0,1.0,0.45018867,1.0,0.77777778,1,Finished,1,1,0.87252948
2023,10,2023-07-09,silverstone,NOR,mclaren,0,2,3,0.77880078,0.08241758,0.0,0.1845901,0.47929585,0.10480349,0.625,2,Finished,1,0,0.02039547
2023,10,2023-07-09,silverstone,PIA,mclaren,0,3,0,0.60653066,0.08241758,0.0,0.09369258,0.5,0.02183406,0.375,4,Finished,1,0,0.00859797
2023,10,2023-07-09,silverstone,LEC,ferrari,0,4,3,0.47236655,0.47252747,0.0,0.43439027,0.78459314,0.31441048,0.57142857,9,Finished,1,0,0.02417046
2023,10,2023-07-09,silverstone,SAI,ferrari,0,5,3,0.36787944,0.47252747,0.0,0.39249266,0.73208139,0.3580786,0.42857143,10,Finished,1,0,0.01491896
2023,10,2023-07-09,silverstone,RUS,mercedes,0,6,3,0.2865048,0.55494505,0.0,0.39393097,0.05295815,0.31441048,0.42857143,5,Finished,1,0,0.00721766
2023,10,2023-07-09,silverstone,HAM,mercedes,0,7,3,0.22313016,0.55494505,0.0,0.53046777,1.0,0.4628821,0.57142857,3,Finished,1,0,0.01709549
2023,10,2023-07-09,silverstone,ALB,williams,0,8,3,0.17377394,0.03296703,0.0,0.12697274,0.24601469,0.03056769,1.0,8,Finished,1,0,0.00209268
2023,10,2023-07-09,silverstone,ALO,aston_martin,0,9,2,0.13533528,0.43406593,0.0,0.61166095,0.48702997,0.5720524,0.85714286,7,Finished,1,0,0.00966546
2023,10,2023-07-09,silverstone,GAS,alpine,0,10,3,0.10539922,0.2032967,0.0,0.19783842,0.0912534,0.069869,0.42857143,18,Retired,0,0,0.00158251
2023,10,2023-07-09,silverstone,HUL,haas,0,11,2,0.082085,0.00549451,0.0,0.04463848,0.31736082,0.03930131,0.33333333,13,Finished,1,0,0.00102836
2023,10,2023-07-09,silverstone,STR,aston_martin,0,12,3,0.06392786,0.43406593,0.0,0.17649513,0.27639316,0.19213974,0.14285714,14,Finished,1,0,0.00208579
2023,10,2023-07-09,silverstone,OCO,alpine,0,13,3,0.04978707,0.2032967,0.0,0.28793681,0.1486926,0.13537118,0.57142857,20,Retired,0,0,0.00170247
2023,10,2023-07-09,silverstone,SAR,williams,0,14,0,0.03877421,0.03296703,0.0,0.03376655,0.5,0.0,0.0,11,Finished,1,0,0.00086624
2023,10,2023-07-09,silverstone,PER,red_bull,0,15,2,0.03019738,1.0,0.0,0.49110579,0.5784493,0.64628821,0.22222222,6,Finished,1,0,0.0113513
2023,10,2023-07-09,silverstone,BOT,alfa,0,15,3,0.03019738,0.01648352,0.0,0.09589718,0.45198103,0.02183406,0.5,12,Finished,1,0,0.00109988
2023,10,2023-07-09,silverstone,TSU,alphatauri,0,16,2,0.02351775,0.0,0.0,0.08170916,0.26479624,0.00873362,0.71428571,16,Finished,1,0,0.00098045
2023,10,2023-07-09,silverstone,ZHO,alfa,0,17,1,0.01831564,0.01648352,0.0,0.10059835,0.3,0.01746725,0.5,15,Finished,1,0,0.00093826
2023,10,2023-07-09,silverstone,DEV,alphatauri,0,18,0,0.01426423,0.0,0.0,0.0585171,0.5,0.0,0.28571429,17,Finished,1,0,0.00089646
2023,10,2023-07-09,silverstone,MAG,haas,0,19,3,0.011109,0.00549451,0.0,0.05456153,0.09288096,0.00873362,0.66666667,19,Retired,0,0,0.00078464
2024,11,2024-06-30,red_bull_ring,VER,red_bull,1,1,3,1.0,0.87681159,1.0,1.0,1.0,1.0,1.0,5,Finished,1,0,0.76945568
2024,11,2024-06-30,red_bull_ring,NOR,mclaren,1,2,3,0.77880078,1.0,0.56471812,0.95662211,0.52809875,0.68493151,0.8,20,Lapped,1,0,0.14709572
2024,11,2024-06-30,red_bull_ring,RUS,mercedes,1,3,3,0.60653066,0.7173913,0.42437285,0.52936665,0.36323661,0.36986301,0.66666667,1,Finished,1,1,0.02374898
2024,11,2024-06-30,red_bull_ring,SAI,ferrari,1,4,3,0.47236655,0.7826087,0.31890656,0.46263142,0.28582347,0.52968037,0.375,3,Finished,1,0,0.01347196
2024,11,2024-06-30,red_bull_ring,HAM,mercedes,1,5,3,0.36787944,0.7173913,0.23965104,0.53888102,0.47765246,0.3196347,0.33333333,4,Finished,1,0,0.00864547
2024,11,2024-06-30,red_bull_ring,LEC,ferrari,1,6,3,0.2865048,0.7826087,0.18009231,0.66640287,0.79206025,0.67579909,0.66666667,11,Finished,1,0,0.01419293
2024,11,2024-06-30,red_bull_ring,PIA,mclaren,1,7,1,0.22313016,1.0,0.75147729,0.5275828,0.32113375,0.39726027,0.2,2,Finished,1,0,0.01260556
2024,11,2024-06-30,red_bull_ring,PER,red_bull,1,8,3,0.17377394,0.87681159,0.13533528,0.24889004,0.41206648,0.50684932,0.0,7,Finished,1,0,0.00378679
2024,11,2024-06-30,red_bull_ring,HUL,haas,1,9,1,0.13533528,0.0,0.00584098,0.12930297,0.3,0.02739726,0.88888889,6,Finished,1,0,0.00082606
2024,11,2024-06-30,red_bull_ring,OCO,alpine,1,10,3,0.10539922,0.05797101,0.05743262,0.136189,0.18754604,0.01369863,0.625,12,Finished,1,0,0.00071048
2024,11,2024-06-30,red_bull_ring,RIC,rb,1,11,3,0.082085,0.10869565,0.02437284,0.1360858,0.22096807,0.04109589,0.375,9,Finished,1,0,0.0006384
2024,11,2024-06-30,red_bull_ring,MAG,haas,1,12,2,0.06392786,0.0,0.10170139,0.06919494,0.25858205,0.00456621,0.11111111,8,Finished,1,0,0.00048097
2024,11,2024-06-30,red_bull_ring,GAS,alpine,1,13,3,0.04978707,0.05797101,0.04315931,0.17428949,0.14896169,0.02283105,0.375,10,Finished,1,0,0.00054029
2024,11,2024-06-30,red_bull_ring,TSU,rb,1,14,3,0.03877421,0.10869565,0.03243324,0.19459356,0.05671487,0.08675799,0.625,14,Lapped,1,0,0.00061342
2024,11,2024-06-30,red_bull_ring,ALO,aston_martin,1,15,3,0.03019738,0.13043478,0.01831564,0.2014131,0.31242296,0.18721461,0.77777778,18,Lapped,1,0,0.00082992
2024,11,2024-06-30,red_bull_ring,ALB,williams,1,16,2,0.02351775,0.01449275,0.01034317,0.0641672,0.26138434,0.00913242,1.0,15,Lapped,1,0,0.00057391
2024,11,2024-06-30,red_bull_ring,STR,aston_martin,1,17,3,0.01831564,0.13043478,0.07642629,0.16538442,0.14989935,0.07762557,0.22222222,13,Lapped,1,0,0.00054038
2024,11,2024-06-30,red_bull_ring,BOT,sauber,1,18,3,0.01426423,0.0,0.00777266,0.07509257,0.27249385,0.0,0.5,16,Lapped,1,0,0.00044625
2024,11,2024-06-30,red_bull_ring,SAR,williams,1,19,1,0.011109,0.01449275,0.01376379,0.02960463,0.3385082,0.0,0.0,19,Lapped,1,0,0.00036688
2024,11,2024-06-30,red_bull_ring,ZHO,sauber,1,20,2,0.0086517,0.0,0.00438936,0.0803511,0.24105484,0.0,0.5,17,Lapped,1,0,0.00042997
